Processing 1 file(s) with up to 8 processes
Output directory: <REPLAY_OUTPUT_ROOT>/mcap_replay__<RUN_ID>

[OK] <REPLAY_REPO>/venv/bin/python -m python.pipeline.mcap_replay <STONE_SOUP_TRACKING_ROOT>/replay/inputs/cpi_replay_2025-12-10_173948.mcap -o <REPLAY_OUTPUT_ROOT>/mcap_replay__<RUN_ID>/cpi_replay_2025-12-10_173948_replayed.mcap --include-tracker --tracker-type stonesoup-mht --max-cpis 400
[Scoring] nll: prob_detect=0.9, clutter_density=1e-05, log_hit_base=+11.408, log_miss=-2.303

Internal births at 2025-12-10 17:39:48.685000+00:00: kept=1
  birth_state=(x=63.4, vx=0.00, y=1.3, vy=0.00)

Cluster rebuilds scan=0 t=2025-12-10 17:39:48.685000+00:00:
cluster=0 tracks=[0] globals=1 comb_eval=1 comb_feas=1 disagree=0
  logW=-8.000 tids=[0]
SCAN scan=0 t=2025-12-10 17:39:48.685000+00:00 det=1 trees=1 leaves=1 clusters=1 comb_eval=1 comb_feas=1 rebuilt_globals=1 split_clusters=0 split_ops=0 hist_relax_attempts=0 hist_relax_ok=0 hist_relax_keys=0 nscan boundary=-6 in_scope=0 committed_now=0 committed_total=0 disagree=0 births cand=1 tracks_created=1 tracks_kept=1 MAP tracks=1 used=1 unused=0 hit_rate=1.00

Cluster rebuilds scan=1 t=2025-12-10 17:39:48.885000+00:00:
cluster=0 tracks=[0] globals=2 comb_eval=2 comb_feas=2 disagree=0
  logW=0.555 tids=[0]
  logW=-10.303 tids=[0]
SCAN scan=1 t=2025-12-10 17:39:48.885000+00:00 det=1 trees=1 leaves=2 clusters=1 comb_eval=2 comb_feas=2 rebuilt_globals=2 split_clusters=0 split_ops=0 hist_relax_attempts=0 hist_relax_ok=0 hist_relax_keys=0 nscan boundary=-5 in_scope=0 committed_now=0 committed_total=0 disagree=0 births cand=0 tracks_created=0 tracks_kept=0 MAP tracks=1 used=1 unused=0 hit_rate=1.00

Cluster rebuilds scan=2 t=2025-12-10 17:39:49.085000+00:00:
cluster=0 tracks=[0] globals=6 comb_eval=6 comb_feas=6 disagree=0
  logW=9.382 tids=[0]
  logW=5.885 tids=[0]
  logW=-1.748 tids=[0]
  logW=-2.492 tids=[0]
  logW=-3.182 tids=[0]
SCAN scan=2 t=2025-12-10 17:39:49.085000+00:00 det=2 trees=1 leaves=6 clusters=1 comb_eval=6 comb_feas=6 rebuilt_globals=6 split_clusters=0 split_ops=0 hist_relax_attempts=0 hist_relax_ok=0 hist_relax_keys=0 nscan boundary=-4 in_scope=0 committed_now=0 committed_total=0 disagree=0 births cand=0 tracks_created=0 tracks_kept=0 MAP tracks=1 used=1 unused=1 hit_rate=1.00

Cluster rebuilds scan=3 t=2025-12-10 17:39:49.285000+00:00:
cluster=0 tracks=[0] globals=10 comb_eval=10 comb_feas=10 disagree=0
  logW=18.379 tids=[0]
  logW=7.080 tids=[0]
  logW=6.546 tids=[0]
  logW=6.228 tids=[0]
  logW=3.582 tids=[0]
SCAN scan=3 t=2025-12-10 17:39:49.285000+00:00 det=1 trees=1 leaves=10 clusters=1 comb_eval=10 comb_feas=10 rebuilt_globals=10 split_clusters=0 split_ops=0 hist_relax_attempts=0 hist_relax_ok=0 hist_relax_keys=0 nscan boundary=-3 in_scope=0 committed_now=0 committed_total=0 disagree=0 births cand=0 tracks_created=0 tracks_kept=0 MAP tracks=1 used=1 unused=0 hit_rate=1.00

Cluster rebuilds scan=4 t=2025-12-10 17:39:49.485000+00:00:
cluster=0 tracks=[0] globals=20 comb_eval=21 comb_feas=20 disagree=0
  logW=27.711 tids=[0]
  logW=16.076 tids=[0]
  logW=15.874 tids=[0]
  logW=15.694 tids=[0]
  logW=15.423 tids=[0]
SCAN scan=4 t=2025-12-10 17:39:49.485000+00:00 det=2 trees=1 leaves=20 clusters=1 comb_eval=21 comb_feas=20 rebuilt_globals=20 split_clusters=0 split_ops=0 hist_relax_attempts=0 hist_relax_ok=0 hist_relax_keys=0 nscan boundary=-2 in_scope=0 committed_now=0 committed_total=0 disagree=0 births cand=0 tracks_created=0 tracks_kept=0 MAP tracks=1 used=1 unused=1 hit_rate=1.00

Cluster rebuilds scan=5 t=2025-12-10 17:39:49.685000+00:00:
cluster=0 tracks=[0] globals=20 comb_eval=21 comb_feas=20 disagree=0
  logW=36.730 tids=[0]
  logW=25.409 tids=[0]
  logW=24.838 tids=[0]
  logW=24.834 tids=[0]
  logW=24.469 tids=[0]
SCAN scan=5 t=2025-12-10 17:39:49.685000+00:00 det=1 trees=1 leaves=20 clusters=1 comb_eval=21 comb_feas=20 rebuilt_globals=20 split_clusters=0 split_ops=0 hist_relax_attempts=0 hist_relax_ok=0 hist_relax_keys=0 nscan boundary=-1 in_scope=0 committed_now=0 committed_total=0 disagree=0 births cand=0 tracks_created=0 tracks_kept=0 MAP tracks=1 used=1 unused=0 hit_rate=1.00

Cluster rebuilds scan=6 t=2025-12-10 17:39:49.885000+00:00:
cluster=0 tracks=[0] globals=20 comb_eval=21 comb_feas=20 disagree=0
  logW=46.316 tids=[0]
  logW=34.427 tids=[0]
  logW=34.381 tids=[0]
  logW=34.338 tids=[0]
  logW=34.313 tids=[0]
SCAN scan=6 t=2025-12-10 17:39:49.885000+00:00 det=1 trees=1 leaves=20 clusters=1 comb_eval=21 comb_feas=20 rebuilt_globals=20 split_clusters=0 split_ops=0 hist_relax_attempts=0 hist_relax_ok=0 hist_relax_keys=0 nscan boundary=0 in_scope=0 committed_now=0 committed_total=0 disagree=0 births cand=0 tracks_created=0 tracks_kept=0 MAP tracks=1 used=1 unused=0 hit_rate=1.00

Cluster rebuilds scan=7 t=2025-12-10 17:39:50.085000+00:00:
cluster=0 tracks=[0] globals=20 comb_eval=21 comb_feas=20 disagree=6
  logW=55.536 tids=[0]
  logW=44.014 tids=[0]
  logW=43.682 tids=[0]
  logW=43.657 tids=[0]
  logW=43.537 tids=[0]
SCAN scan=7 t=2025-12-10 17:39:50.085000+00:00 det=1 trees=1 leaves=14 clusters=1 comb_eval=21 comb_feas=20 rebuilt_globals=20 split_clusters=0 split_ops=0 hist_relax_attempts=0 hist_relax_ok=0 hist_relax_keys=0 nscan boundary=1 in_scope=1 committed_now=1 committed_total=1 disagree=6 births cand=0 tracks_created=0 tracks_kept=0 MAP tracks=1 used=1 unused=0 hit_rate=1.00
SCAN_NSCAN_COMMITTED scan=7 t=2025-12-10 17:39:50.085000+00:00 boundary=1 0->node1@s1

Cluster rebuilds scan=8 t=2025-12-10 17:39:50.285000+00:00:
cluster=0 tracks=[0] globals=20 comb_eval=21 comb_feas=20 disagree=3
  logW=65.186 tids=[0]
  logW=53.327 tids=[0]
  logW=53.233 tids=[0]
  logW=53.203 tids=[0]
  logW=53.094 tids=[0]
SCAN scan=8 t=2025-12-10 17:39:50.285000+00:00 det=2 trees=1 leaves=17 clusters=1 comb_eval=21 comb_feas=20 rebuilt_globals=20 split_clusters=0 split_ops=0 hist_relax_attempts=0 hist_relax_ok=0 hist_relax_keys=0 nscan boundary=2 in_scope=1 committed_now=1 committed_total=1 disagree=3 births cand=0 tracks_created=0 tracks_kept=0 MAP tracks=1 used=1 unused=1 hit_rate=1.00
SCAN_NSCAN_COMMITTED scan=8 t=2025-12-10 17:39:50.285000+00:00 boundary=2 0->node3@s2

Cluster rebuilds scan=9 t=2025-12-10 17:39:50.485000+00:00:
cluster=0 tracks=[0] globals=20 comb_eval=21 comb_feas=20 disagree=3
  logW=74.741 tids=[0]
  logW=62.884 tids=[0]
  logW=62.882 tids=[0]
  logW=62.656 tids=[0]
  logW=62.604 tids=[0]
SCAN scan=9 t=2025-12-10 17:39:50.485000+00:00 det=2 trees=1 leaves=17 clusters=1 comb_eval=21 comb_feas=20 rebuilt_globals=20 split_clusters=0 split_ops=0 hist_relax_attempts=0 hist_relax_ok=0 hist_relax_keys=0 nscan boundary=3 in_scope=1 committed_now=1 committed_total=1 disagree=3 births cand=0 tracks_created=0 tracks_kept=0 MAP tracks=1 used=1 unused=1 hit_rate=1.00
SCAN_NSCAN_COMMITTED scan=9 t=2025-12-10 17:39:50.485000+00:00 boundary=3 0->node9@s3

Cluster rebuilds scan=10 t=2025-12-10 17:39:50.685000+00:00:
cluster=0 tracks=[0] globals=20 comb_eval=21 comb_feas=20 disagree=2
  logW=84.376 tids=[0]
  logW=72.520 tids=[0]
  logW=72.438 tids=[0]
  logW=72.436 tids=[0]
  logW=72.236 tids=[0]
SCAN scan=10 t=2025-12-10 17:39:50.685000+00:00 det=2 trees=1 leaves=18 clusters=1 comb_eval=21 comb_feas=20 rebuilt_globals=20 split_clusters=0 split_ops=0 hist_relax_attempts=0 hist_relax_ok=0 hist_relax_keys=0 nscan boundary=4 in_scope=1 committed_now=1 committed_total=1 disagree=2 births cand=0 tracks_created=0 tracks_kept=0 MAP tracks=1 used=1 unused=1 hit_rate=1.00
SCAN_NSCAN_COMMITTED scan=10 t=2025-12-10 17:39:50.685000+00:00 boundary=4 0->node19@s4

Cluster rebuilds scan=11 t=2025-12-10 17:39:50.885000+00:00:
cluster=0 tracks=[0] globals=20 comb_eval=21 comb_feas=20 disagree=4
  logW=92.558 tids=[0]
  logW=82.073 tids=[0]
  logW=80.795 tids=[0]
  logW=80.706 tids=[0]
  logW=80.634 tids=[0]
SCAN scan=11 t=2025-12-10 17:39:50.885000+00:00 det=1 trees=1 leaves=16 clusters=1 comb_eval=21 comb_feas=20 rebuilt_globals=20 split_clusters=0 split_ops=0 hist_relax_attempts=0 hist_relax_ok=0 hist_relax_keys=0 nscan boundary=5 in_scope=1 committed_now=1 committed_total=1 disagree=4 births cand=0 tracks_created=0 tracks_kept=0 MAP tracks=1 used=1 unused=0 hit_rate=1.00
SCAN_NSCAN_COMMITTED scan=11 t=2025-12-10 17:39:50.885000+00:00 boundary=5 0->node43@s5

Cluster rebuilds scan=12 t=2025-12-10 17:39:51.085000+00:00:
cluster=0 tracks=[0] globals=20 comb_eval=21 comb_feas=20 disagree=2
  logW=101.036 tids=[0]
  logW=90.255 tids=[0]
  logW=89.594 tids=[0]
  logW=89.405 tids=[0]
  logW=89.351 tids=[0]
SCAN scan=12 t=2025-12-10 17:39:51.085000+00:00 det=1 trees=1 leaves=18 clusters=1 comb_eval=21 comb_feas=20 rebuilt_globals=20 split_clusters=0 split_ops=0 hist_relax_attempts=0 hist_relax_ok=0 hist_relax_keys=0 nscan boundary=6 in_scope=1 committed_now=1 committed_total=1 disagree=2 births cand=0 tracks_created=0 tracks_kept=0 MAP tracks=1 used=1 unused=0 hit_rate=1.00
SCAN_NSCAN_COMMITTED scan=12 t=2025-12-10 17:39:51.085000+00:00 boundary=6 0->node79@s6

Cluster rebuilds scan=13 t=2025-12-10 17:39:51.285000+00:00:
cluster=0 tracks=[0] globals=20 comb_eval=21 comb_feas=20 disagree=3
  logW=109.960 tids=[0]
  logW=99.711 tids=[0]
  logW=98.734 tids=[0]
  logW=98.441 tids=[0]
  logW=98.232 tids=[0]
SCAN scan=13 t=2025-12-10 17:39:51.285000+00:00 det=1 trees=1 leaves=17 clusters=1 comb_eval=21 comb_feas=20 rebuilt_globals=20 split_clusters=0 split_ops=0 hist_relax_attempts=0 hist_relax_ok=0 hist_relax_keys=0 nscan boundary=7 in_scope=1 committed_now=1 committed_total=1 disagree=3 births cand=0 tracks_created=0 tracks_kept=0 MAP tracks=1 used=1 unused=0 hit_rate=1.00
SCAN_NSCAN_COMMITTED scan=13 t=2025-12-10 17:39:51.285000+00:00 boundary=7 0->node117@s7

Cluster rebuilds scan=14 t=2025-12-10 17:39:51.485000+00:00:
cluster=0 tracks=[0] globals=20 comb_eval=21 comb_feas=20 disagree=3
  logW=117.851 tids=[0]
  logW=108.468 tids=[0]
  logW=107.657 tids=[0]
  logW=106.839 tids=[0]
  logW=105.975 tids=[0]
SCAN scan=14 t=2025-12-10 17:39:51.485000+00:00 det=1 trees=1 leaves=17 clusters=1 comb_eval=21 comb_feas=20 rebuilt_globals=20 split_clusters=0 split_ops=0 hist_relax_attempts=0 hist_relax_ok=0 hist_relax_keys=0 nscan boundary=8 in_scope=1 committed_now=1 committed_total=1 disagree=3 births cand=0 tracks_created=0 tracks_kept=0 MAP tracks=1 used=1 unused=0 hit_rate=1.00
SCAN_NSCAN_COMMITTED scan=14 t=2025-12-10 17:39:51.485000+00:00 boundary=8 0->node157@s8

Cluster rebuilds scan=15 t=2025-12-10 17:39:51.685000+00:00:
cluster=0 tracks=[0] globals=20 comb_eval=21 comb_feas=20 disagree=2
  logW=127.191 tids=[0]
  logW=125.955 tids=[0]
  logW=117.747 tids=[0]
  logW=116.844 tids=[0]
  logW=116.263 tids=[0]
SCAN scan=15 t=2025-12-10 17:39:51.685000+00:00 det=2 trees=1 leaves=18 clusters=1 comb_eval=21 comb_feas=20 rebuilt_globals=20 split_clusters=0 split_ops=0 hist_relax_attempts=0 hist_relax_ok=0 hist_relax_keys=0 nscan boundary=9 in_scope=1 committed_now=1 committed_total=1 disagree=2 births cand=0 tracks_created=0 tracks_kept=0 MAP tracks=1 used=1 unused=1 hit_rate=1.00
SCAN_NSCAN_COMMITTED scan=15 t=2025-12-10 17:39:51.685000+00:00 boundary=9 0->node191@s9

Cluster rebuilds scan=16 t=2025-12-10 17:39:51.885000+00:00:
cluster=0 tracks=[0] globals=20 comb_eval=21 comb_feas=20 disagree=2
  logW=136.980 tids=[0]
  logW=135.543 tids=[0]
  logW=132.423 tids=[0]
  logW=127.406 tids=[0]
  logW=126.000 tids=[0]
SCAN scan=16 t=2025-12-10 17:39:51.885000+00:00 det=2 trees=1 leaves=18 clusters=1 comb_eval=21 comb_feas=20 rebuilt_globals=20 split_clusters=0 split_ops=0 hist_relax_attempts=0 hist_relax_ok=0 hist_relax_keys=0 nscan boundary=10 in_scope=1 committed_now=1 committed_total=1 disagree=2 births cand=0 tracks_created=0 tracks_kept=0 MAP tracks=1 used=1 unused=1 hit_rate=1.00
SCAN_NSCAN_COMMITTED scan=16 t=2025-12-10 17:39:51.885000+00:00 boundary=10 0->node226@s10

Cluster rebuilds scan=17 t=2025-12-10 17:39:52.085000+00:00:
cluster=0 tracks=[0] globals=20 comb_eval=21 comb_feas=20 disagree=2
  logW=145.752 tids=[0]
  logW=145.125 tids=[0]
  logW=142.059 tids=[0]
  logW=135.932 tids=[0]
  logW=135.379 tids=[0]
SCAN scan=17 t=2025-12-10 17:39:52.085000+00:00 det=1 trees=1 leaves=18 clusters=1 comb_eval=21 comb_feas=20 rebuilt_globals=20 split_clusters=0 split_ops=0 hist_relax_attempts=0 hist_relax_ok=0 hist_relax_keys=0 nscan boundary=11 in_scope=1 committed_now=1 committed_total=1 disagree=2 births cand=0 tracks_created=0 tracks_kept=0 MAP tracks=1 used=1 unused=0 hit_rate=1.00
SCAN_NSCAN_COMMITTED scan=17 t=2025-12-10 17:39:52.085000+00:00 boundary=11 0->node261@s11

Cluster rebuilds scan=18 t=2025-12-10 17:39:52.285000+00:00:
cluster=0 tracks=[0] globals=20 comb_eval=21 comb_feas=20 disagree=2
  logW=154.616 tids=[0]
  logW=154.594 tids=[0]
  logW=151.947 tids=[0]
  logW=151.863 tids=[0]
  logW=151.118 tids=[0]
SCAN scan=18 t=2025-12-10 17:39:52.285000+00:00 det=2 trees=1 leaves=18 clusters=1 comb_eval=21 comb_feas=20 rebuilt_globals=20 split_clusters=0 split_ops=0 hist_relax_attempts=0 hist_relax_ok=0 hist_relax_keys=0 nscan boundary=12 in_scope=1 committed_now=1 committed_total=1 disagree=2 births cand=0 tracks_created=0 tracks_kept=0 MAP tracks=1 used=1 unused=1 hit_rate=1.00
SCAN_NSCAN_COMMITTED scan=18 t=2025-12-10 17:39:52.285000+00:00 boundary=12 0->node296@s12

Cluster rebuilds scan=19 t=2025-12-10 17:39:52.485000+00:00:
cluster=0 tracks=[0] globals=20 comb_eval=21 comb_feas=20 disagree=2
  logW=162.812 tids=[0]
  logW=162.078 tids=[0]
  logW=157.906 tids=[0]
  logW=157.885 tids=[0]
  logW=157.765 tids=[0]
SCAN scan=19 t=2025-12-10 17:39:52.485000+00:00 det=2 trees=1 leaves=18 clusters=1 comb_eval=21 comb_feas=20 rebuilt_globals=20 split_clusters=0 split_ops=0 hist_relax_attempts=0 hist_relax_ok=0 hist_relax_keys=0 nscan boundary=13 in_scope=1 committed_now=1 committed_total=1 disagree=2 births cand=0 tracks_created=0 tracks_kept=0 MAP tracks=1 used=1 unused=1 hit_rate=1.00
SCAN_NSCAN_COMMITTED scan=19 t=2025-12-10 17:39:52.485000+00:00 boundary=13 0->node328@s13

Cluster rebuilds scan=20 t=2025-12-10 17:39:52.685000+00:00:
cluster=0 tracks=[0] globals=20 comb_eval=21 comb_feas=20 disagree=2
  logW=172.114 tids=[0]
  logW=171.142 tids=[0]
  logW=167.567 tids=[0]
  logW=166.544 tids=[0]
  logW=166.168 tids=[0]
SCAN scan=20 t=2025-12-10 17:39:52.685000+00:00 det=2 trees=1 leaves=18 clusters=1 comb_eval=21 comb_feas=20 rebuilt_globals=20 split_clusters=0 split_ops=0 hist_relax_attempts=0 hist_relax_ok=0 hist_relax_keys=0 nscan boundary=14 in_scope=1 committed_now=1 committed_total=1 disagree=2 births cand=0 tracks_created=0 tracks_kept=0 MAP tracks=1 used=1 unused=1 hit_rate=1.00
SCAN_NSCAN_COMMITTED scan=20 t=2025-12-10 17:39:52.685000+00:00 boundary=14 0->node364@s14

Cluster rebuilds scan=21 t=2025-12-10 17:39:52.885000+00:00:
cluster=0 tracks=[0] globals=20 comb_eval=21 comb_feas=20 disagree=13
  logW=181.086 tids=[0]
  logW=180.029 tids=[0]
  logW=176.207 tids=[0]
  logW=175.225 tids=[0]
  logW=174.704 tids=[0]
SCAN scan=21 t=2025-12-10 17:39:52.885000+00:00 det=2 trees=1 leaves=7 clusters=1 comb_eval=21 comb_feas=20 rebuilt_globals=20 split_clusters=0 split_ops=0 hist_relax_attempts=0 hist_relax_ok=0 hist_relax_keys=0 nscan boundary=15 in_scope=1 committed_now=1 committed_total=1 disagree=13 births cand=0 tracks_created=0 tracks_kept=0 MAP tracks=1 used=1 unused=1 hit_rate=1.00
SCAN_NSCAN_COMMITTED scan=21 t=2025-12-10 17:39:52.885000+00:00 boundary=15 0->node398@s15

Cluster rebuilds scan=22 t=2025-12-10 17:39:53.085000+00:00:
cluster=0 tracks=[0] globals=16 comb_eval=16 comb_feas=16 disagree=0
  logW=190.613 tids=[0]
  logW=184.563 tids=[0]
  logW=180.937 tids=[0]
  logW=180.630 tids=[0]
  logW=179.424 tids=[0]
SCAN scan=22 t=2025-12-10 17:39:53.085000+00:00 det=2 trees=1 leaves=16 clusters=1 comb_eval=16 comb_feas=16 rebuilt_globals=16 split_clusters=0 split_ops=0 hist_relax_attempts=0 hist_relax_ok=0 hist_relax_keys=0 nscan boundary=16 in_scope=1 committed_now=1 committed_total=1 disagree=0 births cand=0 tracks_created=0 tracks_kept=0 MAP tracks=1 used=1 unused=1 hit_rate=1.00
SCAN_NSCAN_COMMITTED scan=22 t=2025-12-10 17:39:53.085000+00:00 boundary=16 0->node449@s16

Internal births at 2025-12-10 17:39:53.285000+00:00: kept=1
  birth_state=(x=126.3, vx=0.00, y=-23.0, vy=0.00)

Cluster rebuilds scan=23 t=2025-12-10 17:39:53.285000+00:00:
cluster=0 tracks=[0] globals=20 comb_eval=21 comb_feas=20 disagree=1
  logW=200.223 tids=[0]
  logW=194.076 tids=[0]
  logW=190.642 tids=[0]
  logW=190.387 tids=[0]
  logW=189.071 tids=[0]
cluster=1 tracks=[1] globals=1 comb_eval=1 comb_feas=1 disagree=0
  logW=-8.000 tids=[1]
SCAN scan=23 t=2025-12-10 17:39:53.285000+00:00 det=3 trees=2 leaves=20 clusters=2 comb_eval=22 comb_feas=21 rebuilt_globals=21 split_clusters=0 split_ops=0 hist_relax_attempts=0 hist_relax_ok=0 hist_relax_keys=0 nscan boundary=17 in_scope=1 committed_now=1 committed_total=1 disagree=1 births cand=1 tracks_created=1 tracks_kept=1 MAP tracks=2 used=2 unused=1 hit_rate=1.00
SCAN_NSCAN_COMMITTED scan=23 t=2025-12-10 17:39:53.285000+00:00 boundary=17 0->node493@s17

Internal births at 2025-12-10 17:39:53.485000+00:00: kept=1
  birth_state=(x=127.0, vx=0.00, y=-16.7, vy=0.00)

Cluster rebuilds scan=24 t=2025-12-10 17:39:53.485000+00:00:
cluster=0 tracks=[0] globals=20 comb_eval=21 comb_feas=20 disagree=13
  logW=209.336 tids=[0]
  logW=203.217 tids=[0]
  logW=199.723 tids=[0]
  logW=199.619 tids=[0]
  logW=197.920 tids=[0]
cluster=1 tracks=[1] globals=1 comb_eval=1 comb_feas=1 disagree=0
  logW=-10.303 tids=[1]
cluster=2 tracks=[2] globals=1 comb_eval=1 comb_feas=1 disagree=0
  logW=-8.000 tids=[2]
SCAN scan=24 t=2025-12-10 17:39:53.485000+00:00 det=3 trees=3 leaves=9 clusters=3 comb_eval=23 comb_feas=22 rebuilt_globals=22 split_clusters=0 split_ops=0 hist_relax_attempts=0 hist_relax_ok=0 hist_relax_keys=0 nscan boundary=18 in_scope=1 committed_now=1 committed_total=1 disagree=13 births cand=1 tracks_created=1 tracks_kept=1 MAP tracks=3 used=2 unused=1 hit_rate=0.83
SCAN_NSCAN_COMMITTED scan=24 t=2025-12-10 17:39:53.485000+00:00 boundary=18 0->node529@s18

Cluster rebuilds scan=25 t=2025-12-10 17:39:53.685000+00:00:
cluster=0 tracks=[0] globals=13 comb_eval=13 comb_feas=13 disagree=0
  logW=217.819 tids=[0]
  logW=207.041 tids=[0]
  logW=207.033 tids=[0]
  logW=205.934 tids=[0]
  logW=205.595 tids=[0]
cluster=1 tracks=[1] globals=1 comb_eval=1 comb_feas=1 disagree=0
  logW=-12.605 tids=[1]
cluster=2 tracks=[2] globals=1 comb_eval=1 comb_feas=1 disagree=0
  logW=-10.303 tids=[2]
SCAN scan=25 t=2025-12-10 17:39:53.685000+00:00 det=1 trees=3 leaves=15 clusters=3 comb_eval=15 comb_feas=15 rebuilt_globals=15 split_clusters=0 split_ops=0 hist_relax_attempts=0 hist_relax_ok=0 hist_relax_keys=0 nscan boundary=19 in_scope=1 committed_now=1 committed_total=1 disagree=0 births cand=0 tracks_created=0 tracks_kept=0 MAP tracks=3 used=1 unused=0 hit_rate=0.61
SCAN_NSCAN_COMMITTED scan=25 t=2025-12-10 17:39:53.685000+00:00 boundary=19 0->node581@s19

Cluster rebuilds scan=26 t=2025-12-10 17:39:53.885000+00:00:
cluster=0 tracks=[0] globals=20 comb_eval=21 comb_feas=20 disagree=0
  logW=227.602 tids=[0]
  logW=216.714 tids=[0]
  logW=216.363 tids=[0]
  logW=215.733 tids=[0]
  logW=215.516 tids=[0]
cluster=1 tracks=[1] globals=1 comb_eval=1 comb_feas=1 disagree=0
  logW=-14.908 tids=[1]
cluster=2 tracks=[2] globals=2 comb_eval=2 comb_feas=2 disagree=0
  logW=-3.992 tids=[2]
  logW=-12.605 tids=[2]
SCAN scan=26 t=2025-12-10 17:39:53.885000+00:00 det=2 trees=3 leaves=23 clusters=3 comb_eval=24 comb_feas=23 rebuilt_globals=23 split_clusters=0 split_ops=0 hist_relax_attempts=0 hist_relax_ok=0 hist_relax_keys=0 nscan boundary=20 in_scope=1 committed_now=1 committed_total=1 disagree=0 births cand=0 tracks_created=0 tracks_kept=0 MAP tracks=3 used=2 unused=0 hit_rate=0.64
SCAN_NSCAN_COMMITTED scan=26 t=2025-12-10 17:39:53.885000+00:00 boundary=20 0->node621@s20

Internal births at 2025-12-10 17:39:54.085000+00:00: kept=1
  birth_state=(x=127.3, vx=0.00, y=-7.0, vy=0.00)

Cluster rebuilds scan=27 t=2025-12-10 17:39:54.085000+00:00:
cluster=0 tracks=[0] globals=20 comb_eval=21 comb_feas=20 disagree=4
  logW=237.091 tids=[0]
  logW=226.043 tids=[0]
  logW=225.847 tids=[0]
  logW=225.300 tids=[0]
  logW=225.193 tids=[0]
cluster=1 tracks=[1] globals=1 comb_eval=1 comb_feas=1 disagree=0
  logW=-17.210 tids=[1]
cluster=2 tracks=[2] globals=2 comb_eval=2 comb_feas=2 disagree=0
  logW=-6.295 tids=[2]
  logW=-14.908 tids=[2]
cluster=3 tracks=[3] globals=1 comb_eval=1 comb_feas=1 disagree=0
  logW=-8.000 tids=[3]
SCAN scan=27 t=2025-12-10 17:39:54.085000+00:00 det=2 trees=4 leaves=20 clusters=4 comb_eval=25 comb_feas=24 rebuilt_globals=24 split_clusters=0 split_ops=0 hist_relax_attempts=0 hist_relax_ok=0 hist_relax_keys=0 nscan boundary=21 in_scope=1 committed_now=1 committed_total=1 disagree=4 births cand=1 tracks_created=1 tracks_kept=1 MAP tracks=4 used=2 unused=0 hit_rate=0.68
SCAN_NSCAN_COMMITTED scan=27 t=2025-12-10 17:39:54.085000+00:00 boundary=21 0->node666@s21

Cluster rebuilds scan=28 t=2025-12-10 17:39:54.285000+00:00:
cluster=0 tracks=[0] globals=20 comb_eval=21 comb_feas=20 disagree=2
  logW=243.894 tids=[0]
  logW=234.789 tids=[0]
  logW=233.120 tids=[0]
  logW=232.942 tids=[0]
  logW=232.217 tids=[0]
cluster=1 tracks=[1] globals=1 comb_eval=1 comb_feas=1 disagree=0
  logW=-19.513 tids=[1]
cluster=2 tracks=[2] globals=2 comb_eval=2 comb_feas=2 disagree=0
  logW=-8.598 tids=[2]
  logW=-17.210 tids=[2]
cluster=3 tracks=[3] globals=1 comb_eval=1 comb_feas=1 disagree=0
  logW=-10.303 tids=[3]
SCAN scan=28 t=2025-12-10 17:39:54.285000+00:00 det=1 trees=4 leaves=22 clusters=4 comb_eval=25 comb_feas=24 rebuilt_globals=24 split_clusters=0 split_ops=0 hist_relax_attempts=0 hist_relax_ok=0 hist_relax_keys=0 nscan boundary=22 in_scope=1 committed_now=1 committed_total=1 disagree=2 births cand=0 tracks_created=0 tracks_kept=0 MAP tracks=4 used=1 unused=0 hit_rate=0.52
SCAN_NSCAN_COMMITTED scan=28 t=2025-12-10 17:39:54.285000+00:00 boundary=22 0->node709@s22

Internal births at 2025-12-10 17:39:54.485000+00:00: kept=1
  birth_state=(x=57.0, vx=0.00, y=1.0, vy=0.00)

Cluster rebuilds scan=29 t=2025-12-10 17:39:54.485000+00:00:
cluster=0 tracks=[0] globals=20 comb_eval=21 comb_feas=20 disagree=2
  logW=253.701 tids=[0]
  logW=243.809 tids=[0]
  logW=242.933 tids=[0]
  logW=242.635 tids=[0]
  logW=241.989 tids=[0]
cluster=1 tracks=[1, 2, 3] globals=8 comb_eval=18 comb_feas=8 disagree=0
  logW=-35.383 tids=[1, 2, 3]
  logW=-36.017 tids=[1, 2, 3]
  logW=-41.226 tids=[1, 2, 3]
  logW=-43.996 tids=[1, 2, 3]
  logW=-45.321 tids=[1, 2, 3]
cluster=2 tracks=[4] globals=1 comb_eval=1 comb_feas=1 disagree=0
  logW=-8.000 tids=[4]
SCAN scan=29 t=2025-12-10 17:39:54.485000+00:00 det=3 trees=5 leaves=27 clusters=3 comb_eval=40 comb_feas=29 rebuilt_globals=29 split_clusters=0 split_ops=0 hist_relax_attempts=0 hist_relax_ok=0 hist_relax_keys=0 nscan boundary=23 in_scope=1 committed_now=1 committed_total=1 disagree=2 births cand=1 tracks_created=1 tracks_kept=1 MAP tracks=5 used=3 unused=0 hit_rate=0.63
SCAN_NSCAN_COMMITTED scan=29 t=2025-12-10 17:39:54.485000+00:00 boundary=23 0->node725@s23
TRACK_LIFECYCLE mode=map_leaf miss_threshold=7 terminated=[1]

Cluster rebuilds scan=30 t=2025-12-10 17:39:54.685000+00:00:
cluster=0 tracks=[0] globals=20 comb_eval=21 comb_feas=20 disagree=6
  logW=263.123 tids=[0]
  logW=253.526 tids=[0]
  logW=252.287 tids=[0]
  logW=251.698 tids=[0]
  logW=251.472 tids=[0]
cluster=1 tracks=[1, 2, 3] globals=8 comb_eval=18 comb_feas=8 disagree=0
  logW=-42.290 tids=[1, 2, 3]
  logW=-42.925 tids=[1, 2, 3]
  logW=-48.134 tids=[1, 2, 3]
  logW=-50.903 tids=[1, 2, 3]
  logW=-52.229 tids=[1, 2, 3]
cluster=2 tracks=[4] globals=1 comb_eval=1 comb_feas=1 disagree=0
  logW=-10.303 tids=[4]
SCAN scan=30 t=2025-12-10 17:39:54.685000+00:00 det=1 trees=4 leaves=21 clusters=3 comb_eval=40 comb_feas=29 rebuilt_globals=29 split_clusters=0 split_ops=0 hist_relax_attempts=0 hist_relax_ok=0 hist_relax_keys=0 nscan boundary=24 in_scope=2 committed_now=2 committed_total=2 disagree=6 births cand=0 tracks_created=0 tracks_kept=0 MAP tracks=4 used=1 unused=0 hit_rate=0.57
SCAN_NSCAN_COMMITTED scan=30 t=2025-12-10 17:39:54.685000+00:00 boundary=24 0->node762@s24, 1->node800@s24

Cluster rebuilds scan=31 t=2025-12-10 17:39:54.885000+00:00:
cluster=0 tracks=[0, 4] globals=20 comb_eval=48 comb_feas=27 disagree=3
  logW=256.316 tids=[0, 4]
  logW=255.148 tids=[0, 4]
  logW=248.215 tids=[0, 4]
  logW=245.892 tids=[0, 4]
  logW=245.551 tids=[0, 4]
cluster=1 tracks=[2, 3] globals=6 comb_eval=10 comb_feas=6 disagree=0
  logW=-22.778 tids=[2, 3]
  logW=-23.412 tids=[2, 3]
  logW=-31.390 tids=[2, 3]
  logW=-32.716 tids=[2, 3]
  logW=-35.180 tids=[2, 3]
SCAN scan=31 t=2025-12-10 17:39:54.885000+00:00 det=1 trees=4 leaves=19 clusters=2 comb_eval=58 comb_feas=33 rebuilt_globals=26 split_clusters=0 split_ops=0 hist_relax_attempts=0 hist_relax_ok=0 hist_relax_keys=0 nscan boundary=25 in_scope=2 committed_now=2 committed_total=3 disagree=3 births cand=0 tracks_created=0 tracks_kept=0 MAP tracks=4 used=1 unused=0 hit_rate=0.50
SCAN_NSCAN_COMMITTED scan=31 t=2025-12-10 17:39:54.885000+00:00 boundary=25 0->node802@s25, 2->node816@s25

Cluster rebuilds scan=32 t=2025-12-10 17:39:55.085000+00:00:
cluster=0 tracks=[0, 4] globals=20 comb_eval=92 comb_feas=31 disagree=2
  logW=263.853 tids=[0, 4]
  logW=261.923 tids=[0, 4]
  logW=259.905 tids=[0, 4]
  logW=259.713 tids=[0, 4]
  logW=254.991 tids=[0, 4]
cluster=1 tracks=[2, 3] globals=12 comb_eval=18 comb_feas=12 disagree=7
  logW=-22.898 tids=[2, 3]
  logW=-27.383 tids=[2, 3]
  logW=-28.017 tids=[2, 3]
  logW=-32.026 tids=[2, 3]
  logW=-32.201 tids=[2, 3]
SCAN scan=32 t=2025-12-10 17:39:55.085000+00:00 det=2 trees=4 leaves=23 clusters=2 comb_eval=110 comb_feas=43 rebuilt_globals=32 split_clusters=0 split_ops=0 hist_relax_attempts=0 hist_relax_ok=0 hist_relax_keys=0 nscan boundary=26 in_scope=2 committed_now=2 committed_total=3 disagree=9 births cand=0 tracks_created=0 tracks_kept=0 MAP tracks=4 used=2 unused=0 hit_rate=0.48
SCAN_NSCAN_COMMITTED scan=32 t=2025-12-10 17:39:55.085000+00:00 boundary=26 0->node817@s26, 2->node843@s26

Cluster rebuilds scan=33 t=2025-12-10 17:39:55.285000+00:00:
cluster=0 tracks=[0, 4] globals=20 comb_eval=203 comb_feas=40 disagree=2
  logW=270.254 tids=[0, 4]
  logW=269.071 tids=[0, 4]
  logW=267.422 tids=[0, 4]
  logW=267.016 tids=[0, 4]
  logW=266.122 tids=[0, 4]
cluster=1 tracks=[2, 3] globals=5 comb_eval=8 comb_feas=5 disagree=0
  logW=-27.503 tids=[2, 3]
  logW=-31.988 tids=[2, 3]
  logW=-32.623 tids=[2, 3]
  logW=-36.806 tids=[2, 3]
  logW=-41.926 tids=[2, 3]
SCAN scan=33 t=2025-12-10 17:39:55.285000+00:00 det=1 trees=4 leaves=24 clusters=2 comb_eval=211 comb_feas=45 rebuilt_globals=25 split_clusters=0 split_ops=0 hist_relax_attempts=0 hist_relax_ok=0 hist_relax_keys=0 nscan boundary=27 in_scope=2 committed_now=2 committed_total=3 disagree=2 births cand=0 tracks_created=0 tracks_kept=0 MAP tracks=4 used=1 unused=0 hit_rate=0.45
SCAN_NSCAN_COMMITTED scan=33 t=2025-12-10 17:39:55.285000+00:00 boundary=27 0->node845@s27, 2->node886@s27

Cluster rebuilds scan=34 t=2025-12-10 17:39:55.485000+00:00:
cluster=0 tracks=[0, 4] globals=20 comb_eval=350 comb_feas=42 disagree=0
  logW=277.356 tids=[0, 4]
  logW=275.490 tids=[0, 4]
  logW=274.758 tids=[0, 4]
  logW=273.427 tids=[0, 4]
  logW=273.395 tids=[0, 4]
cluster=1 tracks=[2, 3] globals=11 comb_eval=18 comb_feas=11 disagree=0
  logW=-30.737 tids=[2, 3]
  logW=-31.068 tids=[2, 3]
  logW=-31.267 tids=[2, 3]
  logW=-32.108 tids=[2, 3]
  logW=-35.556 tids=[2, 3]
SCAN scan=34 t=2025-12-10 17:39:55.485000+00:00 det=2 trees=4 leaves=38 clusters=2 comb_eval=368 comb_feas=53 rebuilt_globals=31 split_clusters=0 split_ops=0 hist_relax_attempts=0 hist_relax_ok=0 hist_relax_keys=0 nscan boundary=28 in_scope=3 committed_now=3 committed_total=4 disagree=0 births cand=0 tracks_created=0 tracks_kept=0 MAP tracks=4 used=2 unused=0 hit_rate=0.42
SCAN_NSCAN_COMMITTED scan=34 t=2025-12-10 17:39:55.485000+00:00 boundary=28 0->node889@s28, 2->node922@s28, 3->node924@s28

Cluster rebuilds scan=35 t=2025-12-10 17:39:55.685000+00:00:
cluster=0 tracks=[0, 4] globals=20 comb_eval=891 comb_feas=46 disagree=0
  logW=284.807 tids=[0, 4]
  logW=282.760 tids=[0, 4]
  logW=282.189 tids=[0, 4]
  logW=280.618 tids=[0, 4]
  logW=280.602 tids=[0, 4]
cluster=1 tracks=[2, 3] globals=11 comb_eval=18 comb_feas=11 disagree=8
  logW=-35.342 tids=[2, 3]
  logW=-35.673 tids=[2, 3]
  logW=-35.873 tids=[2, 3]
  logW=-36.713 tids=[2, 3]
  logW=-40.161 tids=[2, 3]
SCAN scan=35 t=2025-12-10 17:39:55.685000+00:00 det=1 trees=4 leaves=44 clusters=2 comb_eval=909 comb_feas=57 rebuilt_globals=31 split_clusters=0 split_ops=0 hist_relax_attempts=0 hist_relax_ok=0 hist_relax_keys=0 nscan boundary=29 in_scope=3 committed_now=3 committed_total=4 disagree=8 births cand=0 tracks_created=0 tracks_kept=0 MAP tracks=4 used=1 unused=0 hit_rate=0.40
SCAN_NSCAN_COMMITTED scan=35 t=2025-12-10 17:39:55.685000+00:00 boundary=29 0->node925@s29, 2->node964@s29, 3->node967@s29
TRACK_LIFECYCLE mode=map_leaf miss_threshold=7 terminated=[4]

Cluster rebuilds scan=36 t=2025-12-10 17:39:55.885000+00:00:
cluster=0 tracks=[0, 4] globals=20 comb_eval=1558 comb_feas=51 disagree=0
  logW=292.268 tids=[0, 4]
  logW=290.197 tids=[0, 4]
  logW=289.503 tids=[0, 4]
  logW=287.896 tids=[0, 4]
  logW=287.860 tids=[0, 4]
cluster=1 tracks=[2, 3] globals=7 comb_eval=12 comb_feas=7 disagree=0
  logW=-32.698 tids=[2, 3]
  logW=-34.294 tids=[2, 3]
  logW=-38.554 tids=[2, 3]
  logW=-39.620 tids=[2, 3]
  logW=-39.948 tids=[2, 3]
SCAN scan=36 t=2025-12-10 17:39:55.885000+00:00 det=2 trees=3 leaves=26 clusters=2 comb_eval=1570 comb_feas=58 rebuilt_globals=27 split_clusters=0 split_ops=0 hist_relax_attempts=0 hist_relax_ok=0 hist_relax_keys=0 nscan boundary=30 in_scope=4 committed_now=4 committed_total=5 disagree=0 births cand=0 tracks_created=0 tracks_kept=0 MAP tracks=3 used=2 unused=0 hit_rate=0.51
SCAN_NSCAN_COMMITTED scan=36 t=2025-12-10 17:39:55.885000+00:00 boundary=30 0->node970@s30, 2->node1009@s30, 3->node1012@s30, 4->node1014@s30

Cluster rebuilds scan=37 t=2025-12-10 17:39:56.085000+00:00:
cluster=0 tracks=[0] globals=20 comb_eval=20 comb_feas=20 disagree=2
  logW=314.084 tids=[0]
  logW=305.080 tids=[0]
  logW=303.145 tids=[0]
  logW=302.017 tids=[0]
  logW=301.965 tids=[0]
cluster=1 tracks=[2, 3] globals=7 comb_eval=12 comb_feas=7 disagree=0
  logW=-37.303 tids=[2, 3]
  logW=-38.899 tids=[2, 3]
  logW=-43.159 tids=[2, 3]
  logW=-44.225 tids=[2, 3]
  logW=-44.553 tids=[2, 3]
SCAN scan=37 t=2025-12-10 17:39:56.085000+00:00 det=0 trees=3 leaves=24 clusters=2 comb_eval=32 comb_feas=27 rebuilt_globals=27 split_clusters=0 split_ops=0 hist_relax_attempts=0 hist_relax_ok=0 hist_relax_keys=0 nscan boundary=31 in_scope=3 committed_now=3 committed_total=5 disagree=2 births cand=0 tracks_created=0 tracks_kept=0 MAP tracks=3 used=0 unused=0 hit_rate=0.49
SCAN_NSCAN_COMMITTED scan=37 t=2025-12-10 17:39:56.085000+00:00 boundary=31 0->node1015@s31, 2->node1039@s31, 3->node1042@s31

Cluster rebuilds scan=38 t=2025-12-10 17:39:56.285000+00:00:
cluster=0 tracks=[0] globals=20 comb_eval=21 comb_feas=20 disagree=4
  logW=323.164 tids=[0]
  logW=312.392 tids=[0]
  logW=311.781 tids=[0]
  logW=310.967 tids=[0]
  logW=310.897 tids=[0]
cluster=1 tracks=[2, 3] globals=7 comb_eval=12 comb_feas=7 disagree=0
  logW=-41.908 tids=[2, 3]
  logW=-43.505 tids=[2, 3]
  logW=-47.764 tids=[2, 3]
  logW=-48.830 tids=[2, 3]
  logW=-49.158 tids=[2, 3]
SCAN scan=38 t=2025-12-10 17:39:56.285000+00:00 det=1 trees=3 leaves=22 clusters=2 comb_eval=33 comb_feas=27 rebuilt_globals=27 split_clusters=0 split_ops=0 hist_relax_attempts=0 hist_relax_ok=0 hist_relax_keys=0 nscan boundary=32 in_scope=3 committed_now=3 committed_total=5 disagree=4 births cand=0 tracks_created=0 tracks_kept=0 MAP tracks=3 used=1 unused=0 hit_rate=0.47
SCAN_NSCAN_COMMITTED scan=38 t=2025-12-10 17:39:56.285000+00:00 boundary=32 0->node1046@s32, 2->node1069@s32, 3->node1073@s32

Cluster rebuilds scan=39 t=2025-12-10 17:39:56.485000+00:00:
cluster=0 tracks=[0] globals=20 comb_eval=21 comb_feas=20 disagree=6
  logW=332.473 tids=[0]
  logW=321.588 tids=[0]
  logW=321.100 tids=[0]
  logW=320.862 tids=[0]
  logW=320.256 tids=[0]
cluster=1 tracks=[2, 3] globals=7 comb_eval=12 comb_feas=7 disagree=0
  logW=-46.513 tids=[2, 3]
  logW=-48.110 tids=[2, 3]
  logW=-52.369 tids=[2, 3]
  logW=-53.435 tids=[2, 3]
  logW=-53.763 tids=[2, 3]
SCAN scan=39 t=2025-12-10 17:39:56.485000+00:00 det=1 trees=3 leaves=20 clusters=2 comb_eval=33 comb_feas=27 rebuilt_globals=27 split_clusters=0 split_ops=0 hist_relax_attempts=0 hist_relax_ok=0 hist_relax_keys=0 nscan boundary=33 in_scope=3 committed_now=3 committed_total=5 disagree=6 births cand=0 tracks_created=0 tracks_kept=0 MAP tracks=3 used=1 unused=0 hit_rate=0.46
SCAN_NSCAN_COMMITTED scan=39 t=2025-12-10 17:39:56.485000+00:00 boundary=33 0->node1080@s33, 2->node1109@s33, 3->node1110@s33

Cluster rebuilds scan=40 t=2025-12-10 17:39:56.685000+00:00:
cluster=0 tracks=[0] globals=20 comb_eval=21 comb_feas=20 disagree=5
  logW=341.097 tids=[0]
  logW=330.170 tids=[0]
  logW=329.828 tids=[0]
  logW=329.041 tids=[0]
  logW=328.841 tids=[0]
cluster=1 tracks=[2, 3] globals=7 comb_eval=12 comb_feas=7 disagree=5
  logW=-51.118 tids=[2, 3]
  logW=-52.715 tids=[2, 3]
  logW=-56.974 tids=[2, 3]
  logW=-58.041 tids=[2, 3]
  logW=-58.368 tids=[2, 3]
SCAN scan=40 t=2025-12-10 17:39:56.685000+00:00 det=1 trees=3 leaves=18 clusters=2 comb_eval=33 comb_feas=27 rebuilt_globals=27 split_clusters=0 split_ops=0 hist_relax_attempts=0 hist_relax_ok=0 hist_relax_keys=0 nscan boundary=34 in_scope=3 committed_now=3 committed_total=5 disagree=10 births cand=0 tracks_created=0 tracks_kept=0 MAP tracks=3 used=1 unused=0 hit_rate=0.46
SCAN_NSCAN_COMMITTED scan=40 t=2025-12-10 17:39:56.685000+00:00 boundary=34 0->node1120@s34, 2->node1145@s34, 3->node1148@s34

Internal births at 2025-12-10 17:39:56.885000+00:00: kept=1
  birth_state=(x=52.1, vx=0.00, y=-1.0, vy=0.00)
TRACK_LIFECYCLE mode=map_leaf miss_threshold=7 terminated=[2]

Cluster rebuilds scan=41 t=2025-12-10 17:39:56.885000+00:00:
cluster=0 tracks=[0] globals=20 comb_eval=21 comb_feas=20 disagree=5
  logW=350.404 tids=[0]
  logW=339.375 tids=[0]
  logW=338.795 tids=[0]
  logW=338.603 tids=[0]
  logW=338.153 tids=[0]
cluster=1 tracks=[2] globals=1 comb_eval=1 comb_feas=1 disagree=0
  logW=-32.675 tids=[2]
cluster=2 tracks=[3] globals=3 comb_eval=3 comb_feas=3 disagree=0
  logW=-22.999 tids=[3]
  logW=-23.048 tids=[3]
  logW=-30.298 tids=[3]
cluster=3 tracks=[5] globals=1 comb_eval=1 comb_feas=1 disagree=0
  logW=-8.000 tids=[5]
SCAN scan=41 t=2025-12-10 17:39:56.885000+00:00 det=3 trees=3 leaves=19 clusters=4 comb_eval=26 comb_feas=25 rebuilt_globals=25 split_clusters=0 split_ops=0 hist_relax_attempts=0 hist_relax_ok=0 hist_relax_keys=0 nscan boundary=35 in_scope=3 committed_now=3 committed_total=5 disagree=5 births cand=1 tracks_created=1 tracks_kept=1 MAP tracks=3 used=3 unused=0 hit_rate=0.73
SCAN_NSCAN_COMMITTED scan=41 t=2025-12-10 17:39:56.885000+00:00 boundary=35 0->node1166@s35, 2->node1199@s35, 3->node1202@s35

Cluster rebuilds scan=42 t=2025-12-10 17:39:57.085000+00:00:
cluster=0 tracks=[0] globals=20 comb_eval=21 comb_feas=20 disagree=4
  logW=360.142 tids=[0]
  logW=349.152 tids=[0]
  logW=348.136 tids=[0]
  logW=348.102 tids=[0]
  logW=348.100 tids=[0]
cluster=1 tracks=[3] globals=3 comb_eval=3 comb_feas=3 disagree=1
  logW=-25.302 tids=[3]
  logW=-25.351 tids=[3]
  logW=-32.601 tids=[3]
cluster=2 tracks=[5] globals=1 comb_eval=1 comb_feas=1 disagree=0
  logW=-10.303 tids=[5]
SCAN scan=42 t=2025-12-10 17:39:57.085000+00:00 det=1 trees=3 leaves=19 clusters=3 comb_eval=25 comb_feas=24 rebuilt_globals=24 split_clusters=0 split_ops=0 hist_relax_attempts=0 hist_relax_ok=0 hist_relax_keys=0 nscan boundary=36 in_scope=2 committed_now=2 committed_total=5 disagree=5 births cand=0 tracks_created=0 tracks_kept=0 MAP tracks=3 used=1 unused=0 hit_rate=0.55
SCAN_NSCAN_COMMITTED scan=42 t=2025-12-10 17:39:57.085000+00:00 boundary=36 0->node1233@s36, 3->node1278@s36

Cluster rebuilds scan=43 t=2025-12-10 17:39:57.285000+00:00:
cluster=0 tracks=[0, 5] globals=20 comb_eval=150 comb_feas=29 disagree=0
  logW=365.070 tids=[0, 5]
  logW=364.700 tids=[0, 5]
  logW=364.153 tids=[0, 5]
  logW=355.346 tids=[0, 5]
  logW=354.976 tids=[0, 5]
cluster=1 tracks=[3] globals=3 comb_eval=3 comb_feas=3 disagree=0
  logW=-27.605 tids=[3]
  logW=-27.874 tids=[3]
  logW=-34.903 tids=[3]
SCAN scan=43 t=2025-12-10 17:39:57.285000+00:00 det=4 trees=3 leaves=19 clusters=2 comb_eval=153 comb_feas=32 rebuilt_globals=23 split_clusters=0 split_ops=0 hist_relax_attempts=0 hist_relax_ok=0 hist_relax_keys=0 nscan boundary=37 in_scope=2 committed_now=2 committed_total=5 disagree=0 births cand=0 tracks_created=0 tracks_kept=0 MAP tracks=3 used=2 unused=2 hit_rate=0.61
SCAN_NSCAN_COMMITTED scan=43 t=2025-12-10 17:39:57.285000+00:00 boundary=37 0->node1317@s37, 3->node1342@s37

Cluster rebuilds scan=44 t=2025-12-10 17:39:57.485000+00:00:
cluster=0 tracks=[0, 5] globals=20 comb_eval=200 comb_feas=34 disagree=1
  logW=382.970 tids=[0, 5]
  logW=380.763 tids=[0, 5]
  logW=380.072 tids=[0, 5]
  logW=372.611 tids=[0, 5]
  logW=371.861 tids=[0, 5]
cluster=1 tracks=[3] globals=4 comb_eval=4 comb_feas=4 disagree=0
  logW=-29.907 tids=[3]
  logW=-30.176 tids=[3]
  logW=-30.373 tids=[3]
  logW=-37.206 tids=[3]
SCAN scan=44 t=2025-12-10 17:39:57.485000+00:00 det=3 trees=3 leaves=21 clusters=2 comb_eval=204 comb_feas=38 rebuilt_globals=24 split_clusters=0 split_ops=0 hist_relax_attempts=0 hist_relax_ok=0 hist_relax_keys=0 nscan boundary=38 in_scope=2 committed_now=2 committed_total=5 disagree=1 births cand=0 tracks_created=0 tracks_kept=0 MAP tracks=3 used=2 unused=1 hit_rate=0.63
SCAN_NSCAN_COMMITTED scan=44 t=2025-12-10 17:39:57.485000+00:00 boundary=38 0->node1343@s38, 3->node1384@s38

Cluster rebuilds scan=45 t=2025-12-10 17:39:57.685000+00:00:
cluster=0 tracks=[0, 5] globals=20 comb_eval=281 comb_feas=35 disagree=3
  logW=401.267 tids=[0, 5]
  logW=399.117 tids=[0, 5]
  logW=398.702 tids=[0, 5]
  logW=390.833 tids=[0, 5]
  logW=390.319 tids=[0, 5]
cluster=1 tracks=[3] globals=4 comb_eval=4 comb_feas=4 disagree=0
  logW=-32.210 tids=[3]
  logW=-32.479 tids=[3]
  logW=-32.676 tids=[3]
  logW=-39.508 tids=[3]
SCAN scan=45 t=2025-12-10 17:39:57.685000+00:00 det=2 trees=3 leaves=19 clusters=2 comb_eval=285 comb_feas=39 rebuilt_globals=24 split_clusters=0 split_ops=0 hist_relax_attempts=0 hist_relax_ok=0 hist_relax_keys=0 nscan boundary=39 in_scope=2 committed_now=2 committed_total=5 disagree=3 births cand=0 tracks_created=0 tracks_kept=0 MAP tracks=3 used=2 unused=0 hit_rate=0.65
SCAN_NSCAN_COMMITTED scan=45 t=2025-12-10 17:39:57.685000+00:00 boundary=39 0->node1385@s39, 3->node1422@s39

Cluster rebuilds scan=46 t=2025-12-10 17:39:57.885000+00:00:
cluster=0 tracks=[0, 5] globals=20 comb_eval=228 comb_feas=38 disagree=1
  logW=408.388 tids=[0, 5]
  logW=406.399 tids=[0, 5]
  logW=405.824 tids=[0, 5]
  logW=404.549 tids=[0, 5]
  logW=402.572 tids=[0, 5]
cluster=1 tracks=[3] globals=4 comb_eval=4 comb_feas=4 disagree=0
  logW=-34.512 tids=[3]
  logW=-34.781 tids=[3]
  logW=-34.978 tids=[3]
  logW=-41.811 tids=[3]
SCAN scan=46 t=2025-12-10 17:39:57.885000+00:00 det=1 trees=3 leaves=22 clusters=2 comb_eval=232 comb_feas=42 rebuilt_globals=24 split_clusters=0 split_ops=0 hist_relax_attempts=0 hist_relax_ok=0 hist_relax_keys=0 nscan boundary=40 in_scope=2 committed_now=2 committed_total=5 disagree=1 births cand=0 tracks_created=0 tracks_kept=0 MAP tracks=3 used=1 unused=0 hit_rate=0.60
SCAN_NSCAN_COMMITTED scan=46 t=2025-12-10 17:39:57.885000+00:00 boundary=40 0->node1423@s40, 3->node1456@s40

Internal births at 2025-12-10 17:39:58.085000+00:00: kept=1
  birth_state=(x=35.1, vx=0.00, y=-51.7, vy=0.00)

Cluster rebuilds scan=47 t=2025-12-10 17:39:58.085000+00:00:
cluster=0 tracks=[0, 5] globals=20 comb_eval=276 comb_feas=34 disagree=0
  logW=414.549 tids=[0, 5]
  logW=414.163 tids=[0, 5]
  logW=413.262 tids=[0, 5]
  logW=412.173 tids=[0, 5]
  logW=411.984 tids=[0, 5]
cluster=1 tracks=[3] globals=4 comb_eval=4 comb_feas=4 disagree=3
  logW=-36.815 tids=[3]
  logW=-37.084 tids=[3]
  logW=-37.281 tids=[3]
  logW=-44.114 tids=[3]
cluster=2 tracks=[6] globals=1 comb_eval=1 comb_feas=1 disagree=0
  logW=-8.000 tids=[6]
SCAN scan=47 t=2025-12-10 17:39:58.085000+00:00 det=2 trees=4 leaves=25 clusters=3 comb_eval=281 comb_feas=39 rebuilt_globals=25 split_clusters=0 split_ops=0 hist_relax_attempts=0 hist_relax_ok=0 hist_relax_keys=0 nscan boundary=41 in_scope=2 committed_now=2 committed_total=5 disagree=3 births cand=1 tracks_created=1 tracks_kept=1 MAP tracks=4 used=2 unused=0 hit_rate=0.67
SCAN_NSCAN_COMMITTED scan=47 t=2025-12-10 17:39:58.085000+00:00 boundary=41 0->node1457@s41, 3->node1489@s41

Internal births at 2025-12-10 17:39:58.285000+00:00: kept=1
  birth_state=(x=44.4, vx=0.00, y=22.0, vy=0.00)
TRACK_LIFECYCLE mode=map_leaf miss_threshold=7 terminated=[3]

Cluster rebuilds scan=48 t=2025-12-10 17:39:58.285000+00:00:
cluster=0 tracks=[0, 5] globals=20 comb_eval=918 comb_feas=46 disagree=0
  logW=432.418 tids=[0, 5]
  logW=431.981 tids=[0, 5]
  logW=430.919 tids=[0, 5]
  logW=429.938 tids=[0, 5]
  logW=429.798 tids=[0, 5]
cluster=1 tracks=[3] globals=1 comb_eval=1 comb_feas=1 disagree=0
  logW=-39.118 tids=[3]
cluster=2 tracks=[6] globals=1 comb_eval=1 comb_feas=1 disagree=0
  logW=-10.303 tids=[6]
cluster=3 tracks=[7] globals=1 comb_eval=1 comb_feas=1 disagree=0
  logW=-8.000 tids=[7]
SCAN scan=48 t=2025-12-10 17:39:58.285000+00:00 det=3 trees=4 leaves=30 clusters=4 comb_eval=921 comb_feas=49 rebuilt_globals=23 split_clusters=0 split_ops=0 hist_relax_attempts=0 hist_relax_ok=0 hist_relax_keys=0 nscan boundary=42 in_scope=3 committed_now=3 committed_total=6 disagree=0 births cand=1 tracks_created=1 tracks_kept=1 MAP tracks=4 used=3 unused=0 hit_rate=0.78
SCAN_NSCAN_COMMITTED scan=48 t=2025-12-10 17:39:58.285000+00:00 boundary=42 0->node1492@s42, 3->node1523@s42, 5->node1525@s42

Cluster rebuilds scan=49 t=2025-12-10 17:39:58.485000+00:00:
cluster=0 tracks=[0, 5] globals=20 comb_eval=1114 comb_feas=41 disagree=14
  logW=449.617 tids=[0, 5]
  logW=448.684 tids=[0, 5]
  logW=447.265 tids=[0, 5]
  logW=447.222 tids=[0, 5]
  logW=446.919 tids=[0, 5]
cluster=1 tracks=[6] globals=1 comb_eval=1 comb_feas=1 disagree=0
  logW=-12.605 tids=[6]
cluster=2 tracks=[7] globals=1 comb_eval=1 comb_feas=1 disagree=0
  logW=-10.303 tids=[7]
SCAN scan=49 t=2025-12-10 17:39:58.485000+00:00 det=2 trees=4 leaves=16 clusters=3 comb_eval=1116 comb_feas=43 rebuilt_globals=22 split_clusters=0 split_ops=0 hist_relax_attempts=0 hist_relax_ok=0 hist_relax_keys=0 nscan boundary=43 in_scope=2 committed_now=2 committed_total=6 disagree=14 births cand=0 tracks_created=0 tracks_kept=0 MAP tracks=4 used=2 unused=0 hit_rate=0.64
SCAN_NSCAN_COMMITTED scan=49 t=2025-12-10 17:39:58.485000+00:00 boundary=43 0->node1526@s43, 5->node1578@s43

Cluster rebuilds scan=50 t=2025-12-10 17:39:58.685000+00:00:
cluster=0 tracks=[0, 5] globals=20 comb_eval=168 comb_feas=24 disagree=0
  logW=456.768 tids=[0, 5]
  logW=455.623 tids=[0, 5]
  logW=454.495 tids=[0, 5]
  logW=454.431 tids=[0, 5]
  logW=452.166 tids=[0, 5]
cluster=1 tracks=[6] globals=1 comb_eval=1 comb_feas=1 disagree=0
  logW=-14.908 tids=[6]
cluster=2 tracks=[7] globals=1 comb_eval=1 comb_feas=1 disagree=0
  logW=-12.605 tids=[7]
SCAN scan=50 t=2025-12-10 17:39:58.685000+00:00 det=1 trees=4 leaves=23 clusters=3 comb_eval=170 comb_feas=26 rebuilt_globals=22 split_clusters=0 split_ops=0 hist_relax_attempts=0 hist_relax_ok=0 hist_relax_keys=0 nscan boundary=44 in_scope=2 committed_now=2 committed_total=6 disagree=0 births cand=0 tracks_created=0 tracks_kept=0 MAP tracks=4 used=1 unused=0 hit_rate=0.58
SCAN_NSCAN_COMMITTED scan=50 t=2025-12-10 17:39:58.685000+00:00 boundary=44 0->node1581@s44, 5->node1617@s44

Cluster rebuilds scan=51 t=2025-12-10 17:39:58.885000+00:00:
cluster=0 tracks=[0, 5] globals=20 comb_eval=342 comb_feas=32 disagree=0
  logW=462.676 tids=[0, 5]
  logW=461.925 tids=[0, 5]
  logW=460.869 tids=[0, 5]
  logW=460.428 tids=[0, 5]
  logW=459.368 tids=[0, 5]
cluster=1 tracks=[6] globals=1 comb_eval=1 comb_feas=1 disagree=0
  logW=-17.210 tids=[6]
cluster=2 tracks=[7] globals=1 comb_eval=1 comb_feas=1 disagree=0
  logW=-14.908 tids=[7]
SCAN scan=51 t=2025-12-10 17:39:58.885000+00:00 det=1 trees=4 leaves=32 clusters=3 comb_eval=344 comb_feas=34 rebuilt_globals=22 split_clusters=0 split_ops=0 hist_relax_attempts=0 hist_relax_ok=0 hist_relax_keys=0 nscan boundary=45 in_scope=2 committed_now=2 committed_total=6 disagree=0 births cand=0 tracks_created=0 tracks_kept=0 MAP tracks=4 used=1 unused=0 hit_rate=0.55
SCAN_NSCAN_COMMITTED scan=51 t=2025-12-10 17:39:58.885000+00:00 boundary=45 0->node1625@s45, 5->node1653@s45

Internal births at 2025-12-10 17:39:59.085000+00:00: kept=1
  birth_state=(x=114.1, vx=0.00, y=-5.5, vy=0.00)

Cluster rebuilds scan=52 t=2025-12-10 17:39:59.085000+00:00:
cluster=0 tracks=[0, 5] globals=20 comb_eval=238 comb_feas=31 disagree=8
  logW=458.071 tids=[0, 5]
  logW=457.320 tids=[0, 5]
  logW=456.264 tids=[0, 5]
  logW=455.823 tids=[0, 5]
  logW=454.763 tids=[0, 5]
cluster=1 tracks=[6] globals=1 comb_eval=1 comb_feas=1 disagree=0
  logW=-19.513 tids=[6]
cluster=2 tracks=[7] globals=1 comb_eval=1 comb_feas=1 disagree=0
  logW=-17.210 tids=[7]
cluster=3 tracks=[8] globals=1 comb_eval=1 comb_feas=1 disagree=0
  logW=-8.000 tids=[8]
SCAN scan=52 t=2025-12-10 17:39:59.085000+00:00 det=1 trees=5 leaves=19 clusters=4 comb_eval=241 comb_feas=34 rebuilt_globals=23 split_clusters=0 split_ops=0 hist_relax_attempts=0 hist_relax_ok=0 hist_relax_keys=0 nscan boundary=46 in_scope=2 committed_now=2 committed_total=6 disagree=8 births cand=1 tracks_created=1 tracks_kept=1 MAP tracks=5 used=1 unused=0 hit_rate=0.60
SCAN_NSCAN_COMMITTED scan=52 t=2025-12-10 17:39:59.085000+00:00 boundary=46 0->node1670@s46, 5->node1693@s46

Internal births at 2025-12-10 17:39:59.285000+00:00: kept=1
  birth_state=(x=108.9, vx=0.00, y=1.6, vy=0.00)

Cluster rebuilds scan=53 t=2025-12-10 17:39:59.285000+00:00:
cluster=0 tracks=[0, 5] globals=20 comb_eval=252 comb_feas=36 disagree=11
  logW=464.772 tids=[0, 5]
  logW=464.135 tids=[0, 5]
  logW=463.155 tids=[0, 5]
  logW=462.602 tids=[0, 5]
  logW=461.954 tids=[0, 5]
cluster=1 tracks=[6] globals=1 comb_eval=1 comb_feas=1 disagree=0
  logW=-21.816 tids=[6]
cluster=2 tracks=[7] globals=1 comb_eval=1 comb_feas=1 disagree=0
  logW=-19.513 tids=[7]
cluster=3 tracks=[8] globals=1 comb_eval=1 comb_feas=1 disagree=0
  logW=-10.303 tids=[8]
cluster=4 tracks=[9] globals=1 comb_eval=1 comb_feas=1 disagree=0
  logW=-8.000 tids=[9]
SCAN scan=53 t=2025-12-10 17:39:59.285000+00:00 det=2 trees=6 leaves=17 clusters=5 comb_eval=256 comb_feas=40 rebuilt_globals=24 split_clusters=0 split_ops=0 hist_relax_attempts=0 hist_relax_ok=0 hist_relax_keys=0 nscan boundary=47 in_scope=2 committed_now=2 committed_total=6 disagree=11 births cand=1 tracks_created=1 tracks_kept=1 MAP tracks=6 used=2 unused=0 hit_rate=0.58
SCAN_NSCAN_COMMITTED scan=53 t=2025-12-10 17:39:59.285000+00:00 boundary=47 0->node1705@s47, 5->node1730@s47
TRACK_LIFECYCLE mode=map_leaf miss_threshold=7 terminated=[6]

Cluster rebuilds scan=54 t=2025-12-10 17:39:59.485000+00:00:
cluster=0 tracks=[0, 5] globals=19 comb_eval=48 comb_feas=19 disagree=0
  logW=460.167 tids=[0, 5]
  logW=457.997 tids=[0, 5]
  logW=456.529 tids=[0, 5]
  logW=456.452 tids=[0, 5]
  logW=455.550 tids=[0, 5]
cluster=1 tracks=[6] globals=1 comb_eval=1 comb_feas=1 disagree=0
  logW=-24.118 tids=[6]
cluster=2 tracks=[7] globals=1 comb_eval=1 comb_feas=1 disagree=0
  logW=-21.816 tids=[7]
cluster=3 tracks=[8] globals=1 comb_eval=1 comb_feas=1 disagree=0
  logW=-12.605 tids=[8]
cluster=4 tracks=[9] globals=1 comb_eval=1 comb_feas=1 disagree=0
  logW=-10.303 tids=[9]
SCAN scan=54 t=2025-12-10 17:39:59.485000+00:00 det=0 trees=5 leaves=16 clusters=5 comb_eval=52 comb_feas=23 rebuilt_globals=23 split_clusters=0 split_ops=0 hist_relax_attempts=0 hist_relax_ok=0 hist_relax_keys=0 nscan boundary=48 in_scope=3 committed_now=3 committed_total=7 disagree=0 births cand=0 tracks_created=0 tracks_kept=0 MAP tracks=5 used=0 unused=0 hit_rate=0.51
SCAN_NSCAN_COMMITTED scan=54 t=2025-12-10 17:39:59.485000+00:00 boundary=48 0->node1748@s48, 5->node1789@s48, 6->node1813@s48
TRACK_LIFECYCLE mode=map_leaf miss_threshold=7 terminated=[7]

Cluster rebuilds scan=55 t=2025-12-10 17:39:59.685000+00:00:
cluster=0 tracks=[0, 5] globals=20 comb_eval=180 comb_feas=35 disagree=0
  logW=466.902 tids=[0, 5]
  logW=465.392 tids=[0, 5]
  logW=464.563 tids=[0, 5]
  logW=464.536 tids=[0, 5]
  logW=463.545 tids=[0, 5]
cluster=1 tracks=[7] globals=1 comb_eval=1 comb_feas=1 disagree=0
  logW=-24.118 tids=[7]
cluster=2 tracks=[8] globals=1 comb_eval=1 comb_feas=1 disagree=0
  logW=-14.908 tids=[8]
cluster=3 tracks=[9] globals=1 comb_eval=1 comb_feas=1 disagree=0
  logW=-12.605 tids=[9]
SCAN scan=55 t=2025-12-10 17:39:59.685000+00:00 det=1 trees=4 leaves=28 clusters=4 comb_eval=183 comb_feas=38 rebuilt_globals=23 split_clusters=0 split_ops=0 hist_relax_attempts=0 hist_relax_ok=0 hist_relax_keys=0 nscan boundary=49 in_scope=3 committed_now=3 committed_total=8 disagree=0 births cand=0 tracks_created=0 tracks_kept=0 MAP tracks=4 used=1 unused=0 hit_rate=0.54
SCAN_NSCAN_COMMITTED scan=55 t=2025-12-10 17:39:59.685000+00:00 boundary=49 0->node1820@s49, 5->node1861@s49, 7->node1886@s49
TRACK_LIFECYCLE mode=map_leaf miss_threshold=7 terminated=[0]

Cluster rebuilds scan=56 t=2025-12-10 17:39:59.885000+00:00:
cluster=0 tracks=[0, 5] globals=20 comb_eval=180 comb_feas=35 disagree=11
  logW=462.297 tids=[0, 5]
  logW=460.787 tids=[0, 5]
  logW=459.958 tids=[0, 5]
  logW=459.931 tids=[0, 5]
  logW=458.940 tids=[0, 5]
cluster=1 tracks=[8] globals=1 comb_eval=1 comb_feas=1 disagree=0
  logW=-17.210 tids=[8]
cluster=2 tracks=[9] globals=1 comb_eval=1 comb_feas=1 disagree=0
  logW=-14.908 tids=[9]
SCAN scan=56 t=2025-12-10 17:39:59.885000+00:00 det=0 trees=3 leaves=8 clusters=3 comb_eval=182 comb_feas=37 rebuilt_globals=22 split_clusters=0 split_ops=0 hist_relax_attempts=0 hist_relax_ok=0 hist_relax_keys=0 nscan boundary=50 in_scope=2 committed_now=2 committed_total=8 disagree=11 births cand=0 tracks_created=0 tracks_kept=0 MAP tracks=3 used=0 unused=0 hit_rate=0.38
SCAN_NSCAN_COMMITTED scan=56 t=2025-12-10 17:39:59.885000+00:00 boundary=50 0->node1892@s50, 5->node1905@s50

Cluster rebuilds scan=57 t=2025-12-10 17:40:00.085000+00:00:
cluster=0 tracks=[5] globals=6 comb_eval=6 comb_feas=6 disagree=2
  logW=65.543 tids=[5]
  logW=54.202 tids=[5]
  logW=53.885 tids=[5]
  logW=53.808 tids=[5]
  logW=42.896 tids=[5]
cluster=1 tracks=[8, 9] globals=3 comb_eval=6 comb_feas=3 disagree=0
  logW=-29.139 tids=[8, 9]
  logW=-30.270 tids=[8, 9]
  logW=-36.723 tids=[8, 9]
SCAN scan=57 t=2025-12-10 17:40:00.085000+00:00 det=1 trees=3 leaves=8 clusters=2 comb_eval=12 comb_feas=9 rebuilt_globals=9 split_clusters=0 split_ops=0 hist_relax_attempts=0 hist_relax_ok=0 hist_relax_keys=0 nscan boundary=51 in_scope=1 committed_now=1 committed_total=8 disagree=2 births cand=0 tracks_created=0 tracks_kept=0 MAP tracks=3 used=1 unused=0 hit_rate=0.39
SCAN_NSCAN_COMMITTED scan=57 t=2025-12-10 17:40:00.085000+00:00 boundary=51 5->node1941@s51

Cluster rebuilds scan=58 t=2025-12-10 17:40:00.285000+00:00:
cluster=0 tracks=[5] globals=8 comb_eval=8 comb_feas=8 disagree=0
  logW=74.741 tids=[5]
  logW=63.240 tids=[5]
  logW=62.914 tids=[5]
  logW=62.613 tids=[5]
  logW=51.900 tids=[5]
cluster=1 tracks=[8, 9] globals=13 comb_eval=20 comb_feas=13 disagree=0
  logW=-24.853 tids=[8, 9]
  logW=-25.295 tids=[8, 9]
  logW=-26.849 tids=[8, 9]
  logW=-27.403 tids=[8, 9]
  logW=-27.858 tids=[8, 9]
SCAN scan=58 t=2025-12-10 17:40:00.285000+00:00 det=3 trees=3 leaves=16 clusters=2 comb_eval=28 comb_feas=21 rebuilt_globals=21 split_clusters=0 split_ops=0 hist_relax_attempts=0 hist_relax_ok=0 hist_relax_keys=0 nscan boundary=52 in_scope=1 committed_now=1 committed_total=8 disagree=0 births cand=0 tracks_created=0 tracks_kept=0 MAP tracks=3 used=3 unused=0 hit_rate=0.43
SCAN_NSCAN_COMMITTED scan=58 t=2025-12-10 17:40:00.285000+00:00 boundary=52 5->node1973@s52

Cluster rebuilds scan=59 t=2025-12-10 17:40:00.485000+00:00:
cluster=0 tracks=[5] globals=8 comb_eval=8 comb_feas=8 disagree=4
  logW=72.439 tids=[5]
  logW=60.938 tids=[5]
  logW=60.611 tids=[5]
  logW=60.310 tids=[5]
  logW=49.597 tids=[5]
cluster=1 tracks=[8, 9] globals=13 comb_eval=20 comb_feas=13 disagree=0
  logW=-29.458 tids=[8, 9]
  logW=-29.900 tids=[8, 9]
  logW=-31.454 tids=[8, 9]
  logW=-32.008 tids=[8, 9]
  logW=-32.464 tids=[8, 9]
SCAN scan=59 t=2025-12-10 17:40:00.485000+00:00 det=0 trees=3 leaves=12 clusters=2 comb_eval=28 comb_feas=21 rebuilt_globals=21 split_clusters=0 split_ops=0 hist_relax_attempts=0 hist_relax_ok=0 hist_relax_keys=0 nscan boundary=53 in_scope=2 committed_now=2 committed_total=9 disagree=4 births cand=0 tracks_created=0 tracks_kept=0 MAP tracks=3 used=0 unused=0 hit_rate=0.39
SCAN_NSCAN_COMMITTED scan=59 t=2025-12-10 17:40:00.485000+00:00 boundary=53 5->node1999@s53, 8->node2018@s53

Cluster rebuilds scan=60 t=2025-12-10 17:40:00.685000+00:00:
cluster=0 tracks=[5] globals=8 comb_eval=8 comb_feas=8 disagree=0
  logW=80.549 tids=[5]
  logW=70.136 tids=[5]
  logW=68.808 tids=[5]
  logW=68.415 tids=[5]
  logW=58.635 tids=[5]
cluster=1 tracks=[8, 9] globals=13 comb_eval=20 comb_feas=13 disagree=0
  logW=-34.063 tids=[8, 9]
  logW=-34.505 tids=[8, 9]
  logW=-36.060 tids=[8, 9]
  logW=-36.613 tids=[8, 9]
  logW=-37.069 tids=[8, 9]
SCAN scan=60 t=2025-12-10 17:40:00.685000+00:00 det=1 trees=3 leaves=16 clusters=2 comb_eval=28 comb_feas=21 rebuilt_globals=21 split_clusters=0 split_ops=0 hist_relax_attempts=0 hist_relax_ok=0 hist_relax_keys=0 nscan boundary=54 in_scope=3 committed_now=3 committed_total=10 disagree=0 births cand=0 tracks_created=0 tracks_kept=0 MAP tracks=3 used=1 unused=0 hit_rate=0.37
SCAN_NSCAN_COMMITTED scan=60 t=2025-12-10 17:40:00.685000+00:00 boundary=54 5->node2026@s54, 8->node2035@s54, 9->node2036@s54

Cluster rebuilds scan=61 t=2025-12-10 17:40:00.885000+00:00:
cluster=0 tracks=[5] globals=16 comb_eval=16 comb_feas=16 disagree=8
  logW=89.938 tids=[5]
  logW=78.858 tids=[5]
  logW=78.246 tids=[5]
  logW=77.936 tids=[5]
  logW=77.737 tids=[5]
cluster=1 tracks=[8, 9] globals=13 comb_eval=20 comb_feas=13 disagree=0
  logW=-38.668 tids=[8, 9]
  logW=-39.111 tids=[8, 9]
  logW=-40.665 tids=[8, 9]
  logW=-41.218 tids=[8, 9]
  logW=-41.674 tids=[8, 9]
SCAN scan=61 t=2025-12-10 17:40:00.885000+00:00 det=1 trees=3 leaves=16 clusters=2 comb_eval=36 comb_feas=29 rebuilt_globals=29 split_clusters=0 split_ops=0 hist_relax_attempts=0 hist_relax_ok=0 hist_relax_keys=0 nscan boundary=55 in_scope=3 committed_now=3 committed_total=10 disagree=8 births cand=0 tracks_created=0 tracks_kept=0 MAP tracks=3 used=1 unused=0 hit_rate=0.36
SCAN_NSCAN_COMMITTED scan=61 t=2025-12-10 17:40:00.885000+00:00 boundary=55 5->node2049@s55, 8->node2064@s55, 9->node2065@s55

Cluster rebuilds scan=62 t=2025-12-10 17:40:01.085000+00:00:
cluster=0 tracks=[5] globals=8 comb_eval=8 comb_feas=8 disagree=0
  logW=87.635 tids=[5]
  logW=76.555 tids=[5]
  logW=75.943 tids=[5]
  logW=75.633 tids=[5]
  logW=65.531 tids=[5]
cluster=1 tracks=[8, 9] globals=13 comb_eval=20 comb_feas=13 disagree=0
  logW=-43.273 tids=[8, 9]
  logW=-43.716 tids=[8, 9]
  logW=-45.270 tids=[8, 9]
  logW=-45.823 tids=[8, 9]
  logW=-46.279 tids=[8, 9]
SCAN scan=62 t=2025-12-10 17:40:01.085000+00:00 det=0 trees=3 leaves=16 clusters=2 comb_eval=28 comb_feas=21 rebuilt_globals=21 split_clusters=0 split_ops=0 hist_relax_attempts=0 hist_relax_ok=0 hist_relax_keys=0 nscan boundary=56 in_scope=3 committed_now=3 committed_total=10 disagree=0 births cand=0 tracks_created=0 tracks_kept=0 MAP tracks=3 used=0 unused=0 hit_rate=0.34
SCAN_NSCAN_COMMITTED scan=62 t=2025-12-10 17:40:01.085000+00:00 boundary=56 5->node2078@s56, 8->node2092@s56, 9->node2093@s56

Cluster rebuilds scan=63 t=2025-12-10 17:40:01.285000+00:00:
cluster=0 tracks=[5] globals=8 comb_eval=8 comb_feas=8 disagree=0
  logW=85.332 tids=[5]
  logW=74.252 tids=[5]
  logW=73.641 tids=[5]
  logW=73.331 tids=[5]
  logW=63.228 tids=[5]
cluster=1 tracks=[8, 9] globals=20 comb_eval=30 comb_feas=20 disagree=8
  logW=-47.879 tids=[8, 9]
  logW=-48.321 tids=[8, 9]
  logW=-48.920 tids=[8, 9]
  logW=-49.296 tids=[8, 9]
  logW=-49.738 tids=[8, 9]
SCAN scan=63 t=2025-12-10 17:40:01.285000+00:00 det=1 trees=3 leaves=16 clusters=2 comb_eval=38 comb_feas=28 rebuilt_globals=28 split_clusters=0 split_ops=0 hist_relax_attempts=0 hist_relax_ok=0 hist_relax_keys=0 nscan boundary=57 in_scope=3 committed_now=3 committed_total=10 disagree=8 births cand=0 tracks_created=0 tracks_kept=0 MAP tracks=3 used=0 unused=1 hit_rate=0.32
SCAN_NSCAN_COMMITTED scan=63 t=2025-12-10 17:40:01.285000+00:00 boundary=57 5->node2094@s57, 8->node2101@s57, 9->node2103@s57

Cluster rebuilds scan=64 t=2025-12-10 17:40:01.485000+00:00:
cluster=0 tracks=[5] globals=8 comb_eval=8 comb_feas=8 disagree=4
  logW=83.030 tids=[5]
  logW=71.950 tids=[5]
  logW=71.338 tids=[5]
  logW=71.028 tids=[5]
  logW=60.926 tids=[5]
cluster=1 tracks=[8, 9] globals=20 comb_eval=48 comb_feas=25 disagree=18
  logW=-42.082 tids=[8, 9]
  logW=-43.124 tids=[8, 9]
  logW=-43.350 tids=[8, 9]
  logW=-50.109 tids=[8, 9]
  logW=-52.484 tids=[8, 9]
SCAN scan=64 t=2025-12-10 17:40:01.485000+00:00 det=2 trees=3 leaves=7 clusters=2 comb_eval=56 comb_feas=33 rebuilt_globals=28 split_clusters=0 split_ops=0 hist_relax_attempts=0 hist_relax_ok=0 hist_relax_keys=0 nscan boundary=58 in_scope=3 committed_now=3 committed_total=10 disagree=22 births cand=0 tracks_created=0 tracks_kept=0 MAP tracks=3 used=1 unused=1 hit_rate=0.33
SCAN_NSCAN_COMMITTED scan=64 t=2025-12-10 17:40:01.485000+00:00 boundary=58 5->node2104@s58, 8->node2113@s58, 9->node2117@s58
TRACK_LIFECYCLE mode=map_leaf miss_threshold=7 terminated=[8]

Cluster rebuilds scan=65 t=2025-12-10 17:40:01.685000+00:00:
cluster=0 tracks=[5] globals=4 comb_eval=4 comb_feas=4 disagree=0
  logW=80.727 tids=[5]
  logW=69.647 tids=[5]
  logW=69.036 tids=[5]
  logW=58.623 tids=[5]
cluster=1 tracks=[8] globals=1 comb_eval=1 comb_feas=1 disagree=0
  logW=-29.907 tids=[8]
cluster=2 tracks=[9] globals=5 comb_eval=5 comb_feas=5 disagree=0
  logW=-7.541 tids=[9]
  logW=-16.780 tids=[9]
  logW=-17.496 tids=[9]
  logW=-21.019 tids=[9]
  logW=-27.182 tids=[9]
SCAN scan=65 t=2025-12-10 17:40:01.685000+00:00 det=2 trees=2 leaves=9 clusters=3 comb_eval=10 comb_feas=10 rebuilt_globals=10 split_clusters=0 split_ops=0 hist_relax_attempts=0 hist_relax_ok=0 hist_relax_keys=0 nscan boundary=59 in_scope=3 committed_now=3 committed_total=10 disagree=0 births cand=0 tracks_created=0 tracks_kept=0 MAP tracks=2 used=1 unused=1 hit_rate=0.43
SCAN_NSCAN_COMMITTED scan=65 t=2025-12-10 17:40:01.685000+00:00 boundary=59 5->node2120@s59, 8->node2129@s59, 9->node2133@s59

Cluster rebuilds scan=66 t=2025-12-10 17:40:01.885000+00:00:
cluster=0 tracks=[5] globals=4 comb_eval=4 comb_feas=4 disagree=2
  logW=78.425 tids=[5]
  logW=67.345 tids=[5]
  logW=66.733 tids=[5]
  logW=56.321 tids=[5]
cluster=1 tracks=[9] globals=5 comb_eval=5 comb_feas=5 disagree=0
  logW=-9.844 tids=[9]
  logW=-19.083 tids=[9]
  logW=-19.798 tids=[9]
  logW=-23.322 tids=[9]
  logW=-29.484 tids=[9]
SCAN scan=66 t=2025-12-10 17:40:01.885000+00:00 det=0 trees=2 leaves=7 clusters=2 comb_eval=9 comb_feas=9 rebuilt_globals=9 split_clusters=0 split_ops=0 hist_relax_attempts=0 hist_relax_ok=0 hist_relax_keys=0 nscan boundary=60 in_scope=2 committed_now=2 committed_total=10 disagree=2 births cand=0 tracks_created=0 tracks_kept=0 MAP tracks=2 used=0 unused=0 hit_rate=0.41
SCAN_NSCAN_COMMITTED scan=66 t=2025-12-10 17:40:01.885000+00:00 boundary=60 5->node2136@s60, 9->node2149@s60

Cluster rebuilds scan=67 t=2025-12-10 17:40:02.085000+00:00:
cluster=0 tracks=[5] globals=4 comb_eval=4 comb_feas=4 disagree=2
  logW=86.923 tids=[5]
  logW=76.122 tids=[5]
  logW=74.738 tids=[5]
  logW=64.430 tids=[5]
cluster=1 tracks=[9] globals=5 comb_eval=5 comb_feas=5 disagree=0
  logW=-12.147 tids=[9]
  logW=-21.386 tids=[9]
  logW=-22.101 tids=[9]
  logW=-25.625 tids=[9]
  logW=-31.787 tids=[9]
SCAN scan=67 t=2025-12-10 17:40:02.085000+00:00 det=1 trees=2 leaves=7 clusters=2 comb_eval=9 comb_feas=9 rebuilt_globals=9 split_clusters=0 split_ops=0 hist_relax_attempts=0 hist_relax_ok=0 hist_relax_keys=0 nscan boundary=61 in_scope=2 committed_now=2 committed_total=10 disagree=2 births cand=0 tracks_created=0 tracks_kept=0 MAP tracks=2 used=1 unused=0 hit_rate=0.41
SCAN_NSCAN_COMMITTED scan=67 t=2025-12-10 17:40:02.085000+00:00 boundary=61 5->node2152@s61, 9->node2173@s61

Internal births at 2025-12-10 17:40:02.285000+00:00: kept=1
  birth_state=(x=112.3, vx=0.00, y=7.0, vy=0.00)

Cluster rebuilds scan=68 t=2025-12-10 17:40:02.285000+00:00:
cluster=0 tracks=[5] globals=4 comb_eval=4 comb_feas=4 disagree=0
  logW=92.884 tids=[5]
  logW=84.621 tids=[5]
  logW=82.537 tids=[5]
  logW=73.819 tids=[5]
cluster=1 tracks=[9] globals=8 comb_eval=8 comb_feas=8 disagree=0
  logW=-14.449 tids=[9]
  logW=-17.942 tids=[9]
  logW=-23.688 tids=[9]
  logW=-24.403 tids=[9]
  logW=-26.404 tids=[9]
cluster=2 tracks=[10] globals=1 comb_eval=1 comb_feas=1 disagree=0
  logW=-8.000 tids=[10]
SCAN scan=68 t=2025-12-10 17:40:02.285000+00:00 det=4 trees=3 leaves=13 clusters=3 comb_eval=13 comb_feas=13 rebuilt_globals=13 split_clusters=0 split_ops=0 hist_relax_attempts=0 hist_relax_ok=0 hist_relax_keys=0 nscan boundary=62 in_scope=2 committed_now=2 committed_total=10 disagree=0 births cand=1 tracks_created=1 tracks_kept=1 MAP tracks=3 used=2 unused=2 hit_rate=0.61
SCAN_NSCAN_COMMITTED scan=68 t=2025-12-10 17:40:02.285000+00:00 boundary=62 5->node2176@s62, 9->node2189@s62

Cluster rebuilds scan=69 t=2025-12-10 17:40:02.485000+00:00:
cluster=0 tracks=[5] globals=7 comb_eval=7 comb_feas=7 disagree=0
  logW=99.868 tids=[5]
  logW=91.170 tids=[5]
  logW=90.582 tids=[5]
  logW=82.318 tids=[5]
  logW=80.234 tids=[5]
cluster=1 tracks=[9] globals=11 comb_eval=11 comb_feas=11 disagree=0
  logW=-9.200 tids=[9]
  logW=-16.752 tids=[9]
  logW=-17.023 tids=[9]
  logW=-20.245 tids=[9]
  logW=-25.991 tids=[9]
cluster=2 tracks=[10] globals=1 comb_eval=1 comb_feas=1 disagree=0
  logW=-10.303 tids=[10]
SCAN scan=69 t=2025-12-10 17:40:02.485000+00:00 det=2 trees=3 leaves=19 clusters=3 comb_eval=19 comb_feas=19 rebuilt_globals=19 split_clusters=0 split_ops=0 hist_relax_attempts=0 hist_relax_ok=0 hist_relax_keys=0 nscan boundary=63 in_scope=2 committed_now=2 committed_total=10 disagree=0 births cand=0 tracks_created=0 tracks_kept=0 MAP tracks=3 used=2 unused=0 hit_rate=0.46
SCAN_NSCAN_COMMITTED scan=69 t=2025-12-10 17:40:02.485000+00:00 boundary=63 5->node2192@s63, 9->node2206@s63

Cluster rebuilds scan=70 t=2025-12-10 17:40:02.685000+00:00:
cluster=0 tracks=[5] globals=7 comb_eval=7 comb_feas=7 disagree=0
  logW=97.565 tids=[5]
  logW=88.868 tids=[5]
  logW=88.279 tids=[5]
  logW=80.016 tids=[5]
  logW=77.932 tids=[5]
cluster=1 tracks=[9] globals=20 comb_eval=21 comb_feas=20 disagree=14
  logW=-1.635 tids=[9]
  logW=-7.890 tids=[9]
  logW=-10.397 tids=[9]
  logW=-11.503 tids=[9]
  logW=-12.160 tids=[9]
cluster=2 tracks=[10] globals=1 comb_eval=1 comb_feas=1 disagree=0
  logW=-12.605 tids=[10]
SCAN scan=70 t=2025-12-10 17:40:02.685000+00:00 det=2 trees=3 leaves=14 clusters=3 comb_eval=29 comb_feas=28 rebuilt_globals=28 split_clusters=0 split_ops=0 hist_relax_attempts=0 hist_relax_ok=0 hist_relax_keys=0 nscan boundary=64 in_scope=2 committed_now=2 committed_total=10 disagree=14 births cand=0 tracks_created=0 tracks_kept=0 MAP tracks=3 used=1 unused=1 hit_rate=0.41
SCAN_NSCAN_COMMITTED scan=70 t=2025-12-10 17:40:02.685000+00:00 boundary=64 5->node2210@s64, 9->node2224@s64

Cluster rebuilds scan=71 t=2025-12-10 17:40:02.885000+00:00:
cluster=0 tracks=[5] globals=14 comb_eval=14 comb_feas=14 disagree=0
  logW=107.207 tids=[5]
  logW=98.189 tids=[5]
  logW=97.169 tids=[5]
  logW=95.263 tids=[5]
  logW=87.139 tids=[5]
cluster=1 tracks=[9] globals=12 comb_eval=12 comb_feas=12 disagree=4
  logW=7.821 tids=[9]
  logW=1.259 tids=[9]
  logW=-3.277 tids=[9]
  logW=-3.938 tids=[9]
  logW=-9.927 tids=[9]
cluster=2 tracks=[10] globals=2 comb_eval=2 comb_feas=2 disagree=0
  logW=-7.454 tids=[10]
  logW=-14.908 tids=[10]
SCAN scan=71 t=2025-12-10 17:40:02.885000+00:00 det=3 trees=3 leaves=24 clusters=3 comb_eval=28 comb_feas=28 rebuilt_globals=28 split_clusters=0 split_ops=0 hist_relax_attempts=0 hist_relax_ok=0 hist_relax_keys=0 nscan boundary=65 in_scope=2 committed_now=2 committed_total=10 disagree=4 births cand=0 tracks_created=0 tracks_kept=0 MAP tracks=3 used=3 unused=0 hit_rate=0.48
SCAN_NSCAN_COMMITTED scan=71 t=2025-12-10 17:40:02.885000+00:00 boundary=65 5->node2231@s65, 9->node2236@s65

Internal births at 2025-12-10 17:40:03.085000+00:00: kept=1
  birth_state=(x=105.3, vx=0.00, y=-3.3, vy=0.00)

Cluster rebuilds scan=72 t=2025-12-10 17:40:03.085000+00:00:
cluster=0 tracks=[5] globals=20 comb_eval=21 comb_feas=20 disagree=0
  logW=116.829 tids=[5]
  logW=107.859 tids=[5]
  logW=106.351 tids=[5]
  logW=104.904 tids=[5]
  logW=104.661 tids=[5]
cluster=1 tracks=[9] globals=8 comb_eval=8 comb_feas=8 disagree=0
  logW=5.519 tids=[9]
  logW=-1.044 tids=[9]
  logW=-5.580 tids=[9]
  logW=-6.240 tids=[9]
  logW=-12.496 tids=[9]
cluster=2 tracks=[10] globals=2 comb_eval=2 comb_feas=2 disagree=0
  logW=-9.756 tids=[10]
  logW=-17.210 tids=[10]
cluster=3 tracks=[11] globals=1 comb_eval=1 comb_feas=1 disagree=0
  logW=-8.000 tids=[11]
SCAN scan=72 t=2025-12-10 17:40:03.085000+00:00 det=2 trees=4 leaves=31 clusters=4 comb_eval=32 comb_feas=31 rebuilt_globals=31 split_clusters=0 split_ops=0 hist_relax_attempts=0 hist_relax_ok=0 hist_relax_keys=0 nscan boundary=66 in_scope=2 committed_now=2 committed_total=10 disagree=0 births cand=1 tracks_created=1 tracks_kept=1 MAP tracks=4 used=2 unused=0 hit_rate=0.59
SCAN_NSCAN_COMMITTED scan=72 t=2025-12-10 17:40:03.085000+00:00 boundary=66 5->node2241@s66, 9->node2245@s66

Cluster rebuilds scan=73 t=2025-12-10 17:40:03.285000+00:00:
cluster=0 tracks=[5] globals=20 comb_eval=21 comb_feas=20 disagree=11
  logW=126.593 tids=[5]
  logW=126.065 tids=[5]
  logW=117.642 tids=[5]
  logW=116.951 tids=[5]
  logW=115.974 tids=[5]
cluster=1 tracks=[9] globals=8 comb_eval=8 comb_feas=8 disagree=0
  logW=3.216 tids=[9]
  logW=-3.346 tids=[9]
  logW=-7.882 tids=[9]
  logW=-8.543 tids=[9]
  logW=-14.798 tids=[9]
cluster=2 tracks=[10] globals=2 comb_eval=2 comb_feas=2 disagree=0
  logW=-12.059 tids=[10]
  logW=-19.513 tids=[10]
cluster=3 tracks=[11] globals=1 comb_eval=1 comb_feas=1 disagree=0
  logW=-10.303 tids=[11]
SCAN scan=73 t=2025-12-10 17:40:03.285000+00:00 det=2 trees=4 leaves=20 clusters=4 comb_eval=32 comb_feas=31 rebuilt_globals=31 split_clusters=0 split_ops=0 hist_relax_attempts=0 hist_relax_ok=0 hist_relax_keys=0 nscan boundary=67 in_scope=2 committed_now=2 committed_total=10 disagree=11 births cand=0 tracks_created=0 tracks_kept=0 MAP tracks=4 used=1 unused=1 hit_rate=0.44
SCAN_NSCAN_COMMITTED scan=73 t=2025-12-10 17:40:03.285000+00:00 boundary=67 5->node2250@s67, 9->node2254@s67

Cluster rebuilds scan=74 t=2025-12-10 17:40:03.485000+00:00:
cluster=0 tracks=[5] globals=18 comb_eval=18 comb_feas=18 disagree=0
  logW=136.391 tids=[5]
  logW=135.731 tids=[5]
  logW=125.764 tids=[5]
  logW=125.391 tids=[5]
  logW=124.291 tids=[5]
cluster=1 tracks=[9] globals=8 comb_eval=8 comb_feas=8 disagree=0
  logW=0.914 tids=[9]
  logW=-5.649 tids=[9]
  logW=-10.185 tids=[9]
  logW=-10.846 tids=[9]
  logW=-17.101 tids=[9]
cluster=2 tracks=[10, 11] globals=5 comb_eval=8 comb_feas=5 disagree=0
  logW=-16.824 tids=[10, 11]
  logW=-24.278 tids=[10, 11]
  logW=-26.967 tids=[10, 11]
  logW=-28.609 tids=[10, 11]
  logW=-34.421 tids=[10, 11]
SCAN scan=74 t=2025-12-10 17:40:03.485000+00:00 det=2 trees=4 leaves=31 clusters=3 comb_eval=34 comb_feas=31 rebuilt_globals=31 split_clusters=0 split_ops=0 hist_relax_attempts=0 hist_relax_ok=0 hist_relax_keys=0 nscan boundary=68 in_scope=2 committed_now=2 committed_total=10 disagree=0 births cand=0 tracks_created=0 tracks_kept=0 MAP tracks=4 used=2 unused=0 hit_rate=0.47
SCAN_NSCAN_COMMITTED scan=74 t=2025-12-10 17:40:03.485000+00:00 boundary=68 5->node2259@s68, 9->node2263@s68

Internal births at 2025-12-10 17:40:03.685000+00:00: kept=1
  birth_state=(x=83.1, vx=0.00, y=53.2, vy=0.00)

Cluster rebuilds scan=75 t=2025-12-10 17:40:03.685000+00:00:
cluster=0 tracks=[5] globals=18 comb_eval=18 comb_feas=18 disagree=4
  logW=134.088 tids=[5]
  logW=133.428 tids=[5]
  logW=123.461 tids=[5]
  logW=123.088 tids=[5]
  logW=121.988 tids=[5]
cluster=1 tracks=[9, 10, 11] globals=20 comb_eval=229 comb_feas=46 disagree=6
  logW=-12.265 tids=[9, 10, 11]
  logW=-12.605 tids=[9, 10, 11]
  logW=-12.946 tids=[9, 10, 11]
  logW=-13.688 tids=[9, 10, 11]
  logW=-14.369 tids=[9, 10, 11]
cluster=2 tracks=[12] globals=1 comb_eval=1 comb_feas=1 disagree=0
  logW=-8.000 tids=[12]
SCAN scan=75 t=2025-12-10 17:40:03.685000+00:00 det=3 trees=5 leaves=26 clusters=3 comb_eval=248 comb_feas=65 rebuilt_globals=39 split_clusters=0 split_ops=0 hist_relax_attempts=0 hist_relax_ok=0 hist_relax_keys=0 nscan boundary=69 in_scope=3 committed_now=3 committed_total=11 disagree=10 births cand=1 tracks_created=1 tracks_kept=1 MAP tracks=5 used=2 unused=1 hit_rate=0.54
SCAN_NSCAN_COMMITTED scan=75 t=2025-12-10 17:40:03.685000+00:00 boundary=69 5->node2272@s69, 9->node2279@s69, 10->node2290@s69

Internal births at 2025-12-10 17:40:03.885000+00:00: kept=1
  birth_state=(x=99.4, vx=0.00, y=32.3, vy=0.00)

Cluster rebuilds scan=76 t=2025-12-10 17:40:03.885000+00:00:
cluster=0 tracks=[5] globals=20 comb_eval=21 comb_feas=20 disagree=0
  logW=143.528 tids=[5]
  logW=142.907 tids=[5]
  logW=131.786 tids=[5]
  logW=131.265 tids=[5]
  logW=131.259 tids=[5]
cluster=1 tracks=[9, 10, 11] globals=20 comb_eval=109 comb_feas=30 disagree=2
  logW=-9.046 tids=[9, 10, 11]
  logW=-9.387 tids=[9, 10, 11]
  logW=-9.727 tids=[9, 10, 11]
  logW=-11.530 tids=[9, 10, 11]
  logW=-16.500 tids=[9, 10, 11]
cluster=2 tracks=[12] globals=1 comb_eval=1 comb_feas=1 disagree=0
  logW=-10.303 tids=[12]
cluster=3 tracks=[13] globals=1 comb_eval=1 comb_feas=1 disagree=0
  logW=-8.000 tids=[13]
SCAN scan=76 t=2025-12-10 17:40:03.885000+00:00 det=3 trees=6 leaves=35 clusters=4 comb_eval=132 comb_feas=52 rebuilt_globals=42 split_clusters=0 split_ops=0 hist_relax_attempts=0 hist_relax_ok=0 hist_relax_keys=0 nscan boundary=70 in_scope=3 committed_now=3 committed_total=11 disagree=2 births cand=1 tracks_created=1 tracks_kept=1 MAP tracks=6 used=3 unused=0 hit_rate=0.54
SCAN_NSCAN_COMMITTED scan=76 t=2025-12-10 17:40:03.885000+00:00 boundary=70 5->node2291@s70, 9->node2298@s70, 10->node2320@s70

Cluster rebuilds scan=77 t=2025-12-10 17:40:04.085000+00:00:
cluster=0 tracks=[5] globals=20 comb_eval=21 comb_feas=20 disagree=3
  logW=151.963 tids=[5]
  logW=150.947 tids=[5]
  logW=141.226 tids=[5]
  logW=140.605 tids=[5]
  logW=140.594 tids=[5]
cluster=1 tracks=[9, 10, 11] globals=20 comb_eval=144 comb_feas=35 disagree=11
  logW=-5.457 tids=[9, 10, 11]
  logW=-5.797 tids=[9, 10, 11]
  logW=-6.138 tids=[9, 10, 11]
  logW=-12.911 tids=[9, 10, 11]
  logW=-15.830 tids=[9, 10, 11]
cluster=2 tracks=[12] globals=1 comb_eval=1 comb_feas=1 disagree=0
  logW=-12.605 tids=[12]
cluster=3 tracks=[13] globals=1 comb_eval=1 comb_feas=1 disagree=0
  logW=-10.303 tids=[13]
SCAN scan=77 t=2025-12-10 17:40:04.085000+00:00 det=2 trees=6 leaves=30 clusters=4 comb_eval=167 comb_feas=57 rebuilt_globals=42 split_clusters=0 split_ops=0 hist_relax_attempts=0 hist_relax_ok=0 hist_relax_keys=0 nscan boundary=71 in_scope=3 committed_now=3 committed_total=11 disagree=14 births cand=0 tracks_created=0 tracks_kept=0 MAP tracks=6 used=2 unused=0 hit_rate=0.44
SCAN_NSCAN_COMMITTED scan=77 t=2025-12-10 17:40:04.085000+00:00 boundary=71 5->node2321@s71, 9->node2335@s71, 10->node2347@s71
TRACK_LIFECYCLE mode=map_leaf miss_threshold=7 terminated=[10]

Cluster rebuilds scan=78 t=2025-12-10 17:40:04.285000+00:00:
cluster=0 tracks=[5] globals=20 comb_eval=21 comb_feas=20 disagree=4
  logW=158.357 tids=[5]
  logW=157.022 tids=[5]
  logW=149.660 tids=[5]
  logW=148.644 tids=[5]
  logW=148.198 tids=[5]
cluster=1 tracks=[9, 10] globals=3 comb_eval=6 comb_feas=3 disagree=0
  logW=-21.315 tids=[9, 10]
  logW=-21.996 tids=[9, 10]
  logW=-31.868 tids=[9, 10]
cluster=2 tracks=[11] globals=10 comb_eval=10 comb_feas=10 disagree=0
  logW=8.950 tids=[11]
  logW=7.796 tids=[11]
  logW=-1.422 tids=[11]
  logW=-1.547 tids=[11]
  logW=-2.173 tids=[11]
cluster=3 tracks=[12] globals=1 comb_eval=1 comb_feas=1 disagree=0
  logW=-14.908 tids=[12]
cluster=4 tracks=[13] globals=1 comb_eval=1 comb_feas=1 disagree=0
  logW=-12.605 tids=[13]
SCAN scan=78 t=2025-12-10 17:40:04.285000+00:00 det=2 trees=5 leaves=30 clusters=5 comb_eval=39 comb_feas=35 rebuilt_globals=35 split_clusters=0 split_ops=0 hist_relax_attempts=0 hist_relax_ok=0 hist_relax_keys=0 nscan boundary=72 in_scope=3 committed_now=3 committed_total=11 disagree=4 births cand=0 tracks_created=0 tracks_kept=0 MAP tracks=5 used=1 unused=1 hit_rate=0.42
SCAN_NSCAN_COMMITTED scan=78 t=2025-12-10 17:40:04.285000+00:00 boundary=72 5->node2349@s72, 9->node2377@s72, 10->node2385@s72

Internal births at 2025-12-10 17:40:04.485000+00:00: kept=1
  birth_state=(x=100.7, vx=0.00, y=5.4, vy=0.00)

Cluster rebuilds scan=79 t=2025-12-10 17:40:04.485000+00:00:
cluster=0 tracks=[5] globals=20 comb_eval=21 comb_feas=20 disagree=10
  logW=168.110 tids=[5]
  logW=166.789 tids=[5]
  logW=159.004 tids=[5]
  logW=157.897 tids=[5]
  logW=157.641 tids=[5]
cluster=1 tracks=[9] globals=4 comb_eval=4 comb_feas=4 disagree=0
  logW=8.700 tids=[9]
  logW=-0.046 tids=[9]
  logW=-0.116 tids=[9]
  logW=-10.599 tids=[9]
cluster=2 tracks=[11] globals=17 comb_eval=17 comb_feas=17 disagree=0
  logW=17.924 tids=[11]
  logW=7.091 tids=[11]
  logW=6.648 tids=[11]
  logW=6.526 tids=[11]
  logW=5.954 tids=[11]
cluster=3 tracks=[12] globals=1 comb_eval=1 comb_feas=1 disagree=0
  logW=-17.210 tids=[12]
cluster=4 tracks=[13] globals=1 comb_eval=1 comb_feas=1 disagree=0
  logW=-14.908 tids=[13]
cluster=5 tracks=[14] globals=1 comb_eval=1 comb_feas=1 disagree=0
  logW=-8.000 tids=[14]
SCAN scan=79 t=2025-12-10 17:40:04.485000+00:00 det=5 trees=6 leaves=34 clusters=6 comb_eval=45 comb_feas=44 rebuilt_globals=44 split_clusters=0 split_ops=0 hist_relax_attempts=0 hist_relax_ok=0 hist_relax_keys=0 nscan boundary=73 in_scope=3 committed_now=3 committed_total=12 disagree=10 births cand=1 tracks_created=1 tracks_kept=1 MAP tracks=6 used=4 unused=1 hit_rate=0.51
SCAN_NSCAN_COMMITTED scan=79 t=2025-12-10 17:40:04.485000+00:00 boundary=73 5->node2388@s73, 9->node2448@s73, 11->node2458@s73

Cluster rebuilds scan=80 t=2025-12-10 17:40:04.685000+00:00:
cluster=0 tracks=[5] globals=20 comb_eval=20 comb_feas=20 disagree=4
  logW=177.918 tids=[5]
  logW=168.369 tids=[5]
  logW=167.423 tids=[5]
  logW=165.807 tids=[5]
  logW=165.732 tids=[5]
cluster=1 tracks=[9] globals=8 comb_eval=8 comb_feas=8 disagree=0
  logW=17.078 tids=[9]
  logW=8.666 tids=[9]
  logW=7.002 tids=[9]
  logW=6.398 tids=[9]
  logW=-2.349 tids=[9]
cluster=2 tracks=[11] globals=17 comb_eval=17 comb_feas=17 disagree=6
  logW=15.621 tids=[11]
  logW=4.789 tids=[11]
  logW=4.345 tids=[11]
  logW=4.223 tids=[11]
  logW=3.652 tids=[11]
cluster=3 tracks=[12] globals=1 comb_eval=1 comb_feas=1 disagree=0
  logW=-19.513 tids=[12]
cluster=4 tracks=[13] globals=1 comb_eval=1 comb_feas=1 disagree=0
  logW=-17.210 tids=[13]
cluster=5 tracks=[14] globals=1 comb_eval=1 comb_feas=1 disagree=0
  logW=-10.303 tids=[14]
SCAN scan=80 t=2025-12-10 17:40:04.685000+00:00 det=2 trees=6 leaves=38 clusters=6 comb_eval=48 comb_feas=48 rebuilt_globals=48 split_clusters=0 split_ops=0 hist_relax_attempts=0 hist_relax_ok=0 hist_relax_keys=0 nscan boundary=74 in_scope=3 committed_now=3 committed_total=12 disagree=10 births cand=0 tracks_created=0 tracks_kept=0 MAP tracks=6 used=2 unused=0 hit_rate=0.40
SCAN_NSCAN_COMMITTED scan=80 t=2025-12-10 17:40:04.685000+00:00 boundary=74 5->node2459@s74, 9->node2477@s74, 11->node2488@s74

Cluster rebuilds scan=81 t=2025-12-10 17:40:04.885000+00:00:
cluster=0 tracks=[5] globals=20 comb_eval=21 comb_feas=20 disagree=0
  logW=187.031 tids=[5]
  logW=176.794 tids=[5]
  logW=176.713 tids=[5]
  logW=175.616 tids=[5]
  logW=174.897 tids=[5]
cluster=1 tracks=[9, 11] globals=20 comb_eval=110 comb_feas=33 disagree=6
  logW=40.042 tids=[9, 11]
  logW=30.455 tids=[9, 11]
  logW=30.019 tids=[9, 11]
  logW=29.209 tids=[9, 11]
  logW=29.048 tids=[9, 11]
cluster=2 tracks=[12] globals=1 comb_eval=1 comb_feas=1 disagree=0
  logW=-21.816 tids=[12]
cluster=3 tracks=[13] globals=1 comb_eval=1 comb_feas=1 disagree=0
  logW=-19.513 tids=[13]
cluster=4 tracks=[14] globals=1 comb_eval=1 comb_feas=1 disagree=0
  logW=-12.605 tids=[14]
SCAN scan=81 t=2025-12-10 17:40:04.885000+00:00 det=3 trees=6 leaves=35 clusters=5 comb_eval=134 comb_feas=56 rebuilt_globals=43 split_clusters=0 split_ops=0 hist_relax_attempts=0 hist_relax_ok=0 hist_relax_keys=0 nscan boundary=75 in_scope=3 committed_now=3 committed_total=12 disagree=6 births cand=0 tracks_created=0 tracks_kept=0 MAP tracks=6 used=2 unused=1 hit_rate=0.36
SCAN_NSCAN_COMMITTED scan=81 t=2025-12-10 17:40:04.885000+00:00 boundary=75 5->node2490@s75, 9->node2508@s75, 11->node2530@s75

Internal births at 2025-12-10 17:40:05.085000+00:00: kept=1
  birth_state=(x=105.2, vx=0.00, y=-4.6, vy=0.00)
TRACK_LIFECYCLE mode=map_leaf miss_threshold=7 terminated=[12]

Cluster rebuilds scan=82 t=2025-12-10 17:40:05.085000+00:00:
cluster=0 tracks=[5] globals=20 comb_eval=20 comb_feas=20 disagree=6
  logW=184.729 tids=[5]
  logW=174.491 tids=[5]
  logW=174.410 tids=[5]
  logW=173.313 tids=[5]
  logW=172.595 tids=[5]
cluster=1 tracks=[9, 14] globals=18 comb_eval=26 comb_feas=18 disagree=0
  logW=20.977 tids=[9, 14]
  logW=15.338 tids=[9, 14]
  logW=10.688 tids=[9, 14]
  logW=10.286 tids=[9, 14]
  logW=9.513 tids=[9, 14]
cluster=2 tracks=[11] globals=6 comb_eval=6 comb_feas=6 disagree=3
  logW=11.016 tids=[11]
  logW=0.183 tids=[11]
  logW=-0.260 tids=[11]
  logW=-0.382 tids=[11]
  logW=-1.414 tids=[11]
cluster=3 tracks=[12] globals=1 comb_eval=1 comb_feas=1 disagree=0
  logW=-24.118 tids=[12]
cluster=4 tracks=[13] globals=1 comb_eval=1 comb_feas=1 disagree=0
  logW=-21.816 tids=[13]
cluster=5 tracks=[15] globals=1 comb_eval=1 comb_feas=1 disagree=0
  logW=-8.000 tids=[15]
SCAN scan=82 t=2025-12-10 17:40:05.085000+00:00 det=2 trees=6 leaves=33 clusters=6 comb_eval=55 comb_feas=47 rebuilt_globals=47 split_clusters=0 split_ops=0 hist_relax_attempts=0 hist_relax_ok=0 hist_relax_keys=0 nscan boundary=76 in_scope=4 committed_now=4 committed_total=13 disagree=9 births cand=1 tracks_created=1 tracks_kept=1 MAP tracks=6 used=2 unused=0 hit_rate=0.48
SCAN_NSCAN_COMMITTED scan=82 t=2025-12-10 17:40:05.085000+00:00 boundary=76 5->node2534@s76, 9->node2562@s76, 11->node2572@s76, 12->node2577@s76
TRACK_LIFECYCLE mode=map_leaf miss_threshold=7 terminated=[13]

Cluster rebuilds scan=83 t=2025-12-10 17:40:05.285000+00:00:
cluster=0 tracks=[5] globals=20 comb_eval=21 comb_feas=20 disagree=2
  logW=194.353 tids=[5]
  logW=184.087 tids=[5]
  logW=182.681 tids=[5]
  logW=182.426 tids=[5]
  logW=182.161 tids=[5]
cluster=1 tracks=[9, 11, 14] globals=20 comb_eval=147 comb_feas=42 disagree=2
  logW=31.069 tids=[9, 11, 14]
  logW=25.085 tids=[9, 11, 14]
  logW=22.988 tids=[9, 11, 14]
  logW=20.780 tids=[9, 11, 14]
  logW=20.378 tids=[9, 11, 14]
cluster=2 tracks=[13] globals=1 comb_eval=1 comb_feas=1 disagree=0
  logW=-24.118 tids=[13]
cluster=3 tracks=[15] globals=1 comb_eval=1 comb_feas=1 disagree=0
  logW=-10.303 tids=[15]
SCAN scan=83 t=2025-12-10 17:40:05.285000+00:00 det=2 trees=5 leaves=30 clusters=4 comb_eval=170 comb_feas=64 rebuilt_globals=42 split_clusters=0 split_ops=0 hist_relax_attempts=0 hist_relax_ok=0 hist_relax_keys=0 nscan boundary=77 in_scope=4 committed_now=4 committed_total=14 disagree=4 births cand=0 tracks_created=0 tracks_kept=0 MAP tracks=5 used=2 unused=0 hit_rate=0.47
SCAN_NSCAN_COMMITTED scan=83 t=2025-12-10 17:40:05.285000+00:00 boundary=77 5->node2579@s77, 9->node2619@s77, 11->node2629@s77, 13->node2639@s77

Cluster rebuilds scan=84 t=2025-12-10 17:40:05.485000+00:00:
cluster=0 tracks=[5] globals=18 comb_eval=18 comb_feas=18 disagree=7
  logW=192.051 tids=[5]
  logW=181.784 tids=[5]
  logW=180.379 tids=[5]
  logW=180.124 tids=[5]
  logW=179.858 tids=[5]
cluster=1 tracks=[9, 11, 14] globals=20 comb_eval=99 comb_feas=34 disagree=0
  logW=25.484 tids=[9, 11, 14]
  logW=24.785 tids=[9, 11, 14]
  logW=24.161 tids=[9, 11, 14]
  logW=23.387 tids=[9, 11, 14]
  logW=19.602 tids=[9, 11, 14]
cluster=2 tracks=[15] globals=1 comb_eval=1 comb_feas=1 disagree=0
  logW=-12.605 tids=[15]
SCAN scan=84 t=2025-12-10 17:40:05.485000+00:00 det=1 trees=5 leaves=26 clusters=3 comb_eval=118 comb_feas=53 rebuilt_globals=39 split_clusters=0 split_ops=0 hist_relax_attempts=0 hist_relax_ok=0 hist_relax_keys=0 nscan boundary=78 in_scope=3 committed_now=3 committed_total=14 disagree=7 births cand=0 tracks_created=0 tracks_kept=0 MAP tracks=5 used=1 unused=0 hit_rate=0.41
SCAN_NSCAN_COMMITTED scan=84 t=2025-12-10 17:40:05.485000+00:00 boundary=78 5->node2640@s78, 9->node2670@s78, 11->node2674@s78

Cluster rebuilds scan=85 t=2025-12-10 17:40:05.685000+00:00:
cluster=0 tracks=[5] globals=11 comb_eval=11 comb_feas=11 disagree=4
  logW=189.748 tids=[5]
  logW=178.076 tids=[5]
  logW=177.821 tids=[5]
  logW=177.555 tids=[5]
  logW=177.433 tids=[5]
cluster=1 tracks=[9, 11, 14] globals=20 comb_eval=99 comb_feas=34 disagree=13
  logW=18.576 tids=[9, 11, 14]
  logW=17.877 tids=[9, 11, 14]
  logW=17.253 tids=[9, 11, 14]
  logW=16.479 tids=[9, 11, 14]
  logW=12.694 tids=[9, 11, 14]
cluster=2 tracks=[15] globals=1 comb_eval=1 comb_feas=1 disagree=0
  logW=-14.908 tids=[15]
SCAN scan=85 t=2025-12-10 17:40:05.685000+00:00 det=0 trees=5 leaves=17 clusters=3 comb_eval=111 comb_feas=46 rebuilt_globals=32 split_clusters=0 split_ops=0 hist_relax_attempts=0 hist_relax_ok=0 hist_relax_keys=0 nscan boundary=79 in_scope=3 committed_now=3 committed_total=14 disagree=17 births cand=0 tracks_created=0 tracks_kept=0 MAP tracks=5 used=0 unused=0 hit_rate=0.38
SCAN_NSCAN_COMMITTED scan=85 t=2025-12-10 17:40:05.685000+00:00 boundary=79 5->node2686@s79, 9->node2718@s79, 11->node2722@s79
TRACK_LIFECYCLE mode=map_leaf miss_threshold=7 terminated=[11]

Cluster rebuilds scan=86 t=2025-12-10 17:40:05.885000+00:00:
cluster=0 tracks=[5] globals=14 comb_eval=14 comb_feas=14 disagree=6
  logW=198.303 tids=[5]
  logW=187.446 tids=[5]
  logW=186.328 tids=[5]
  logW=186.211 tids=[5]
  logW=186.043 tids=[5]
cluster=1 tracks=[9, 14, 15] globals=20 comb_eval=58 comb_feas=23 disagree=5
  logW=3.500 tids=[9, 14, 15]
  logW=-0.198 tids=[9, 14, 15]
  logW=-1.521 tids=[9, 14, 15]
  logW=-7.191 tids=[9, 14, 15]
  logW=-7.348 tids=[9, 14, 15]
cluster=2 tracks=[11] globals=1 comb_eval=1 comb_feas=1 disagree=0
  logW=1.806 tids=[11]
SCAN scan=86 t=2025-12-10 17:40:05.885000+00:00 det=2 trees=4 leaves=19 clusters=3 comb_eval=73 comb_feas=38 rebuilt_globals=35 split_clusters=0 split_ops=0 hist_relax_attempts=0 hist_relax_ok=0 hist_relax_keys=0 nscan boundary=80 in_scope=4 committed_now=4 committed_total=15 disagree=11 births cand=0 tracks_created=0 tracks_kept=0 MAP tracks=4 used=2 unused=0 hit_rate=0.39
SCAN_NSCAN_COMMITTED scan=86 t=2025-12-10 17:40:05.885000+00:00 boundary=80 5->node2742@s80, 9->node2762@s80, 11->node2770@s80, 14->node2789@s80

Cluster rebuilds scan=87 t=2025-12-10 17:40:06.085000+00:00:
cluster=0 tracks=[5] globals=16 comb_eval=16 comb_feas=16 disagree=8
  logW=207.426 tids=[5]
  logW=196.000 tids=[5]
  logW=195.592 tids=[5]
  logW=195.333 tids=[5]
  logW=195.233 tids=[5]
cluster=1 tracks=[9, 14, 15] globals=20 comb_eval=188 comb_feas=38 disagree=1
  logW=15.947 tids=[9, 14, 15]
  logW=14.604 tids=[9, 14, 15]
  logW=13.024 tids=[9, 14, 15]
  logW=12.880 tids=[9, 14, 15]
  logW=11.702 tids=[9, 14, 15]
SCAN scan=87 t=2025-12-10 17:40:06.085000+00:00 det=4 trees=4 leaves=23 clusters=2 comb_eval=204 comb_feas=54 rebuilt_globals=36 split_clusters=0 split_ops=0 hist_relax_attempts=0 hist_relax_ok=0 hist_relax_keys=0 nscan boundary=81 in_scope=3 committed_now=3 committed_total=15 disagree=9 births cand=0 tracks_created=0 tracks_kept=0 MAP tracks=4 used=3 unused=1 hit_rate=0.42
SCAN_NSCAN_COMMITTED scan=87 t=2025-12-10 17:40:06.085000+00:00 boundary=81 5->node2790@s81, 9->node2822@s81, 14->node2854@s81

Cluster rebuilds scan=88 t=2025-12-10 17:40:06.285000+00:00:
cluster=0 tracks=[5] globals=8 comb_eval=8 comb_feas=8 disagree=0
  logW=205.124 tids=[5]
  logW=193.697 tids=[5]
  logW=193.289 tids=[5]
  logW=193.030 tids=[5]
  logW=182.841 tids=[5]
cluster=1 tracks=[9, 14, 15] globals=20 comb_eval=340 comb_feas=43 disagree=1
  logW=41.779 tids=[9, 14, 15]
  logW=31.373 tids=[9, 14, 15]
  logW=30.901 tids=[9, 14, 15]
  logW=30.738 tids=[9, 14, 15]
  logW=30.708 tids=[9, 14, 15]
SCAN scan=88 t=2025-12-10 17:40:06.285000+00:00 det=3 trees=4 leaves=23 clusters=2 comb_eval=348 comb_feas=51 rebuilt_globals=28 split_clusters=0 split_ops=0 hist_relax_attempts=0 hist_relax_ok=0 hist_relax_keys=0 nscan boundary=82 in_scope=3 committed_now=3 committed_total=15 disagree=1 births cand=0 tracks_created=0 tracks_kept=0 MAP tracks=4 used=3 unused=0 hit_rate=0.46
SCAN_NSCAN_COMMITTED scan=88 t=2025-12-10 17:40:06.285000+00:00 boundary=82 5->node2855@s82, 9->node2875@s82, 14->node2896@s82

Cluster rebuilds scan=89 t=2025-12-10 17:40:06.485000+00:00:
cluster=0 tracks=[5] globals=8 comb_eval=8 comb_feas=8 disagree=4
  logW=202.821 tids=[5]
  logW=191.395 tids=[5]
  logW=190.987 tids=[5]
  logW=190.727 tids=[5]
  logW=180.538 tids=[5]
cluster=1 tracks=[9] globals=3 comb_eval=3 comb_feas=3 disagree=0
  logW=41.910 tids=[9]
  logW=30.869 tids=[9]
  logW=30.719 tids=[9]
cluster=2 tracks=[14, 15] globals=20 comb_eval=50 comb_feas=27 disagree=0
  logW=-7.039 tids=[14, 15]
  logW=-17.445 tids=[14, 15]
  logW=-17.917 tids=[14, 15]
  logW=-18.110 tids=[14, 15]
  logW=-18.180 tids=[14, 15]
SCAN scan=89 t=2025-12-10 17:40:06.485000+00:00 det=2 trees=4 leaves=21 clusters=3 comb_eval=61 comb_feas=38 rebuilt_globals=31 split_clusters=0 split_ops=0 hist_relax_attempts=0 hist_relax_ok=0 hist_relax_keys=0 nscan boundary=83 in_scope=4 committed_now=4 committed_total=16 disagree=4 births cand=0 tracks_created=0 tracks_kept=0 MAP tracks=4 used=0 unused=2 hit_rate=0.43
SCAN_NSCAN_COMMITTED scan=89 t=2025-12-10 17:40:06.485000+00:00 boundary=83 5->node2898@s83, 9->node2926@s83, 14->node2945@s83, 15->node2946@s83

Cluster rebuilds scan=90 t=2025-12-10 17:40:06.685000+00:00:
cluster=0 tracks=[5] globals=8 comb_eval=8 comb_feas=8 disagree=0
  logW=212.118 tids=[5]
  logW=200.519 tids=[5]
  logW=200.497 tids=[5]
  logW=199.947 tids=[5]
  logW=189.092 tids=[5]
cluster=1 tracks=[9] globals=3 comb_eval=3 comb_feas=3 disagree=0
  logW=39.608 tids=[9]
  logW=28.567 tids=[9]
  logW=28.416 tids=[9]
cluster=2 tracks=[14, 15] globals=20 comb_eval=55 comb_feas=28 disagree=6
  logW=-11.644 tids=[14, 15]
  logW=-22.050 tids=[14, 15]
  logW=-22.523 tids=[14, 15]
  logW=-22.716 tids=[14, 15]
  logW=-22.786 tids=[14, 15]
SCAN scan=90 t=2025-12-10 17:40:06.685000+00:00 det=2 trees=4 leaves=24 clusters=3 comb_eval=66 comb_feas=39 rebuilt_globals=31 split_clusters=0 split_ops=0 hist_relax_attempts=0 hist_relax_ok=0 hist_relax_keys=0 nscan boundary=84 in_scope=4 committed_now=4 committed_total=16 disagree=6 births cand=0 tracks_created=0 tracks_kept=0 MAP tracks=4 used=1 unused=1 hit_rate=0.41
SCAN_NSCAN_COMMITTED scan=90 t=2025-12-10 17:40:06.685000+00:00 boundary=84 5->node2947@s84, 9->node2965@s84, 14->node2977@s84, 15->node2979@s84

Cluster rebuilds scan=91 t=2025-12-10 17:40:06.885000+00:00:
cluster=0 tracks=[5] globals=8 comb_eval=8 comb_feas=8 disagree=0
  logW=209.816 tids=[5]
  logW=198.216 tids=[5]
  logW=198.195 tids=[5]
  logW=197.644 tids=[5]
  logW=186.790 tids=[5]
cluster=1 tracks=[9] globals=3 comb_eval=3 comb_feas=3 disagree=0
  logW=37.305 tids=[9]
  logW=26.264 tids=[9]
  logW=26.113 tids=[9]
cluster=2 tracks=[14, 15] globals=20 comb_eval=36 comb_feas=23 disagree=0
  logW=-16.249 tids=[14, 15]
  logW=-26.656 tids=[14, 15]
  logW=-27.128 tids=[14, 15]
  logW=-27.391 tids=[14, 15]
  logW=-27.998 tids=[14, 15]
SCAN scan=91 t=2025-12-10 17:40:06.885000+00:00 det=1 trees=4 leaves=24 clusters=3 comb_eval=47 comb_feas=34 rebuilt_globals=31 split_clusters=0 split_ops=0 hist_relax_attempts=0 hist_relax_ok=0 hist_relax_keys=0 nscan boundary=85 in_scope=4 committed_now=4 committed_total=16 disagree=0 births cand=0 tracks_created=0 tracks_kept=0 MAP tracks=4 used=0 unused=1 hit_rate=0.39
SCAN_NSCAN_COMMITTED scan=91 t=2025-12-10 17:40:06.885000+00:00 boundary=85 5->node2980@s85, 9->node2991@s85, 14->node3003@s85, 15->node3005@s85

Cluster rebuilds scan=92 t=2025-12-10 17:40:07.085000+00:00:
cluster=0 tracks=[5] globals=8 comb_eval=8 comb_feas=8 disagree=4
  logW=207.513 tids=[5]
  logW=195.914 tids=[5]
  logW=195.892 tids=[5]
  logW=195.341 tids=[5]
  logW=184.487 tids=[5]
cluster=1 tracks=[9] globals=3 comb_eval=3 comb_feas=3 disagree=0
  logW=35.003 tids=[9]
  logW=23.962 tids=[9]
  logW=23.811 tids=[9]
cluster=2 tracks=[14, 15] globals=20 comb_eval=36 comb_feas=24 disagree=4
  logW=-20.854 tids=[14, 15]
  logW=-31.261 tids=[14, 15]
  logW=-31.733 tids=[14, 15]
  logW=-31.996 tids=[14, 15]
  logW=-32.603 tids=[14, 15]
SCAN scan=92 t=2025-12-10 17:40:07.085000+00:00 det=1 trees=4 leaves=19 clusters=3 comb_eval=47 comb_feas=35 rebuilt_globals=31 split_clusters=0 split_ops=0 hist_relax_attempts=0 hist_relax_ok=0 hist_relax_keys=0 nscan boundary=86 in_scope=4 committed_now=4 committed_total=16 disagree=8 births cand=0 tracks_created=0 tracks_kept=0 MAP tracks=4 used=0 unused=1 hit_rate=0.38
SCAN_NSCAN_COMMITTED scan=92 t=2025-12-10 17:40:07.085000+00:00 boundary=86 5->node3006@s86, 9->node3020@s86, 14->node3027@s86, 15->node3032@s86

Cluster rebuilds scan=93 t=2025-12-10 17:40:07.285000+00:00:
cluster=0 tracks=[5] globals=4 comb_eval=4 comb_feas=4 disagree=2
  logW=205.211 tids=[5]
  logW=193.611 tids=[5]
  logW=193.589 tids=[5]
  logW=182.185 tids=[5]
cluster=1 tracks=[9, 15] globals=20 comb_eval=75 comb_feas=23 disagree=16
  logW=28.822 tids=[9, 15]
  logW=25.265 tids=[9, 15]
  logW=25.137 tids=[9, 15]
  logW=25.036 tids=[9, 15]
  logW=18.416 tids=[9, 15]
cluster=2 tracks=[14] globals=2 comb_eval=2 comb_feas=2 disagree=0
  logW=-10.941 tids=[14]
  logW=-22.082 tids=[14]
SCAN scan=93 t=2025-12-10 17:40:07.285000+00:00 det=3 trees=4 leaves=9 clusters=3 comb_eval=81 comb_feas=29 rebuilt_globals=26 split_clusters=0 split_ops=0 hist_relax_attempts=0 hist_relax_ok=0 hist_relax_keys=0 nscan boundary=87 in_scope=4 committed_now=4 committed_total=16 disagree=18 births cand=0 tracks_created=0 tracks_kept=0 MAP tracks=4 used=1 unused=2 hit_rate=0.37
SCAN_NSCAN_COMMITTED scan=93 t=2025-12-10 17:40:07.285000+00:00 boundary=87 5->node3033@s87, 9->node3049@s87, 14->node3057@s87, 15->node3066@s87

Internal births at 2025-12-10 17:40:07.485000+00:00: kept=1
  birth_state=(x=82.1, vx=0.00, y=0.9, vy=0.00)

Cluster rebuilds scan=94 t=2025-12-10 17:40:07.485000+00:00:
cluster=0 tracks=[5] globals=2 comb_eval=2 comb_feas=2 disagree=0
  logW=202.908 tids=[5]
  logW=191.308 tids=[5]
cluster=1 tracks=[9] globals=6 comb_eval=6 comb_feas=6 disagree=2
  logW=51.209 tids=[9]
  logW=41.406 tids=[9]
  logW=41.038 tids=[9]
  logW=39.696 tids=[9]
  logW=30.397 tids=[9]
cluster=2 tracks=[14] globals=2 comb_eval=2 comb_feas=2 disagree=1
  logW=-13.243 tids=[14]
  logW=-24.385 tids=[14]
cluster=3 tracks=[15] globals=4 comb_eval=4 comb_feas=4 disagree=2
  logW=-6.736 tids=[15]
  logW=-16.821 tids=[15]
  logW=-17.011 tids=[15]
  logW=-27.228 tids=[15]
cluster=4 tracks=[16] globals=1 comb_eval=1 comb_feas=1 disagree=0
  logW=-8.000 tids=[16]
SCAN scan=94 t=2025-12-10 17:40:07.485000+00:00 det=3 trees=5 leaves=10 clusters=5 comb_eval=15 comb_feas=15 rebuilt_globals=15 split_clusters=0 split_ops=0 hist_relax_attempts=0 hist_relax_ok=0 hist_relax_keys=0 nscan boundary=88 in_scope=4 committed_now=4 committed_total=16 disagree=5 births cand=1 tracks_created=1 tracks_kept=1 MAP tracks=5 used=3 unused=0 hit_rate=0.50
SCAN_NSCAN_COMMITTED scan=94 t=2025-12-10 17:40:07.485000+00:00 boundary=88 5->node3069@s88, 9->node3077@s88, 14->node3084@s88, 15->node3100@s88

Internal births at 2025-12-10 17:40:07.685000+00:00: kept=2
  birth_state=(x=92.2, vx=0.00, y=-3.6, vy=0.00)
  birth_state=(x=93.1, vx=0.00, y=3.7, vy=0.00)
TRACK_LIFECYCLE mode=map_leaf miss_threshold=7 terminated=[14]

Cluster rebuilds scan=95 t=2025-12-10 17:40:07.685000+00:00:
cluster=0 tracks=[5] globals=2 comb_eval=2 comb_feas=2 disagree=0
  logW=200.605 tids=[5]
  logW=189.006 tids=[5]
cluster=1 tracks=[9] globals=4 comb_eval=4 comb_feas=4 disagree=0
  logW=48.906 tids=[9]
  logW=39.104 tids=[9]
  logW=38.736 tids=[9]
  logW=28.095 tids=[9]
cluster=2 tracks=[14] globals=1 comb_eval=1 comb_feas=1 disagree=0
  logW=-15.546 tids=[14]
cluster=3 tracks=[15] globals=4 comb_eval=4 comb_feas=4 disagree=0
  logW=2.779 tids=[15]
  logW=-9.039 tids=[15]
  logW=-9.067 tids=[15]
  logW=-19.124 tids=[15]
cluster=4 tracks=[16] globals=1 comb_eval=1 comb_feas=1 disagree=0
  logW=-10.303 tids=[16]
cluster=5 tracks=[17] globals=1 comb_eval=1 comb_feas=1 disagree=0
  logW=-8.000 tids=[17]
cluster=6 tracks=[18] globals=1 comb_eval=1 comb_feas=1 disagree=0
  logW=-8.000 tids=[18]
SCAN scan=95 t=2025-12-10 17:40:07.685000+00:00 det=3 trees=6 leaves=13 clusters=7 comb_eval=14 comb_feas=14 rebuilt_globals=14 split_clusters=0 split_ops=0 hist_relax_attempts=0 hist_relax_ok=0 hist_relax_keys=0 nscan boundary=89 in_scope=4 committed_now=4 committed_total=16 disagree=0 births cand=2 tracks_created=2 tracks_kept=2 MAP tracks=6 used=3 unused=0 hit_rate=0.63
SCAN_NSCAN_COMMITTED scan=95 t=2025-12-10 17:40:07.685000+00:00 boundary=89 5->node3107@s89, 9->node3115@s89, 14->node3118@s89, 15->node3125@s89

Cluster rebuilds scan=96 t=2025-12-10 17:40:07.885000+00:00:
cluster=0 tracks=[5] globals=2 comb_eval=2 comb_feas=2 disagree=1
  logW=198.303 tids=[5]
  logW=186.703 tids=[5]
cluster=1 tracks=[9, 16] globals=20 comb_eval=30 comb_feas=20 disagree=0
  logW=54.963 tids=[9, 16]
  logW=45.383 tids=[9, 16]
  logW=44.868 tids=[9, 16]
  logW=44.093 tids=[9, 16]
  logW=43.651 tids=[9, 16]
cluster=2 tracks=[15] globals=5 comb_eval=5 comb_feas=5 disagree=0
  logW=0.476 tids=[15]
  logW=-11.342 tids=[15]
  logW=-11.369 tids=[15]
  logW=-15.415 tids=[15]
  logW=-21.427 tids=[15]
cluster=3 tracks=[17] globals=2 comb_eval=2 comb_feas=2 disagree=0
  logW=-1.830 tids=[17]
  logW=-10.303 tids=[17]
cluster=4 tracks=[18] globals=2 comb_eval=2 comb_feas=2 disagree=0
  logW=-2.552 tids=[18]
  logW=-10.303 tids=[18]
SCAN scan=96 t=2025-12-10 17:40:07.885000+00:00 det=5 trees=6 leaves=22 clusters=5 comb_eval=41 comb_feas=31 rebuilt_globals=31 split_clusters=0 split_ops=0 hist_relax_attempts=0 hist_relax_ok=0 hist_relax_keys=0 nscan boundary=90 in_scope=3 committed_now=3 committed_total=16 disagree=1 births cand=0 tracks_created=0 tracks_kept=0 MAP tracks=6 used=4 unused=1 hit_rate=0.66
SCAN_NSCAN_COMMITTED scan=96 t=2025-12-10 17:40:07.885000+00:00 boundary=90 5->node3132@s90, 9->node3140@s90, 15->node3150@s90
TRACK_LIFECYCLE mode=map_leaf miss_threshold=7 terminated=[5]

Cluster rebuilds scan=97 t=2025-12-10 17:40:08.085000+00:00:
cluster=0 tracks=[5] globals=1 comb_eval=1 comb_feas=1 disagree=0
  logW=196.000 tids=[5]
cluster=1 tracks=[9, 16] globals=20 comb_eval=55 comb_feas=28 disagree=0
  logW=57.717 tids=[9, 16]
  logW=50.358 tids=[9, 16]
  logW=49.331 tids=[9, 16]
  logW=48.137 tids=[9, 16]
  logW=46.847 tids=[9, 16]
cluster=2 tracks=[15, 17, 18] globals=20 comb_eval=90 comb_feas=34 disagree=0
  logW=-0.283 tids=[15, 17, 18]
  logW=-2.253 tids=[15, 17, 18]
  logW=-4.441 tids=[15, 17, 18]
  logW=-4.925 tids=[15, 17, 18]
  logW=-8.033 tids=[15, 17, 18]
SCAN scan=97 t=2025-12-10 17:40:08.085000+00:00 det=3 trees=5 leaves=25 clusters=3 comb_eval=146 comb_feas=63 rebuilt_globals=41 split_clusters=0 split_ops=0 hist_relax_attempts=0 hist_relax_ok=0 hist_relax_keys=0 nscan boundary=91 in_scope=3 committed_now=3 committed_total=16 disagree=0 births cand=0 tracks_created=0 tracks_kept=0 MAP tracks=5 used=2 unused=1 hit_rate=0.62
SCAN_NSCAN_COMMITTED scan=97 t=2025-12-10 17:40:08.085000+00:00 boundary=91 5->node3158@s91, 9->node3166@s91, 15->node3174@s91

Internal births at 2025-12-10 17:40:08.285000+00:00: kept=1
  birth_state=(x=76.9, vx=0.00, y=-25.9, vy=0.00)

Cluster rebuilds scan=98 t=2025-12-10 17:40:08.285000+00:00:
cluster=0 tracks=[9, 15, 16, 17, 18] globals=20 comb_eval=1436 comb_feas=66 disagree=0
  logW=75.582 tids=[9, 15, 16, 17, 18]
  logW=71.425 tids=[9, 15, 16, 17, 18]
  logW=70.940 tids=[9, 15, 16, 17, 18]
  logW=68.718 tids=[9, 15, 16, 17, 18]
  logW=68.222 tids=[9, 15, 16, 17, 18]
cluster=1 tracks=[19] globals=1 comb_eval=1 comb_feas=1 disagree=0
  logW=-8.000 tids=[19]
SCAN scan=98 t=2025-12-10 17:40:08.285000+00:00 det=4 trees=6 leaves=22 clusters=2 comb_eval=1437 comb_feas=67 rebuilt_globals=21 split_clusters=0 split_ops=0 hist_relax_attempts=0 hist_relax_ok=0 hist_relax_keys=0 nscan boundary=92 in_scope=2 committed_now=2 committed_total=16 disagree=0 births cand=1 tracks_created=1 tracks_kept=1 MAP tracks=6 used=4 unused=0 hit_rate=0.67
SCAN_NSCAN_COMMITTED scan=98 t=2025-12-10 17:40:08.285000+00:00 boundary=92 9->node3191@s92, 15->node3198@s92

Cluster rebuilds scan=99 t=2025-12-10 17:40:08.485000+00:00:
cluster=0 tracks=[9, 16] globals=20 comb_eval=66 comb_feas=29 disagree=3
  logW=71.505 tids=[9, 16]
  logW=64.145 tids=[9, 16]
  logW=63.119 tids=[9, 16]
  logW=61.371 tids=[9, 16]
  logW=61.148 tids=[9, 16]
cluster=1 tracks=[15, 18] globals=20 comb_eval=32 comb_feas=22 disagree=0
  logW=2.559 tids=[15, 18]
  logW=-1.598 tids=[15, 18]
  logW=-2.083 tids=[15, 18]
  logW=-4.972 tids=[15, 18]
  logW=-6.832 tids=[15, 18]
cluster=2 tracks=[17] globals=8 comb_eval=8 comb_feas=8 disagree=0
  logW=21.413 tids=[17]
  logW=12.141 tids=[17]
  logW=11.871 tids=[17]
  logW=11.061 tids=[17]
  logW=9.273 tids=[17]
cluster=3 tracks=[19] globals=2 comb_eval=2 comb_feas=2 disagree=0
  logW=0.369 tids=[19]
  logW=-10.303 tids=[19]
SCAN scan=99 t=2025-12-10 17:40:08.485000+00:00 det=4 trees=6 leaves=33 clusters=4 comb_eval=108 comb_feas=61 rebuilt_globals=50 split_clusters=0 split_ops=0 hist_relax_attempts=0 hist_relax_ok=0 hist_relax_keys=0 nscan boundary=93 in_scope=2 committed_now=2 committed_total=16 disagree=3 births cand=0 tracks_created=0 tracks_kept=0 MAP tracks=6 used=4 unused=0 hit_rate=0.66
SCAN_NSCAN_COMMITTED scan=99 t=2025-12-10 17:40:08.485000+00:00 boundary=93 9->node3212@s93, 15->node3221@s93

Cluster rebuilds scan=100 t=2025-12-10 17:40:08.685000+00:00:
cluster=0 tracks=[9, 16] globals=20 comb_eval=42 comb_feas=20 disagree=3
  logW=66.900 tids=[9, 16]
  logW=59.540 tids=[9, 16]
  logW=58.514 tids=[9, 16]
  logW=56.766 tids=[9, 16]
  logW=56.542 tids=[9, 16]
cluster=1 tracks=[15, 18] globals=20 comb_eval=52 comb_feas=28 disagree=5
  logW=6.229 tids=[15, 18]
  logW=2.072 tids=[15, 18]
  logW=1.588 tids=[15, 18]
  logW=-1.570 tids=[15, 18]
  logW=-1.577 tids=[15, 18]
cluster=2 tracks=[17] globals=16 comb_eval=16 comb_feas=16 disagree=0
  logW=30.884 tids=[17]
  logW=21.651 tids=[17]
  logW=20.436 tids=[17]
  logW=20.139 tids=[17]
  logW=19.110 tids=[17]
cluster=3 tracks=[19] globals=4 comb_eval=4 comb_feas=4 disagree=0
  logW=7.887 tids=[19]
  logW=-1.934 tids=[19]
  logW=-2.512 tids=[19]
  logW=-12.605 tids=[19]
SCAN scan=100 t=2025-12-10 17:40:08.685000+00:00 det=3 trees=6 leaves=42 clusters=4 comb_eval=114 comb_feas=68 rebuilt_globals=60 split_clusters=0 split_ops=0 hist_relax_attempts=0 hist_relax_ok=0 hist_relax_keys=0 nscan boundary=94 in_scope=2 committed_now=2 committed_total=16 disagree=8 births cand=0 tracks_created=0 tracks_kept=0 MAP tracks=6 used=3 unused=0 hit_rate=0.65
SCAN_NSCAN_COMMITTED scan=100 t=2025-12-10 17:40:08.685000+00:00 boundary=94 9->node3240@s94, 15->node3248@s94

Cluster rebuilds scan=101 t=2025-12-10 17:40:08.885000+00:00:
cluster=0 tracks=[9, 16] globals=20 comb_eval=110 comb_feas=24 disagree=0
  logW=73.425 tids=[9, 16]
  logW=66.065 tids=[9, 16]
  logW=65.039 tids=[9, 16]
  logW=64.078 tids=[9, 16]
  logW=63.586 tids=[9, 16]
cluster=1 tracks=[15] globals=3 comb_eval=3 comb_feas=3 disagree=2
  logW=-11.037 tids=[15]
  logW=-15.678 tids=[15]
  logW=-22.855 tids=[15]
cluster=2 tracks=[17] globals=20 comb_eval=21 comb_feas=20 disagree=0
  logW=37.527 tids=[17]
  logW=28.581 tids=[17]
  logW=27.770 tids=[17]
  logW=27.266 tids=[17]
  logW=26.632 tids=[17]
cluster=3 tracks=[18] globals=8 comb_eval=8 comb_feas=8 disagree=0
  logW=12.661 tids=[18]
  logW=4.861 tids=[18]
  logW=4.854 tids=[18]
  logW=4.385 tids=[18]
  logW=-1.863 tids=[18]
cluster=4 tracks=[19] globals=8 comb_eval=8 comb_feas=8 disagree=0
  logW=16.520 tids=[19]
  logW=5.981 tids=[19]
  logW=5.585 tids=[19]
  logW=5.570 tids=[19]
  logW=-4.237 tids=[19]
SCAN scan=101 t=2025-12-10 17:40:08.885000+00:00 det=3 trees=6 leaves=56 clusters=5 comb_eval=150 comb_feas=63 rebuilt_globals=59 split_clusters=0 split_ops=0 hist_relax_attempts=0 hist_relax_ok=0 hist_relax_keys=0 nscan boundary=95 in_scope=3 committed_now=3 committed_total=17 disagree=2 births cand=0 tracks_created=0 tracks_kept=0 MAP tracks=6 used=3 unused=0 hit_rate=0.62
SCAN_NSCAN_COMMITTED scan=101 t=2025-12-10 17:40:08.885000+00:00 boundary=95 9->node3255@s95, 15->node3260@s95, 16->node3264@s95

Internal births at 2025-12-10 17:40:09.085000+00:00: kept=1
  birth_state=(x=93.3, vx=0.00, y=-1.6, vy=0.00)
TRACK_LIFECYCLE mode=map_leaf miss_threshold=7 terminated=[15]

Cluster rebuilds scan=102 t=2025-12-10 17:40:09.085000+00:00:
cluster=0 tracks=[9, 16, 18] globals=20 comb_eval=3762 comb_feas=36 disagree=3
  logW=101.892 tids=[9, 16, 18]
  logW=94.532 tids=[9, 16, 18]
  logW=94.294 tids=[9, 16, 18]
  logW=93.560 tids=[9, 16, 18]
  logW=93.505 tids=[9, 16, 18]
cluster=1 tracks=[15] globals=1 comb_eval=1 comb_feas=1 disagree=0
  logW=-13.339 tids=[15]
cluster=2 tracks=[17] globals=20 comb_eval=21 comb_feas=20 disagree=4
  logW=47.104 tids=[17]
  logW=37.414 tids=[17]
  logW=37.263 tids=[17]
  logW=36.841 tids=[17]
  logW=35.805 tids=[17]
cluster=3 tracks=[19] globals=16 comb_eval=16 comb_feas=16 disagree=0
  logW=25.360 tids=[19]
  logW=15.179 tids=[19]
  logW=14.385 tids=[19]
  logW=14.217 tids=[19]
  logW=13.157 tids=[19]
cluster=4 tracks=[20] globals=1 comb_eval=1 comb_feas=1 disagree=0
  logW=-8.000 tids=[20]
SCAN scan=102 t=2025-12-10 17:40:09.085000+00:00 det=5 trees=6 leaves=58 clusters=5 comb_eval=3801 comb_feas=74 rebuilt_globals=58 split_clusters=0 split_ops=0 hist_relax_attempts=0 hist_relax_ok=0 hist_relax_keys=0 nscan boundary=96 in_scope=5 committed_now=5 committed_total=19 disagree=7 births cand=1 tracks_created=1 tracks_kept=1 MAP tracks=6 used=5 unused=0 hit_rate=0.75
SCAN_NSCAN_COMMITTED scan=102 t=2025-12-10 17:40:09.085000+00:00 boundary=96 9->node3269@s96, 15->node3278@s96, 16->node3283@s96, 17->node3286@s96, 18->node3288@s96

Cluster rebuilds scan=103 t=2025-12-10 17:40:09.285000+00:00:
cluster=0 tracks=[9, 16, 18] globals=20 comb_eval=2851 comb_feas=37 disagree=7
  logW=126.919 tids=[9, 16, 18]
  logW=119.731 tids=[9, 16, 18]
  logW=119.005 tids=[9, 16, 18]
  logW=118.411 tids=[9, 16, 18]
  logW=115.894 tids=[9, 16, 18]
cluster=1 tracks=[17] globals=20 comb_eval=21 comb_feas=20 disagree=6
  logW=44.801 tids=[17]
  logW=42.724 tids=[17]
  logW=34.960 tids=[17]
  logW=34.538 tids=[17]
  logW=34.202 tids=[17]
cluster=2 tracks=[19] globals=16 comb_eval=16 comb_feas=16 disagree=0
  logW=23.057 tids=[19]
  logW=12.876 tids=[19]
  logW=12.082 tids=[19]
  logW=11.915 tids=[19]
  logW=10.855 tids=[19]
cluster=3 tracks=[20] globals=2 comb_eval=2 comb_feas=2 disagree=0
  logW=0.814 tids=[20]
  logW=-10.303 tids=[20]
SCAN scan=103 t=2025-12-10 17:40:09.285000+00:00 det=5 trees=6 leaves=48 clusters=4 comb_eval=2890 comb_feas=75 rebuilt_globals=58 split_clusters=0 split_ops=0 hist_relax_attempts=0 hist_relax_ok=0 hist_relax_keys=0 nscan boundary=97 in_scope=4 committed_now=4 committed_total=19 disagree=13 births cand=0 tracks_created=0 tracks_kept=0 MAP tracks=6 used=4 unused=1 hit_rate=0.72
SCAN_NSCAN_COMMITTED scan=103 t=2025-12-10 17:40:09.285000+00:00 boundary=97 9->node3291@s97, 16->node3309@s97, 17->node3314@s97, 18->node3319@s97

Cluster rebuilds scan=104 t=2025-12-10 17:40:09.485000+00:00:
cluster=0 tracks=[9, 16] globals=20 comb_eval=80 comb_feas=30 disagree=2
  logW=102.517 tids=[9, 16]
  logW=94.009 tids=[9, 16]
  logW=91.452 tids=[9, 16]
  logW=91.234 tids=[9, 16]
  logW=90.975 tids=[9, 16]
cluster=1 tracks=[17] globals=14 comb_eval=14 comb_feas=14 disagree=3
  logW=42.498 tids=[17]
  logW=40.421 tids=[17]
  logW=32.658 tids=[17]
  logW=31.900 tids=[17]
  logW=31.200 tids=[17]
cluster=2 tracks=[18] globals=5 comb_eval=5 comb_feas=5 disagree=0
  logW=28.777 tids=[18]
  logW=20.863 tids=[18]
  logW=17.752 tids=[18]
  logW=16.960 tids=[18]
  logW=16.937 tids=[18]
cluster=3 tracks=[19] globals=20 comb_eval=21 comb_feas=20 disagree=0
  logW=31.649 tids=[19]
  logW=21.143 tids=[19]
  logW=20.755 tids=[19]
  logW=20.526 tids=[19]
  logW=20.420 tids=[19]
cluster=4 tracks=[20] globals=5 comb_eval=5 comb_feas=5 disagree=0
  logW=9.467 tids=[20]
  logW=-1.489 tids=[20]
  logW=-2.386 tids=[20]
  logW=-4.790 tids=[20]
  logW=-12.605 tids=[20]
SCAN scan=104 t=2025-12-10 17:40:09.485000+00:00 det=4 trees=6 leaves=56 clusters=5 comb_eval=125 comb_feas=74 rebuilt_globals=64 split_clusters=0 split_ops=0 hist_relax_attempts=0 hist_relax_ok=0 hist_relax_keys=0 nscan boundary=98 in_scope=4 committed_now=4 committed_total=19 disagree=5 births cand=0 tracks_created=0 tracks_kept=0 MAP tracks=6 used=3 unused=1 hit_rate=0.69
SCAN_NSCAN_COMMITTED scan=104 t=2025-12-10 17:40:09.485000+00:00 boundary=98 9->node3322@s98, 16->node3342@s98, 17->node3353@s98, 18->node3360@s98

Cluster rebuilds scan=105 t=2025-12-10 17:40:09.685000+00:00:
cluster=0 tracks=[9, 16] globals=20 comb_eval=189 comb_feas=34 disagree=2
  logW=109.596 tids=[9, 16]
  logW=101.089 tids=[9, 16]
  logW=98.474 tids=[9, 16]
  logW=98.181 tids=[9, 16]
  logW=98.101 tids=[9, 16]
cluster=1 tracks=[17] globals=11 comb_eval=11 comb_feas=11 disagree=3
  logW=40.196 tids=[17]
  logW=38.119 tids=[17]
  logW=30.355 tids=[17]
  logW=29.597 tids=[17]
  logW=28.897 tids=[17]
cluster=2 tracks=[18] globals=9 comb_eval=9 comb_feas=9 disagree=2
  logW=34.259 tids=[18]
  logW=26.940 tids=[18]
  logW=26.474 tids=[18]
  logW=23.615 tids=[18]
  logW=22.016 tids=[18]
cluster=3 tracks=[19] globals=20 comb_eval=20 comb_feas=20 disagree=7
  logW=29.346 tids=[19]
  logW=18.841 tids=[19]
  logW=18.452 tids=[19]
  logW=18.223 tids=[19]
  logW=18.118 tids=[19]
cluster=4 tracks=[20] globals=9 comb_eval=9 comb_feas=9 disagree=0
  logW=17.686 tids=[20]
  logW=7.164 tids=[20]
  logW=6.034 tids=[20]
  logW=5.758 tids=[20]
  logW=-3.791 tids=[20]
SCAN scan=105 t=2025-12-10 17:40:09.685000+00:00 det=3 trees=6 leaves=56 clusters=5 comb_eval=238 comb_feas=83 rebuilt_globals=69 split_clusters=0 split_ops=0 hist_relax_attempts=0 hist_relax_ok=0 hist_relax_keys=0 nscan boundary=99 in_scope=5 committed_now=5 committed_total=20 disagree=14 births cand=0 tracks_created=0 tracks_kept=0 MAP tracks=6 used=3 unused=0 hit_rate=0.67
SCAN_NSCAN_COMMITTED scan=105 t=2025-12-10 17:40:09.685000+00:00 boundary=99 9->node3366@s99, 16->node3380@s99, 17->node3386@s99, 18->node3394@s99, 19->node3401@s99

Internal births at 2025-12-10 17:40:09.885000+00:00: kept=1
  birth_state=(x=85.1, vx=0.00, y=51.2, vy=0.00)

Cluster rebuilds scan=106 t=2025-12-10 17:40:09.885000+00:00:
cluster=0 tracks=[9, 16] globals=20 comb_eval=357 comb_feas=40 disagree=0
  logW=116.940 tids=[9, 16]
  logW=108.432 tids=[9, 16]
  logW=105.586 tids=[9, 16]
  logW=105.417 tids=[9, 16]
  logW=105.258 tids=[9, 16]
cluster=1 tracks=[17, 18, 20] globals=20 comb_eval=326 comb_feas=43 disagree=1
  logW=106.586 tids=[17, 18, 20]
  logW=104.539 tids=[17, 18, 20]
  logW=103.829 tids=[17, 18, 20]
  logW=101.782 tids=[17, 18, 20]
  logW=97.095 tids=[17, 18, 20]
cluster=2 tracks=[19] globals=20 comb_eval=21 comb_feas=20 disagree=8
  logW=38.218 tids=[19]
  logW=27.710 tids=[19]
  logW=27.337 tids=[19]
  logW=27.044 tids=[19]
  logW=26.052 tids=[19]
cluster=3 tracks=[21] globals=1 comb_eval=1 comb_feas=1 disagree=0
  logW=-8.000 tids=[21]
SCAN scan=106 t=2025-12-10 17:40:09.885000+00:00 det=6 trees=7 leaves=58 clusters=4 comb_eval=705 comb_feas=104 rebuilt_globals=61 split_clusters=0 split_ops=0 hist_relax_attempts=0 hist_relax_ok=0 hist_relax_keys=0 nscan boundary=100 in_scope=5 committed_now=5 committed_total=20 disagree=9 births cand=1 tracks_created=1 tracks_kept=1 MAP tracks=7 used=5 unused=1 hit_rate=0.69
SCAN_NSCAN_COMMITTED scan=106 t=2025-12-10 17:40:09.885000+00:00 boundary=100 9->node3403@s100, 16->node3413@s100, 17->node3419@s100, 18->node3435@s100, 19->node3447@s100

Cluster rebuilds scan=107 t=2025-12-10 17:40:10.085000+00:00:
cluster=0 tracks=[9, 16, 17] globals=20 comb_eval=5649 comb_feas=77 disagree=4
  logW=190.937 tids=[9, 16, 17]
  logW=181.697 tids=[9, 16, 17]
  logW=181.692 tids=[9, 16, 17]
  logW=180.679 tids=[9, 16, 17]
  logW=179.767 tids=[9, 16, 17]
cluster=1 tracks=[18] globals=10 comb_eval=10 comb_feas=10 disagree=0
  logW=51.785 tids=[18]
  logW=41.363 tids=[18]
  logW=41.288 tids=[18]
  logW=40.989 tids=[18]
  logW=40.168 tids=[18]
cluster=2 tracks=[19] globals=20 comb_eval=21 comb_feas=20 disagree=6
  logW=47.771 tids=[19]
  logW=36.843 tids=[19]
  logW=35.975 tids=[19]
  logW=35.915 tids=[19]
  logW=35.513 tids=[19]
cluster=3 tracks=[20] globals=11 comb_eval=11 comb_feas=11 disagree=0
  logW=23.025 tids=[20]
  logW=19.025 tids=[20]
  logW=13.081 tids=[20]
  logW=12.824 tids=[20]
  logW=11.419 tids=[20]
cluster=4 tracks=[21] globals=1 comb_eval=1 comb_feas=1 disagree=0
  logW=-10.303 tids=[21]
SCAN scan=107 t=2025-12-10 17:40:10.085000+00:00 det=6 trees=7 leaves=52 clusters=5 comb_eval=5692 comb_feas=119 rebuilt_globals=62 split_clusters=0 split_ops=0 hist_relax_attempts=0 hist_relax_ok=0 hist_relax_keys=0 nscan boundary=101 in_scope=5 committed_now=5 committed_total=20 disagree=10 births cand=0 tracks_created=0 tracks_kept=0 MAP tracks=7 used=6 unused=0 hit_rate=0.64
SCAN_NSCAN_COMMITTED scan=107 t=2025-12-10 17:40:10.085000+00:00 boundary=101 9->node3451@s101, 16->node3464@s101, 17->node3474@s101, 18->node3504@s101, 19->node3512@s101

Cluster rebuilds scan=108 t=2025-12-10 17:40:10.285000+00:00:
cluster=0 tracks=[9, 16] globals=20 comb_eval=75 comb_feas=26 disagree=3
  logW=142.780 tids=[9, 16]
  logW=131.610 tids=[9, 16]
  logW=131.340 tids=[9, 16]
  logW=131.338 tids=[9, 16]
  logW=130.848 tids=[9, 16]
cluster=1 tracks=[17] globals=5 comb_eval=5 comb_feas=5 disagree=1
  logW=53.373 tids=[17]
  logW=44.132 tids=[17]
  logW=44.127 tids=[17]
  logW=41.094 tids=[17]
  logW=33.288 tids=[17]
cluster=2 tracks=[18] globals=10 comb_eval=10 comb_feas=10 disagree=2
  logW=49.482 tids=[18]
  logW=39.060 tids=[18]
  logW=38.985 tids=[18]
  logW=38.686 tids=[18]
  logW=37.865 tids=[18]
cluster=3 tracks=[19] globals=14 comb_eval=14 comb_feas=14 disagree=6
  logW=45.468 tids=[19]
  logW=34.541 tids=[19]
  logW=33.672 tids=[19]
  logW=33.612 tids=[19]
  logW=33.137 tids=[19]
cluster=4 tracks=[20] globals=11 comb_eval=11 comb_feas=11 disagree=0
  logW=20.722 tids=[20]
  logW=16.722 tids=[20]
  logW=10.778 tids=[20]
  logW=10.521 tids=[20]
  logW=9.117 tids=[20]
cluster=5 tracks=[21] globals=1 comb_eval=1 comb_feas=1 disagree=0
  logW=-12.605 tids=[21]
SCAN scan=108 t=2025-12-10 17:40:10.285000+00:00 det=1 trees=7 leaves=43 clusters=6 comb_eval=116 comb_feas=67 rebuilt_globals=61 split_clusters=0 split_ops=0 hist_relax_attempts=0 hist_relax_ok=0 hist_relax_keys=0 nscan boundary=102 in_scope=5 committed_now=5 committed_total=20 disagree=12 births cand=0 tracks_created=0 tracks_kept=0 MAP tracks=7 used=1 unused=0 hit_rate=0.57
SCAN_NSCAN_COMMITTED scan=108 t=2025-12-10 17:40:10.285000+00:00 boundary=102 9->node3520@s102, 16->node3539@s102, 17->node3558@s102, 18->node3598@s102, 19->node3613@s102

Cluster rebuilds scan=109 t=2025-12-10 17:40:10.485000+00:00:
cluster=0 tracks=[9, 16, 17, 20] globals=20 comb_eval=503 comb_feas=47 disagree=3
  logW=240.090 tids=[9, 16, 17, 20]
  logW=233.876 tids=[9, 16, 17, 20]
  logW=232.539 tids=[9, 16, 17, 20]
  logW=230.405 tids=[9, 16, 17, 20]
  logW=229.651 tids=[9, 16, 17, 20]
cluster=1 tracks=[18] globals=8 comb_eval=8 comb_feas=8 disagree=2
  logW=47.180 tids=[18]
  logW=36.757 tids=[18]
  logW=36.682 tids=[18]
  logW=36.384 tids=[18]
  logW=35.562 tids=[18]
cluster=2 tracks=[19] globals=16 comb_eval=16 comb_feas=16 disagree=0
  logW=54.595 tids=[19]
  logW=43.166 tids=[19]
  logW=42.918 tids=[19]
  logW=42.487 tids=[19]
  logW=42.259 tids=[19]
cluster=3 tracks=[21] globals=1 comb_eval=1 comb_feas=1 disagree=0
  logW=-14.908 tids=[21]
SCAN scan=109 t=2025-12-10 17:40:10.485000+00:00 det=4 trees=7 leaves=42 clusters=4 comb_eval=528 comb_feas=72 rebuilt_globals=45 split_clusters=0 split_ops=0 hist_relax_attempts=0 hist_relax_ok=0 hist_relax_keys=0 nscan boundary=103 in_scope=6 committed_now=6 committed_total=21 disagree=5 births cand=0 tracks_created=0 tracks_kept=0 MAP tracks=7 used=4 unused=0 hit_rate=0.56
SCAN_NSCAN_COMMITTED scan=109 t=2025-12-10 17:40:10.485000+00:00 boundary=103 9->node3630@s103, 16->node3651@s103, 17->node3676@s103, 18->node3697@s103, 19->node3705@s103, 20->node3721@s103

Cluster rebuilds scan=110 t=2025-12-10 17:40:10.686000+00:00:
cluster=0 tracks=[9, 16] globals=20 comb_eval=75 comb_feas=25 disagree=3
  logW=167.874 tids=[9, 16]
  logW=156.549 tids=[9, 16]
  logW=156.327 tids=[9, 16]
  logW=156.246 tids=[9, 16]
  logW=156.148 tids=[9, 16]
cluster=1 tracks=[17] globals=8 comb_eval=8 comb_feas=8 disagree=0
  logW=68.441 tids=[17]
  logW=60.222 tids=[17]
  logW=58.791 tids=[17]
  logW=58.452 tids=[17]
  logW=57.667 tids=[17]
cluster=2 tracks=[18] globals=12 comb_eval=12 comb_feas=12 disagree=0
  logW=56.068 tids=[18]
  logW=45.394 tids=[18]
  logW=44.877 tids=[18]
  logW=44.563 tids=[18]
  logW=44.263 tids=[18]
cluster=3 tracks=[19] globals=20 comb_eval=21 comb_feas=20 disagree=6
  logW=64.042 tids=[19]
  logW=52.533 tids=[19]
  logW=52.293 tids=[19]
  logW=52.122 tids=[19]
  logW=51.789 tids=[19]
cluster=4 tracks=[20] globals=6 comb_eval=6 comb_feas=6 disagree=1
  logW=27.604 tids=[20]
  logW=21.390 tids=[20]
  logW=17.165 tids=[20]
  logW=16.117 tids=[20]
  logW=15.862 tids=[20]
cluster=5 tracks=[21] globals=2 comb_eval=2 comb_feas=2 disagree=0
  logW=-8.528 tids=[21]
  logW=-17.210 tids=[21]
SCAN scan=110 t=2025-12-10 17:40:10.686000+00:00 det=6 trees=7 leaves=54 clusters=6 comb_eval=124 comb_feas=73 rebuilt_globals=68 split_clusters=0 split_ops=0 hist_relax_attempts=0 hist_relax_ok=0 hist_relax_keys=0 nscan boundary=104 in_scope=6 committed_now=6 committed_total=21 disagree=10 births cand=0 tracks_created=0 tracks_kept=0 MAP tracks=7 used=6 unused=0 hit_rate=0.59
SCAN_NSCAN_COMMITTED scan=110 t=2025-12-10 17:40:10.686000+00:00 boundary=104 9->node3723@s104, 16->node3738@s104, 17->node3743@s104, 18->node3757@s104, 19->node3762@s104, 20->node3794@s104

Cluster rebuilds scan=111 t=2025-12-10 17:40:10.885000+00:00:
cluster=0 tracks=[9] globals=9 comb_eval=9 comb_feas=9 disagree=1
  logW=161.956 tids=[9]
  logW=150.410 tids=[9]
  logW=150.230 tids=[9]
  logW=150.050 tids=[9]
  logW=150.045 tids=[9]
cluster=1 tracks=[16] globals=4 comb_eval=4 comb_feas=4 disagree=0
  logW=1.312 tids=[16]
  logW=-10.012 tids=[16]
  logW=-10.645 tids=[16]
  logW=-21.182 tids=[16]
cluster=2 tracks=[17] globals=16 comb_eval=16 comb_feas=16 disagree=0
  logW=77.857 tids=[17]
  logW=69.493 tids=[17]
  logW=67.935 tids=[17]
  logW=67.173 tids=[17]
  logW=66.868 tids=[17]
cluster=3 tracks=[18] globals=12 comb_eval=12 comb_feas=12 disagree=4
  logW=53.766 tids=[18]
  logW=43.092 tids=[18]
  logW=42.575 tids=[18]
  logW=42.260 tids=[18]
  logW=41.961 tids=[18]
cluster=4 tracks=[19] globals=20 comb_eval=21 comb_feas=20 disagree=0
  logW=71.227 tids=[19]
  logW=61.740 tids=[19]
  logW=60.313 tids=[19]
  logW=59.556 tids=[19]
  logW=59.136 tids=[19]
cluster=5 tracks=[20] globals=5 comb_eval=5 comb_feas=5 disagree=2
  logW=25.301 tids=[20]
  logW=19.088 tids=[20]
  logW=14.862 tids=[20]
  logW=13.815 tids=[20]
  logW=13.560 tids=[20]
cluster=6 tracks=[21] globals=2 comb_eval=2 comb_feas=2 disagree=0
  logW=-10.831 tids=[21]
  logW=-19.513 tids=[21]
SCAN scan=111 t=2025-12-10 17:40:10.885000+00:00 det=2 trees=7 leaves=61 clusters=7 comb_eval=69 comb_feas=68 rebuilt_globals=68 split_clusters=0 split_ops=0 hist_relax_attempts=0 hist_relax_ok=0 hist_relax_keys=0 nscan boundary=105 in_scope=6 committed_now=6 committed_total=21 disagree=7 births cand=0 tracks_created=0 tracks_kept=0 MAP tracks=7 used=2 unused=0 hit_rate=0.57
SCAN_NSCAN_COMMITTED scan=111 t=2025-12-10 17:40:10.885000+00:00 boundary=105 9->node3799@s105, 16->node3819@s105, 17->node3828@s105, 18->node3839@s105, 19->node3848@s105, 20->node3868@s105

Cluster rebuilds scan=112 t=2025-12-10 17:40:11.085000+00:00:
cluster=0 tracks=[9] globals=8 comb_eval=8 comb_feas=8 disagree=1
  logW=159.653 tids=[9]
  logW=148.107 tids=[9]
  logW=147.928 tids=[9]
  logW=147.743 tids=[9]
  logW=147.446 tids=[9]
cluster=1 tracks=[16] globals=4 comb_eval=4 comb_feas=4 disagree=0
  logW=-0.990 tids=[16]
  logW=-12.315 tids=[16]
  logW=-12.948 tids=[16]
  logW=-23.485 tids=[16]
cluster=2 tracks=[17] globals=20 comb_eval=21 comb_feas=20 disagree=4
  logW=85.211 tids=[17]
  logW=75.727 tids=[17]
  logW=75.602 tids=[17]
  logW=75.554 tids=[17]
  logW=75.150 tids=[17]
cluster=3 tracks=[18] globals=8 comb_eval=8 comb_feas=8 disagree=4
  logW=51.463 tids=[18]
  logW=40.272 tids=[18]
  logW=39.958 tids=[18]
  logW=39.658 tids=[18]
  logW=29.476 tids=[18]
cluster=4 tracks=[19] globals=20 comb_eval=21 comb_feas=20 disagree=6
  logW=79.457 tids=[19]
  logW=71.141 tids=[19]
  logW=68.924 tids=[19]
  logW=67.671 tids=[19]
  logW=67.635 tids=[19]
cluster=5 tracks=[20] globals=6 comb_eval=6 comb_feas=6 disagree=0
  logW=32.185 tids=[20]
  logW=22.999 tids=[20]
  logW=21.028 tids=[20]
  logW=19.865 tids=[20]
  logW=11.512 tids=[20]
cluster=6 tracks=[21] globals=2 comb_eval=2 comb_feas=2 disagree=0
  logW=-13.134 tids=[21]
  logW=-21.816 tids=[21]
SCAN scan=112 t=2025-12-10 17:40:11.085000+00:00 det=3 trees=7 leaves=53 clusters=7 comb_eval=70 comb_feas=68 rebuilt_globals=68 split_clusters=0 split_ops=0 hist_relax_attempts=0 hist_relax_ok=0 hist_relax_keys=0 nscan boundary=106 in_scope=6 committed_now=6 committed_total=21 disagree=15 births cand=0 tracks_created=0 tracks_kept=0 MAP tracks=7 used=3 unused=0 hit_rate=0.56
SCAN_NSCAN_COMMITTED scan=112 t=2025-12-10 17:40:11.085000+00:00 boundary=106 9->node3877@s106, 16->node3897@s106, 17->node3914@s106, 18->node3931@s106, 19->node3944@s106, 20->node3970@s106

Cluster rebuilds scan=113 t=2025-12-10 17:40:11.285000+00:00:
cluster=0 tracks=[9] globals=7 comb_eval=7 comb_feas=7 disagree=2
  logW=157.351 tids=[9]
  logW=145.804 tids=[9]
  logW=145.625 tids=[9]
  logW=145.440 tids=[9]
  logW=145.143 tids=[9]
cluster=1 tracks=[16] globals=4 comb_eval=4 comb_feas=4 disagree=2
  logW=-3.293 tids=[16]
  logW=-14.617 tids=[16]
  logW=-15.250 tids=[16]
  logW=-25.787 tids=[16]
cluster=2 tracks=[17] globals=20 comb_eval=21 comb_feas=20 disagree=5
  logW=94.973 tids=[17]
  logW=85.518 tids=[17]
  logW=85.201 tids=[17]
  logW=84.927 tids=[17]
  logW=84.469 tids=[17]
cluster=3 tracks=[18] globals=8 comb_eval=8 comb_feas=8 disagree=4
  logW=58.038 tids=[18]
  logW=49.161 tids=[18]
  logW=47.926 tids=[18]
  logW=45.785 tids=[18]
  logW=37.969 tids=[18]
cluster=4 tracks=[19] globals=20 comb_eval=21 comb_feas=20 disagree=5
  logW=87.773 tids=[19]
  logW=78.187 tids=[19]
  logW=77.795 tids=[19]
  logW=77.155 tids=[19]
  logW=76.287 tids=[19]
cluster=5 tracks=[20] globals=6 comb_eval=6 comb_feas=6 disagree=2
  logW=29.882 tids=[20]
  logW=20.696 tids=[20]
  logW=18.725 tids=[20]
  logW=17.562 tids=[20]
  logW=9.210 tids=[20]
cluster=6 tracks=[21] globals=2 comb_eval=2 comb_feas=2 disagree=0
  logW=-15.436 tids=[21]
  logW=-24.118 tids=[21]
SCAN scan=113 t=2025-12-10 17:40:11.285000+00:00 det=3 trees=7 leaves=47 clusters=7 comb_eval=69 comb_feas=67 rebuilt_globals=67 split_clusters=0 split_ops=0 hist_relax_attempts=0 hist_relax_ok=0 hist_relax_keys=0 nscan boundary=107 in_scope=7 committed_now=7 committed_total=22 disagree=20 births cand=0 tracks_created=0 tracks_kept=0 MAP tracks=7 used=3 unused=0 hit_rate=0.55
SCAN_NSCAN_COMMITTED scan=113 t=2025-12-10 17:40:11.285000+00:00 boundary=107 9->node3986@s107, 16->node4016@s107, 17->node4046@s107, 18->node4055@s107, 19->node4065@s107, 20->node4089@s107, 21->node4100@s107

Cluster rebuilds scan=114 t=2025-12-10 17:40:11.485000+00:00:
cluster=0 tracks=[9, 16] globals=20 comb_eval=33 comb_feas=21 disagree=4
  logW=160.956 tids=[9, 16]
  logW=149.632 tids=[9, 16]
  logW=149.453 tids=[9, 16]
  logW=148.856 tids=[9, 16]
  logW=148.838 tids=[9, 16]
cluster=1 tracks=[17] globals=20 comb_eval=21 comb_feas=20 disagree=0
  logW=103.667 tids=[17]
  logW=94.143 tids=[17]
  logW=93.686 tids=[17]
  logW=93.169 tids=[17]
  logW=92.671 tids=[17]
cluster=2 tracks=[18] globals=4 comb_eval=4 comb_feas=4 disagree=0
  logW=55.736 tids=[18]
  logW=46.858 tids=[18]
  logW=45.623 tids=[18]
  logW=35.667 tids=[18]
cluster=3 tracks=[19] globals=15 comb_eval=15 comb_feas=15 disagree=0
  logW=85.470 tids=[19]
  logW=75.885 tids=[19]
  logW=75.492 tids=[19]
  logW=74.852 tids=[19]
  logW=73.985 tids=[19]
cluster=4 tracks=[20] globals=6 comb_eval=6 comb_feas=6 disagree=0
  logW=28.322 tids=[20]
  logW=27.580 tids=[20]
  logW=18.394 tids=[20]
  logW=16.645 tids=[20]
  logW=16.423 tids=[20]
cluster=5 tracks=[21] globals=2 comb_eval=2 comb_feas=2 disagree=0
  logW=-17.739 tids=[21]
  logW=-26.421 tids=[21]
SCAN scan=114 t=2025-12-10 17:40:11.485000+00:00 det=3 trees=7 leaves=58 clusters=6 comb_eval=81 comb_feas=68 rebuilt_globals=67 split_clusters=0 split_ops=0 hist_relax_attempts=0 hist_relax_ok=0 hist_relax_keys=0 nscan boundary=108 in_scope=7 committed_now=7 committed_total=22 disagree=4 births cand=0 tracks_created=0 tracks_kept=0 MAP tracks=7 used=3 unused=0 hit_rate=0.53
SCAN_NSCAN_COMMITTED scan=114 t=2025-12-10 17:40:11.485000+00:00 boundary=108 9->node4101@s108, 16->node4115@s108, 17->node4120@s108, 18->node4125@s108, 19->node4135@s108, 20->node4149@s108, 21->node4160@s108

Cluster rebuilds scan=115 t=2025-12-10 17:40:11.685000+00:00:
cluster=0 tracks=[9, 16] globals=20 comb_eval=85 comb_feas=31 disagree=5
  logW=168.220 tids=[9, 16]
  logW=156.896 tids=[9, 16]
  logW=156.351 tids=[9, 16]
  logW=156.221 tids=[9, 16]
  logW=156.098 tids=[9, 16]
cluster=1 tracks=[17] globals=20 comb_eval=21 comb_feas=20 disagree=7
  logW=113.101 tids=[17]
  logW=103.594 tids=[17]
  logW=102.890 tids=[17]
  logW=102.603 tids=[17]
  logW=101.757 tids=[17]
cluster=2 tracks=[18] globals=4 comb_eval=4 comb_feas=4 disagree=0
  logW=53.433 tids=[18]
  logW=44.556 tids=[18]
  logW=43.321 tids=[18]
  logW=33.364 tids=[18]
cluster=3 tracks=[19] globals=15 comb_eval=15 comb_feas=15 disagree=4
  logW=83.168 tids=[19]
  logW=73.582 tids=[19]
  logW=73.189 tids=[19]
  logW=72.549 tids=[19]
  logW=71.682 tids=[19]
cluster=4 tracks=[20] globals=6 comb_eval=6 comb_feas=6 disagree=3
  logW=26.020 tids=[20]
  logW=25.277 tids=[20]
  logW=16.091 tids=[20]
  logW=14.342 tids=[20]
  logW=14.120 tids=[20]
cluster=5 tracks=[21] globals=2 comb_eval=2 comb_feas=2 disagree=0
  logW=-20.041 tids=[21]
  logW=-28.723 tids=[21]
SCAN scan=115 t=2025-12-10 17:40:11.685000+00:00 det=2 trees=7 leaves=45 clusters=6 comb_eval=133 comb_feas=78 rebuilt_globals=67 split_clusters=0 split_ops=0 hist_relax_attempts=0 hist_relax_ok=0 hist_relax_keys=0 nscan boundary=109 in_scope=7 committed_now=7 committed_total=22 disagree=19 births cand=0 tracks_created=0 tracks_kept=0 MAP tracks=7 used=2 unused=0 hit_rate=0.51
SCAN_NSCAN_COMMITTED scan=115 t=2025-12-10 17:40:11.685000+00:00 boundary=109 9->node4161@s109, 16->node4175@s109, 17->node4182@s109, 18->node4190@s109, 19->node4198@s109, 20->node4214@s109, 21->node4235@s109

Cluster rebuilds scan=116 t=2025-12-10 17:40:11.885000+00:00:
cluster=0 tracks=[9, 16] globals=20 comb_eval=180 comb_feas=34 disagree=8
  logW=185.838 tids=[9, 16]
  logW=174.842 tids=[9, 16]
  logW=174.610 tids=[9, 16]
  logW=173.892 tids=[9, 16]
  logW=173.827 tids=[9, 16]
cluster=1 tracks=[17] globals=20 comb_eval=21 comb_feas=20 disagree=5
  logW=122.784 tids=[17]
  logW=112.665 tids=[17]
  logW=112.251 tids=[17]
  logW=111.093 tids=[17]
  logW=110.839 tids=[17]
cluster=2 tracks=[18] globals=4 comb_eval=4 comb_feas=4 disagree=2
  logW=51.130 tids=[18]
  logW=42.253 tids=[18]
  logW=41.018 tids=[18]
  logW=31.062 tids=[18]
cluster=3 tracks=[19] globals=11 comb_eval=11 comb_feas=11 disagree=4
  logW=80.865 tids=[19]
  logW=71.280 tids=[19]
  logW=70.887 tids=[19]
  logW=70.247 tids=[19]
  logW=69.380 tids=[19]
cluster=4 tracks=[20] globals=3 comb_eval=3 comb_feas=3 disagree=0
  logW=23.717 tids=[20]
  logW=22.974 tids=[20]
  logW=13.788 tids=[20]
cluster=5 tracks=[21] globals=2 comb_eval=2 comb_feas=2 disagree=1
  logW=-22.344 tids=[21]
  logW=-31.026 tids=[21]
SCAN scan=116 t=2025-12-10 17:40:11.885000+00:00 det=3 trees=7 leaves=38 clusters=6 comb_eval=221 comb_feas=74 rebuilt_globals=60 split_clusters=0 split_ops=0 hist_relax_attempts=0 hist_relax_ok=0 hist_relax_keys=0 nscan boundary=110 in_scope=7 committed_now=7 committed_total=22 disagree=20 births cand=0 tracks_created=0 tracks_kept=0 MAP tracks=7 used=3 unused=0 hit_rate=0.50
SCAN_NSCAN_COMMITTED scan=116 t=2025-12-10 17:40:11.885000+00:00 boundary=110 9->node4236@s110, 16->node4250@s110, 17->node4255@s110, 18->node4263@s110, 19->node4275@s110, 20->node4307@s110, 21->node4313@s110
TRACK_LIFECYCLE mode=map_leaf miss_threshold=7 terminated=[21]

Cluster rebuilds scan=117 t=2025-12-10 17:40:12.085000+00:00:
cluster=0 tracks=[9, 16] globals=20 comb_eval=63 comb_feas=27 disagree=0
  logW=192.415 tids=[9, 16]
  logW=181.232 tids=[9, 16]
  logW=181.188 tids=[9, 16]
  logW=180.763 tids=[9, 16]
  logW=180.470 tids=[9, 16]
cluster=1 tracks=[17] globals=20 comb_eval=21 comb_feas=20 disagree=2
  logW=131.429 tids=[17]
  logW=121.505 tids=[17]
  logW=120.482 tids=[17]
  logW=119.764 tids=[17]
  logW=119.585 tids=[17]
cluster=2 tracks=[18] globals=4 comb_eval=4 comb_feas=4 disagree=0
  logW=59.819 tids=[18]
  logW=49.457 tids=[18]
  logW=48.828 tids=[18]
  logW=39.950 tids=[18]
cluster=3 tracks=[19] globals=14 comb_eval=14 comb_feas=14 disagree=6
  logW=90.134 tids=[19]
  logW=80.200 tids=[19]
  logW=80.057 tids=[19]
  logW=79.042 tids=[19]
  logW=78.562 tids=[19]
cluster=4 tracks=[20] globals=5 comb_eval=5 comb_feas=5 disagree=0
  logW=29.376 tids=[20]
  logW=21.415 tids=[20]
  logW=20.672 tids=[20]
  logW=18.086 tids=[20]
  logW=11.486 tids=[20]
cluster=5 tracks=[21] globals=1 comb_eval=1 comb_feas=1 disagree=0
  logW=-24.646 tids=[21]
SCAN scan=117 t=2025-12-10 17:40:12.085000+00:00 det=6 trees=6 leaves=50 clusters=6 comb_eval=108 comb_feas=71 rebuilt_globals=64 split_clusters=0 split_ops=0 hist_relax_attempts=0 hist_relax_ok=0 hist_relax_keys=0 nscan boundary=111 in_scope=7 committed_now=7 committed_total=22 disagree=8 births cand=0 tracks_created=0 tracks_kept=0 MAP tracks=6 used=5 unused=1 hit_rate=0.57
SCAN_NSCAN_COMMITTED scan=117 t=2025-12-10 17:40:12.085000+00:00 boundary=111 9->node4315@s111, 16->node4324@s111, 17->node4328@s111, 18->node4344@s111, 19->node4356@s111, 20->node4384@s111, 21->node4389@s111

Cluster rebuilds scan=118 t=2025-12-10 17:40:12.285000+00:00:
cluster=0 tracks=[9, 16] globals=20 comb_eval=174 comb_feas=35 disagree=0
  logW=210.473 tids=[9, 16]
  logW=199.907 tids=[9, 16]
  logW=199.658 tids=[9, 16]
  logW=199.099 tids=[9, 16]
  logW=198.624 tids=[9, 16]
cluster=1 tracks=[17] globals=20 comb_eval=21 comb_feas=20 disagree=7
  logW=140.991 tids=[17]
  logW=131.009 tids=[17]
  logW=130.064 tids=[17]
  logW=129.181 tids=[17]
  logW=129.126 tids=[17]
cluster=2 tracks=[18] globals=8 comb_eval=8 comb_feas=8 disagree=0
  logW=68.192 tids=[18]
  logW=58.366 tids=[18]
  logW=57.517 tids=[18]
  logW=56.983 tids=[18]
  logW=48.001 tids=[18]
cluster=3 tracks=[19] globals=16 comb_eval=16 comb_feas=16 disagree=8
  logW=96.791 tids=[19]
  logW=87.832 tids=[19]
  logW=86.467 tids=[19]
  logW=86.170 tids=[19]
  logW=85.878 tids=[19]
cluster=4 tracks=[20] globals=7 comb_eval=7 comb_feas=7 disagree=5
  logW=29.012 tids=[20]
  logW=27.073 tids=[20]
  logW=19.112 tids=[20]
  logW=18.958 tids=[20]
  logW=18.369 tids=[20]
SCAN scan=118 t=2025-12-10 17:40:12.285000+00:00 det=6 trees=6 leaves=44 clusters=5 comb_eval=226 comb_feas=86 rebuilt_globals=71 split_clusters=0 split_ops=0 hist_relax_attempts=0 hist_relax_ok=0 hist_relax_keys=0 nscan boundary=112 in_scope=6 committed_now=6 committed_total=22 disagree=20 births cand=0 tracks_created=0 tracks_kept=0 MAP tracks=6 used=6 unused=0 hit_rate=0.58
SCAN_NSCAN_COMMITTED scan=118 t=2025-12-10 17:40:12.285000+00:00 boundary=112 9->node4391@s112, 16->node4399@s112, 17->node4403@s112, 18->node4435@s112, 19->node4443@s112, 20->node4483@s112

Cluster rebuilds scan=119 t=2025-12-10 17:40:12.485000+00:00:
cluster=0 tracks=[9] globals=12 comb_eval=12 comb_feas=12 disagree=0
  logW=199.658 tids=[9]
  logW=189.983 tids=[9]
  logW=188.521 tids=[9]
  logW=187.713 tids=[9]
  logW=187.654 tids=[9]
cluster=1 tracks=[16] globals=7 comb_eval=7 comb_feas=7 disagree=0
  logW=15.884 tids=[16]
  logW=5.319 tids=[16]
  logW=5.070 tids=[16]
  logW=3.652 tids=[16]
  logW=-6.113 tids=[16]
cluster=2 tracks=[17] globals=13 comb_eval=13 comb_feas=13 disagree=2
  logW=138.689 tids=[17]
  logW=127.762 tids=[17]
  logW=126.878 tids=[17]
  logW=126.824 tids=[17]
  logW=126.778 tids=[17]
cluster=3 tracks=[18] globals=17 comb_eval=17 comb_feas=17 disagree=9
  logW=76.347 tids=[18]
  logW=66.461 tids=[18]
  logW=66.267 tids=[18]
  logW=65.889 tids=[18]
  logW=64.204 tids=[18]
cluster=4 tracks=[19] globals=8 comb_eval=8 comb_feas=8 disagree=4
  logW=94.488 tids=[19]
  logW=85.529 tids=[19]
  logW=84.164 tids=[19]
  logW=83.575 tids=[19]
  logW=74.436 tids=[19]
cluster=5 tracks=[20] globals=2 comb_eval=2 comb_feas=2 disagree=0
  logW=26.709 tids=[20]
  logW=16.067 tids=[20]
SCAN scan=119 t=2025-12-10 17:40:12.485000+00:00 det=3 trees=6 leaves=44 clusters=6 comb_eval=59 comb_feas=59 rebuilt_globals=59 split_clusters=0 split_ops=0 hist_relax_attempts=0 hist_relax_ok=0 hist_relax_keys=0 nscan boundary=113 in_scope=6 committed_now=6 committed_total=22 disagree=15 births cand=0 tracks_created=0 tracks_kept=0 MAP tracks=6 used=2 unused=1 hit_rate=0.56
SCAN_NSCAN_COMMITTED scan=119 t=2025-12-10 17:40:12.485000+00:00 boundary=113 9->node4491@s113, 16->node4498@s113, 17->node4502@s113, 18->node4534@s113, 19->node4542@s113, 20->node4570@s113

Cluster rebuilds scan=120 t=2025-12-10 17:40:12.685000+00:00:
cluster=0 tracks=[9, 16] globals=20 comb_eval=183 comb_feas=36 disagree=2
  logW=234.115 tids=[9, 16]
  logW=223.388 tids=[9, 16]
  logW=223.229 tids=[9, 16]
  logW=223.066 tids=[9, 16]
  logW=222.853 tids=[9, 16]
cluster=1 tracks=[17] globals=20 comb_eval=21 comb_feas=20 disagree=4
  logW=147.841 tids=[17]
  logW=136.386 tids=[17]
  logW=136.318 tids=[17]
  logW=136.113 tids=[17]
  logW=136.088 tids=[17]
cluster=2 tracks=[18] globals=16 comb_eval=16 comb_feas=16 disagree=0
  logW=85.159 tids=[18]
  logW=75.157 tids=[18]
  logW=74.102 tids=[18]
  logW=74.045 tids=[18]
  logW=73.173 tids=[18]
cluster=3 tracks=[19] globals=8 comb_eval=8 comb_feas=8 disagree=0
  logW=103.379 tids=[19]
  logW=94.565 tids=[19]
  logW=92.186 tids=[19]
  logW=91.684 tids=[19]
  logW=83.227 tids=[19]
cluster=4 tracks=[20] globals=3 comb_eval=3 comb_feas=3 disagree=0
  logW=24.407 tids=[20]
  logW=20.387 tids=[20]
  logW=13.764 tids=[20]
SCAN scan=120 t=2025-12-10 17:40:12.685000+00:00 det=6 trees=6 leaves=57 clusters=5 comb_eval=231 comb_feas=83 rebuilt_globals=67 split_clusters=0 split_ops=0 hist_relax_attempts=0 hist_relax_ok=0 hist_relax_keys=0 nscan boundary=114 in_scope=6 committed_now=6 committed_total=22 disagree=6 births cand=0 tracks_created=0 tracks_kept=0 MAP tracks=6 used=5 unused=1 hit_rate=0.57
SCAN_NSCAN_COMMITTED scan=120 t=2025-12-10 17:40:12.685000+00:00 boundary=114 9->node4578@s114, 16->node4588@s114, 17->node4591@s114, 18->node4621@s114, 19->node4625@s114, 20->node4640@s114

Cluster rebuilds scan=121 t=2025-12-10 17:40:12.885000+00:00:
cluster=0 tracks=[9] globals=14 comb_eval=14 comb_feas=14 disagree=2
  logW=217.295 tids=[9]
  logW=206.932 tids=[9]
  logW=206.650 tids=[9]
  logW=206.299 tids=[9]
  logW=205.740 tids=[9]
cluster=1 tracks=[16] globals=7 comb_eval=7 comb_feas=7 disagree=0
  logW=22.860 tids=[16]
  logW=12.133 tids=[16]
  logW=11.598 tids=[16]
  logW=11.279 tids=[16]
  logW=10.598 tids=[16]
cluster=2 tracks=[17] globals=20 comb_eval=21 comb_feas=20 disagree=5
  logW=156.656 tids=[17]
  logW=145.624 tids=[17]
  logW=145.538 tids=[17]
  logW=145.358 tids=[17]
  logW=144.849 tids=[17]
cluster=3 tracks=[18] globals=16 comb_eval=16 comb_feas=16 disagree=0
  logW=82.856 tids=[18]
  logW=72.854 tids=[18]
  logW=71.800 tids=[18]
  logW=71.742 tids=[18]
  logW=70.870 tids=[18]
cluster=4 tracks=[19] globals=16 comb_eval=16 comb_feas=16 disagree=0
  logW=111.401 tids=[19]
  logW=101.077 tids=[19]
  logW=101.076 tids=[19]
  logW=100.970 tids=[19]
  logW=100.082 tids=[19]
cluster=5 tracks=[20] globals=3 comb_eval=3 comb_feas=3 disagree=0
  logW=22.104 tids=[20]
  logW=18.085 tids=[20]
  logW=11.462 tids=[20]
SCAN scan=121 t=2025-12-10 17:40:12.885000+00:00 det=3 trees=6 leaves=69 clusters=6 comb_eval=77 comb_feas=76 rebuilt_globals=76 split_clusters=0 split_ops=0 hist_relax_attempts=0 hist_relax_ok=0 hist_relax_keys=0 nscan boundary=115 in_scope=6 committed_now=6 committed_total=22 disagree=7 births cand=0 tracks_created=0 tracks_kept=0 MAP tracks=6 used=3 unused=0 hit_rate=0.57
SCAN_NSCAN_COMMITTED scan=121 t=2025-12-10 17:40:12.885000+00:00 boundary=115 9->node4648@s115, 16->node4664@s115, 17->node4669@s115, 18->node4709@s115, 19->node4713@s115, 20->node4728@s115

Cluster rebuilds scan=122 t=2025-12-10 17:40:13.085000+00:00:
cluster=0 tracks=[9] globals=12 comb_eval=12 comb_feas=12 disagree=2
  logW=214.993 tids=[9]
  logW=204.630 tids=[9]
  logW=204.347 tids=[9]
  logW=203.996 tids=[9]
  logW=203.437 tids=[9]
cluster=1 tracks=[16] globals=7 comb_eval=7 comb_feas=7 disagree=1
  logW=20.557 tids=[16]
  logW=9.831 tids=[16]
  logW=9.296 tids=[16]
  logW=8.976 tids=[16]
  logW=8.295 tids=[16]
cluster=2 tracks=[17, 18, 20] globals=20 comb_eval=617 comb_feas=48 disagree=1
  logW=280.816 tids=[17, 18, 20]
  logW=276.718 tids=[17, 18, 20]
  logW=272.699 tids=[17, 18, 20]
  logW=270.323 tids=[17, 18, 20]
  logW=270.247 tids=[17, 18, 20]
cluster=3 tracks=[19] globals=20 comb_eval=21 comb_feas=20 disagree=0
  logW=120.744 tids=[19]
  logW=110.595 tids=[19]
  logW=110.546 tids=[19]
  logW=109.650 tids=[19]
  logW=109.239 tids=[19]
SCAN scan=122 t=2025-12-10 17:40:13.085000+00:00 det=4 trees=6 leaves=52 clusters=4 comb_eval=657 comb_feas=87 rebuilt_globals=59 split_clusters=0 split_ops=0 hist_relax_attempts=0 hist_relax_ok=0 hist_relax_keys=0 nscan boundary=116 in_scope=6 committed_now=6 committed_total=22 disagree=4 births cand=0 tracks_created=0 tracks_kept=0 MAP tracks=6 used=4 unused=0 hit_rate=0.57
SCAN_NSCAN_COMMITTED scan=122 t=2025-12-10 17:40:13.085000+00:00 boundary=116 9->node4736@s116, 16->node4750@s116, 17->node4762@s116, 18->node4788@s116, 19->node4792@s116, 20->node4803@s116

Internal births at 2025-12-10 17:40:13.285000+00:00: kept=1
  birth_state=(x=73.2, vx=0.00, y=16.8, vy=0.00)

Cluster rebuilds scan=123 t=2025-12-10 17:40:13.285000+00:00:
cluster=0 tracks=[9, 16] globals=20 comb_eval=135 comb_feas=32 disagree=2
  logW=254.052 tids=[9, 16]
  logW=243.644 tids=[9, 16]
  logW=243.291 tids=[9, 16]
  logW=243.228 tids=[9, 16]
  logW=242.663 tids=[9, 16]
cluster=1 tracks=[17, 20] globals=20 comb_eval=92 comb_feas=29 disagree=3
  logW=202.385 tids=[17, 20]
  logW=197.362 tids=[17, 20]
  logW=196.404 tids=[17, 20]
  logW=192.306 tids=[17, 20]
  logW=191.466 tids=[17, 20]
cluster=2 tracks=[18] globals=6 comb_eval=6 comb_feas=6 disagree=1
  logW=89.129 tids=[18]
  logW=78.636 tids=[18]
  logW=78.473 tids=[18]
  logW=78.251 tids=[18]
  logW=78.104 tids=[18]
cluster=3 tracks=[19] globals=20 comb_eval=21 comb_feas=20 disagree=5
  logW=129.847 tids=[19]
  logW=120.009 tids=[19]
  logW=119.803 tids=[19]
  logW=118.442 tids=[19]
  logW=118.293 tids=[19]
cluster=4 tracks=[22] globals=1 comb_eval=1 comb_feas=1 disagree=0
  logW=-8.000 tids=[22]
SCAN scan=123 t=2025-12-10 17:40:13.285000+00:00 det=6 trees=7 leaves=48 clusters=5 comb_eval=255 comb_feas=88 rebuilt_globals=67 split_clusters=0 split_ops=0 hist_relax_attempts=0 hist_relax_ok=0 hist_relax_keys=0 nscan boundary=117 in_scope=6 committed_now=6 committed_total=22 disagree=11 births cand=1 tracks_created=1 tracks_kept=1 MAP tracks=7 used=6 unused=0 hit_rate=0.63
SCAN_NSCAN_COMMITTED scan=123 t=2025-12-10 17:40:13.285000+00:00 boundary=117 9->node4808@s117, 16->node4816@s117, 17->node4823@s117, 18->node4853@s117, 19->node4857@s117, 20->node4871@s117

Cluster rebuilds scan=124 t=2025-12-10 17:40:13.485000+00:00:
cluster=0 tracks=[9] globals=11 comb_eval=11 comb_feas=11 disagree=2
  logW=221.902 tids=[9]
  logW=211.494 tids=[9]
  logW=211.078 tids=[9]
  logW=210.475 tids=[9]
  logW=210.387 tids=[9]
cluster=1 tracks=[16] globals=4 comb_eval=4 comb_feas=4 disagree=1
  logW=27.545 tids=[16]
  logW=16.784 tids=[16]
  logW=15.952 tids=[16]
  logW=15.478 tids=[16]
cluster=2 tracks=[17] globals=6 comb_eval=6 comb_feas=6 disagree=1
  logW=172.505 tids=[17]
  logW=161.586 tids=[17]
  logW=161.261 tids=[17]
  logW=160.880 tids=[17]
  logW=160.585 tids=[17]
cluster=3 tracks=[18] globals=10 comb_eval=10 comb_feas=10 disagree=2
  logW=98.553 tids=[18]
  logW=87.793 tids=[18]
  logW=87.699 tids=[18]
  logW=87.614 tids=[18]
  logW=87.381 tids=[18]
cluster=4 tracks=[19] globals=20 comb_eval=21 comb_feas=20 disagree=6
  logW=135.823 tids=[19]
  logW=127.544 tids=[19]
  logW=125.733 tids=[19]
  logW=125.518 tids=[19]
  logW=124.791 tids=[19]
cluster=5 tracks=[20] globals=11 comb_eval=11 comb_feas=11 disagree=7
  logW=36.686 tids=[20]
  logW=30.325 tids=[20]
  logW=25.797 tids=[20]
  logW=25.275 tids=[20]
  logW=24.733 tids=[20]
cluster=6 tracks=[22] globals=1 comb_eval=1 comb_feas=1 disagree=0
  logW=-10.303 tids=[22]
SCAN scan=124 t=2025-12-10 17:40:13.485000+00:00 det=3 trees=7 leaves=44 clusters=7 comb_eval=64 comb_feas=63 rebuilt_globals=63 split_clusters=0 split_ops=0 hist_relax_attempts=0 hist_relax_ok=0 hist_relax_keys=0 nscan boundary=118 in_scope=6 committed_now=6 committed_total=22 disagree=19 births cand=0 tracks_created=0 tracks_kept=0 MAP tracks=7 used=3 unused=0 hit_rate=0.56
SCAN_NSCAN_COMMITTED scan=124 t=2025-12-10 17:40:13.485000+00:00 boundary=118 9->node4877@s118, 16->node4893@s118, 17->node4907@s118, 18->node4943@s118, 19->node4951@s118, 20->node4967@s118

Cluster rebuilds scan=125 t=2025-12-10 17:40:13.685000+00:00:
cluster=0 tracks=[9, 16] globals=20 comb_eval=66 comb_feas=28 disagree=6
  logW=254.629 tids=[9, 16]
  logW=244.842 tids=[9, 16]
  logW=244.221 tids=[9, 16]
  logW=243.805 tids=[9, 16]
  logW=243.631 tids=[9, 16]
cluster=1 tracks=[17] globals=5 comb_eval=5 comb_feas=5 disagree=0
  logW=170.202 tids=[17]
  logW=159.283 tids=[17]
  logW=158.959 tids=[17]
  logW=158.577 tids=[17]
  logW=158.282 tids=[17]
cluster=2 tracks=[18] globals=8 comb_eval=8 comb_feas=8 disagree=2
  logW=96.250 tids=[18]
  logW=85.397 tids=[18]
  logW=85.312 tids=[18]
  logW=85.078 tids=[18]
  logW=84.524 tids=[18]
cluster=3 tracks=[19] globals=20 comb_eval=21 comb_feas=20 disagree=0
  logW=145.611 tids=[19]
  logW=136.890 tids=[19]
  logW=135.114 tids=[19]
  logW=134.527 tids=[19]
  logW=133.962 tids=[19]
cluster=4 tracks=[20] globals=4 comb_eval=4 comb_feas=4 disagree=0
  logW=34.384 tids=[20]
  logW=23.495 tids=[20]
  logW=22.973 tids=[20]
  logW=12.894 tids=[20]
cluster=5 tracks=[22] globals=1 comb_eval=1 comb_feas=1 disagree=0
  logW=-12.605 tids=[22]
SCAN scan=125 t=2025-12-10 17:40:13.685000+00:00 det=2 trees=7 leaves=47 clusters=6 comb_eval=105 comb_feas=66 rebuilt_globals=58 split_clusters=0 split_ops=0 hist_relax_attempts=0 hist_relax_ok=0 hist_relax_keys=0 nscan boundary=119 in_scope=6 committed_now=6 committed_total=22 disagree=8 births cand=0 tracks_created=0 tracks_kept=0 MAP tracks=7 used=2 unused=0 hit_rate=0.53
SCAN_NSCAN_COMMITTED scan=125 t=2025-12-10 17:40:13.685000+00:00 boundary=119 9->node4974@s119, 16->node4986@s119, 17->node4993@s119, 18->node5006@s119, 19->node5023@s119, 20->node5031@s119

Cluster rebuilds scan=126 t=2025-12-10 17:40:13.885000+00:00:
cluster=0 tracks=[9, 16] globals=20 comb_eval=101 comb_feas=32 disagree=4
  logW=273.337 tids=[9, 16]
  logW=262.675 tids=[9, 16]
  logW=262.321 tids=[9, 16]
  logW=262.217 tids=[9, 16]
  logW=261.724 tids=[9, 16]
cluster=1 tracks=[17, 20] globals=20 comb_eval=55 comb_feas=27 disagree=4
  logW=211.749 tids=[17, 20]
  logW=200.860 tids=[17, 20]
  logW=200.757 tids=[17, 20]
  logW=200.385 tids=[17, 20]
  logW=200.339 tids=[17, 20]
cluster=2 tracks=[18] globals=6 comb_eval=6 comb_feas=6 disagree=2
  logW=93.948 tids=[18]
  logW=83.094 tids=[18]
  logW=82.776 tids=[18]
  logW=82.221 tids=[18]
  logW=71.728 tids=[18]
cluster=3 tracks=[19] globals=20 comb_eval=21 comb_feas=20 disagree=5
  logW=155.446 tids=[19]
  logW=146.381 tids=[19]
  logW=144.826 tids=[19]
  logW=144.359 tids=[19]
  logW=143.767 tids=[19]
cluster=4 tracks=[22] globals=1 comb_eval=1 comb_feas=1 disagree=0
  logW=-14.908 tids=[22]
SCAN scan=126 t=2025-12-10 17:40:13.885000+00:00 det=4 trees=7 leaves=43 clusters=5 comb_eval=184 comb_feas=86 rebuilt_globals=67 split_clusters=0 split_ops=0 hist_relax_attempts=0 hist_relax_ok=0 hist_relax_keys=0 nscan boundary=120 in_scope=6 committed_now=6 committed_total=22 disagree=15 births cand=0 tracks_created=0 tracks_kept=0 MAP tracks=7 used=4 unused=0 hit_rate=0.52
SCAN_NSCAN_COMMITTED scan=126 t=2025-12-10 17:40:13.885000+00:00 boundary=120 9->node5033@s120, 16->node5057@s120, 17->node5072@s120, 18->node5094@s120, 19->node5110@s120, 20->node5118@s120

Cluster rebuilds scan=127 t=2025-12-10 17:40:14.085000+00:00:
cluster=0 tracks=[9] globals=12 comb_eval=12 comb_feas=12 disagree=6
  logW=237.330 tids=[9]
  logW=226.614 tids=[9]
  logW=226.313 tids=[9]
  logW=225.771 tids=[9]
  logW=225.628 tids=[9]
cluster=1 tracks=[16] globals=14 comb_eval=14 comb_feas=14 disagree=0
  logW=53.684 tids=[16]
  logW=42.789 tids=[16]
  logW=42.118 tids=[16]
  logW=41.934 tids=[16]
  logW=41.743 tids=[16]
cluster=2 tracks=[17] globals=6 comb_eval=6 comb_feas=6 disagree=1
  logW=177.366 tids=[17]
  logW=166.002 tids=[17]
  logW=165.597 tids=[17]
  logW=165.449 tids=[17]
  logW=165.398 tids=[17]
cluster=3 tracks=[18, 22] globals=12 comb_eval=18 comb_feas=12 disagree=0
  logW=85.445 tids=[18, 22]
  logW=79.584 tids=[18, 22]
  logW=74.584 tids=[18, 22]
  logW=74.435 tids=[18, 22]
  logW=73.200 tids=[18, 22]
cluster=4 tracks=[19] globals=20 comb_eval=21 comb_feas=20 disagree=2
  logW=164.400 tids=[19]
  logW=154.549 tids=[19]
  logW=154.040 tids=[19]
  logW=153.144 tids=[19]
  logW=152.825 tids=[19]
cluster=5 tracks=[20] globals=4 comb_eval=4 comb_feas=4 disagree=0
  logW=29.778 tids=[20]
  logW=18.890 tids=[20]
  logW=18.368 tids=[20]
  logW=8.289 tids=[20]
SCAN scan=127 t=2025-12-10 17:40:14.085000+00:00 det=4 trees=7 leaves=57 clusters=6 comb_eval=75 comb_feas=68 rebuilt_globals=68 split_clusters=0 split_ops=0 hist_relax_attempts=0 hist_relax_ok=0 hist_relax_keys=0 nscan boundary=121 in_scope=6 committed_now=6 committed_total=22 disagree=9 births cand=0 tracks_created=0 tracks_kept=0 MAP tracks=7 used=4 unused=0 hit_rate=0.52
SCAN_NSCAN_COMMITTED scan=127 t=2025-12-10 17:40:14.085000+00:00 boundary=121 9->node5121@s121, 16->node5135@s121, 17->node5142@s121, 18->node5174@s121, 19->node5190@s121, 20->node5206@s121

Cluster rebuilds scan=128 t=2025-12-10 17:40:14.285000+00:00:
cluster=0 tracks=[9] globals=12 comb_eval=12 comb_feas=12 disagree=0
  logW=246.769 tids=[9]
  logW=235.319 tids=[9]
  logW=235.146 tids=[9]
  logW=235.028 tids=[9]
  logW=235.026 tids=[9]
cluster=1 tracks=[16] globals=14 comb_eval=14 comb_feas=14 disagree=0
  logW=51.381 tids=[16]
  logW=40.486 tids=[16]
  logW=39.815 tids=[16]
  logW=39.631 tids=[16]
  logW=39.440 tids=[16]
cluster=2 tracks=[17, 20] globals=20 comb_eval=55 comb_feas=27 disagree=5
  logW=214.307 tids=[17, 20]
  logW=203.418 tids=[17, 20]
  logW=202.896 tids=[17, 20]
  logW=202.875 tids=[17, 20]
  logW=202.539 tids=[17, 20]
cluster=3 tracks=[18, 22] globals=20 comb_eval=150 comb_feas=40 disagree=3
  logW=98.333 tids=[18, 22]
  logW=96.621 tids=[18, 22]
  logW=96.362 tids=[18, 22]
  logW=95.245 tids=[18, 22]
  logW=94.267 tids=[18, 22]
cluster=4 tracks=[19] globals=20 comb_eval=21 comb_feas=20 disagree=4
  logW=172.541 tids=[19]
  logW=162.441 tids=[19]
  logW=162.130 tids=[19]
  logW=162.097 tids=[19]
  logW=161.037 tids=[19]
SCAN scan=128 t=2025-12-10 17:40:14.285000+00:00 det=6 trees=7 leaves=65 clusters=5 comb_eval=252 comb_feas=113 rebuilt_globals=86 split_clusters=0 split_ops=0 hist_relax_attempts=0 hist_relax_ok=0 hist_relax_keys=0 nscan boundary=122 in_scope=6 committed_now=6 committed_total=22 disagree=12 births cand=0 tracks_created=0 tracks_kept=0 MAP tracks=7 used=5 unused=1 hit_rate=0.54
SCAN_NSCAN_COMMITTED scan=128 t=2025-12-10 17:40:14.285000+00:00 boundary=122 9->node5209@s122, 16->node5221@s122, 17->node5228@s122, 18->node5258@s122, 19->node5291@s122, 20->node5323@s122

Cluster rebuilds scan=129 t=2025-12-10 17:40:14.485000+00:00:
cluster=0 tracks=[9, 16] globals=20 comb_eval=211 comb_feas=33 disagree=7
  logW=316.573 tids=[9, 16]
  logW=305.543 tids=[9, 16]
  logW=305.480 tids=[9, 16]
  logW=305.415 tids=[9, 16]
  logW=305.107 tids=[9, 16]
cluster=1 tracks=[17, 20] globals=20 comb_eval=65 comb_feas=28 disagree=10
  logW=221.548 tids=[17, 20]
  logW=210.659 tids=[17, 20]
  logW=210.137 tids=[17, 20]
  logW=209.702 tids=[17, 20]
  logW=209.560 tids=[17, 20]
cluster=2 tracks=[18, 22] globals=20 comb_eval=120 comb_feas=35 disagree=0
  logW=105.533 tids=[18, 22]
  logW=103.821 tids=[18, 22]
  logW=102.352 tids=[18, 22]
  logW=102.221 tids=[18, 22]
  logW=101.781 tids=[18, 22]
cluster=3 tracks=[19] globals=16 comb_eval=16 comb_feas=16 disagree=6
  logW=170.239 tids=[19]
  logW=160.138 tids=[19]
  logW=159.827 tids=[19]
  logW=159.795 tids=[19]
  logW=158.389 tids=[19]
SCAN scan=129 t=2025-12-10 17:40:14.485000+00:00 det=4 trees=7 leaves=47 clusters=4 comb_eval=412 comb_feas=112 rebuilt_globals=76 split_clusters=0 split_ops=0 hist_relax_attempts=0 hist_relax_ok=0 hist_relax_keys=0 nscan boundary=123 in_scope=6 committed_now=6 committed_total=22 disagree=23 births cand=0 tracks_created=0 tracks_kept=0 MAP tracks=7 used=4 unused=0 hit_rate=0.53
SCAN_NSCAN_COMMITTED scan=129 t=2025-12-10 17:40:14.485000+00:00 boundary=123 9->node5328@s123, 16->node5348@s123, 17->node5363@s123, 18->node5375@s123, 19->node5381@s123, 20->node5421@s123

Cluster rebuilds scan=130 t=2025-12-10 17:40:14.685000+00:00:
cluster=0 tracks=[9, 17, 18, 22] globals=20 comb_eval=2900 comb_feas=43 disagree=0
  logW=582.260 tids=[9, 17, 18, 22]
  logW=580.548 tids=[9, 17, 18, 22]
  logW=579.637 tids=[9, 17, 18, 22]
  logW=578.535 tids=[9, 17, 18, 22]
  logW=578.532 tids=[9, 17, 18, 22]
cluster=1 tracks=[16] globals=16 comb_eval=16 comb_feas=16 disagree=0
  logW=68.714 tids=[16]
  logW=58.341 tids=[16]
  logW=57.806 tids=[16]
  logW=56.997 tids=[16]
  logW=56.902 tids=[16]
cluster=2 tracks=[19] globals=10 comb_eval=10 comb_feas=10 disagree=4
  logW=167.936 tids=[19]
  logW=157.525 tids=[19]
  logW=157.492 tids=[19]
  logW=156.086 tids=[19]
  logW=155.996 tids=[19]
cluster=3 tracks=[20] globals=2 comb_eval=2 comb_feas=2 disagree=1
  logW=22.871 tids=[20]
  logW=11.460 tids=[20]
SCAN scan=130 t=2025-12-10 17:40:14.685000+00:00 det=4 trees=7 leaves=48 clusters=4 comb_eval=2928 comb_feas=71 rebuilt_globals=48 split_clusters=0 split_ops=0 hist_relax_attempts=0 hist_relax_ok=0 hist_relax_keys=0 nscan boundary=124 in_scope=7 committed_now=7 committed_total=23 disagree=5 births cand=0 tracks_created=0 tracks_kept=0 MAP tracks=7 used=4 unused=0 hit_rate=0.53
SCAN_NSCAN_COMMITTED scan=130 t=2025-12-10 17:40:14.685000+00:00 boundary=124 9->node5430@s124, 16->node5441@s124, 17->node5445@s124, 18->node5451@s124, 19->node5461@s124, 20->node5488@s124, 22->node5499@s124

Cluster rebuilds scan=131 t=2025-12-10 17:40:14.885000+00:00:
cluster=0 tracks=[9, 16, 17, 18, 20, 22] globals=20 comb_eval=6908 comb_feas=67 disagree=0
  logW=716.100 tids=[9, 16, 17, 18, 20, 22]
  logW=715.064 tids=[9, 16, 17, 18, 20, 22]
  logW=714.812 tids=[9, 16, 17, 18, 20, 22]
  logW=714.387 tids=[9, 16, 17, 18, 20, 22]
  logW=714.230 tids=[9, 16, 17, 18, 20, 22]
cluster=1 tracks=[19] globals=12 comb_eval=12 comb_feas=12 disagree=2
  logW=176.445 tids=[19]
  logW=166.643 tids=[19]
  logW=165.634 tids=[19]
  logW=164.466 tids=[19]
  logW=164.346 tids=[19]
SCAN scan=131 t=2025-12-10 17:40:14.885000+00:00 det=6 trees=7 leaves=45 clusters=2 comb_eval=6920 comb_feas=79 rebuilt_globals=32 split_clusters=0 split_ops=0 hist_relax_attempts=0 hist_relax_ok=0 hist_relax_keys=0 nscan boundary=125 in_scope=7 committed_now=7 committed_total=23 disagree=2 births cand=0 tracks_created=0 tracks_kept=0 MAP tracks=7 used=6 unused=0 hit_rate=0.53
SCAN_NSCAN_COMMITTED scan=131 t=2025-12-10 17:40:14.885000+00:00 boundary=125 9->node5500@s125, 16->node5510@s125, 17->node5516@s125, 18->node5521@s125, 19->node5529@s125, 20->node5557@s125, 22->node5561@s125

Cluster rebuilds scan=132 t=2025-12-10 17:40:15.085000+00:00:
cluster=0 tracks=[9, 16, 17, 18, 20, 22] globals=20 comb_eval=2793 comb_feas=52 disagree=0
  logW=736.912 tids=[9, 16, 17, 18, 20, 22]
  logW=735.876 tids=[9, 16, 17, 18, 20, 22]
  logW=735.199 tids=[9, 16, 17, 18, 20, 22]
  logW=734.809 tids=[9, 16, 17, 18, 20, 22]
  logW=733.694 tids=[9, 16, 17, 18, 20, 22]
cluster=1 tracks=[19] globals=18 comb_eval=18 comb_feas=18 disagree=3
  logW=182.181 tids=[19]
  logW=174.142 tids=[19]
  logW=173.784 tids=[19]
  logW=170.646 tids=[19]
  logW=169.876 tids=[19]
SCAN scan=132 t=2025-12-10 17:40:15.085000+00:00 det=4 trees=7 leaves=50 clusters=2 comb_eval=2811 comb_feas=70 rebuilt_globals=38 split_clusters=0 split_ops=0 hist_relax_attempts=0 hist_relax_ok=0 hist_relax_keys=0 nscan boundary=126 in_scope=7 committed_now=7 committed_total=23 disagree=3 births cand=0 tracks_created=0 tracks_kept=0 MAP tracks=7 used=4 unused=0 hit_rate=0.53
SCAN_NSCAN_COMMITTED scan=132 t=2025-12-10 17:40:15.085000+00:00 boundary=126 9->node5562@s126, 16->node5572@s126, 17->node5585@s126, 18->node5595@s126, 19->node5601@s126, 20->node5641@s126, 22->node5646@s126

Cluster rebuilds scan=133 t=2025-12-10 17:40:15.285000+00:00:
cluster=0 tracks=[9, 16, 17, 18, 20, 22] globals=20 comb_eval=5573 comb_feas=68 disagree=3
  logW=775.324 tids=[9, 16, 17, 18, 20, 22]
  logW=771.308 tids=[9, 16, 17, 18, 20, 22]
  logW=770.096 tids=[9, 16, 17, 18, 20, 22]
  logW=769.786 tids=[9, 16, 17, 18, 20, 22]
  logW=768.750 tids=[9, 16, 17, 18, 20, 22]
cluster=1 tracks=[19] globals=20 comb_eval=21 comb_feas=20 disagree=8
  logW=191.691 tids=[19]
  logW=183.275 tids=[19]
  logW=183.019 tids=[19]
  logW=180.083 tids=[19]
  logW=179.878 tids=[19]
SCAN scan=133 t=2025-12-10 17:40:15.285000+00:00 det=6 trees=7 leaves=35 clusters=2 comb_eval=5594 comb_feas=88 rebuilt_globals=40 split_clusters=0 split_ops=0 hist_relax_attempts=0 hist_relax_ok=0 hist_relax_keys=0 nscan boundary=127 in_scope=7 committed_now=7 committed_total=23 disagree=11 births cand=0 tracks_created=0 tracks_kept=0 MAP tracks=7 used=6 unused=0 hit_rate=0.54
SCAN_NSCAN_COMMITTED scan=133 t=2025-12-10 17:40:15.285000+00:00 boundary=127 9->node5647@s127, 16->node5659@s127, 17->node5673@s127, 18->node5679@s127, 19->node5687@s127, 20->node5717@s127, 22->node5722@s127

Cluster rebuilds scan=134 t=2025-12-10 17:40:15.485000+00:00:
cluster=0 tracks=[9] globals=2 comb_eval=2 comb_feas=2 disagree=0
  logW=304.306 tids=[9]
  logW=292.258 tids=[9]
cluster=1 tracks=[16] globals=2 comb_eval=2 comb_feas=2 disagree=0
  logW=106.893 tids=[16]
  logW=95.136 tids=[16]
cluster=2 tracks=[17, 18, 20, 22] globals=20 comb_eval=1199 comb_feas=43 disagree=11
  logW=408.988 tids=[17, 18, 20, 22]
  logW=402.944 tids=[17, 18, 20, 22]
  logW=400.175 tids=[17, 18, 20, 22]
  logW=399.912 tids=[17, 18, 20, 22]
  logW=399.244 tids=[17, 18, 20, 22]
cluster=3 tracks=[19] globals=20 comb_eval=21 comb_feas=20 disagree=10
  logW=200.719 tids=[19]
  logW=192.257 tids=[19]
  logW=190.912 tids=[19]
  logW=189.389 tids=[19]
  logW=189.022 tids=[19]
SCAN scan=134 t=2025-12-10 17:40:15.485000+00:00 det=6 trees=7 leaves=27 clusters=4 comb_eval=1224 comb_feas=67 rebuilt_globals=44 split_clusters=0 split_ops=0 hist_relax_attempts=0 hist_relax_ok=0 hist_relax_keys=0 nscan boundary=128 in_scope=7 committed_now=7 committed_total=23 disagree=21 births cand=0 tracks_created=0 tracks_kept=0 MAP tracks=7 used=6 unused=0 hit_rate=0.55
SCAN_NSCAN_COMMITTED scan=134 t=2025-12-10 17:40:15.485000+00:00 boundary=128 9->node5723@s128, 16->node5735@s128, 17->node5749@s128, 18->node5759@s128, 19->node5783@s128, 20->node5819@s128, 22->node5827@s128

Internal births at 2025-12-10 17:40:15.685000+00:00: kept=2
  birth_state=(x=45.3, vx=0.00, y=-41.8, vy=0.00)
  birth_state=(x=48.7, vx=0.00, y=-45.7, vy=0.00)

Cluster rebuilds scan=135 t=2025-12-10 17:40:15.685000+00:00:
cluster=0 tracks=[9] globals=4 comb_eval=4 comb_feas=4 disagree=0
  logW=313.815 tids=[9]
  logW=302.004 tids=[9]
  logW=301.549 tids=[9]
  logW=289.955 tids=[9]
cluster=1 tracks=[16] globals=4 comb_eval=4 comb_feas=4 disagree=0
  logW=116.279 tids=[16]
  logW=104.591 tids=[16]
  logW=104.542 tids=[16]
  logW=92.834 tids=[16]
cluster=2 tracks=[17] globals=4 comb_eval=4 comb_feas=4 disagree=0
  logW=226.720 tids=[17]
  logW=215.514 tids=[17]
  logW=215.202 tids=[17]
  logW=214.704 tids=[17]
cluster=3 tracks=[18] globals=6 comb_eval=6 comb_feas=6 disagree=0
  logW=173.892 tids=[18]
  logW=165.037 tids=[18]
  logW=163.377 tids=[18]
  logW=161.928 tids=[18]
  logW=154.301 tids=[18]
cluster=4 tracks=[19] globals=20 comb_eval=20 comb_feas=20 disagree=0
  logW=209.684 tids=[19]
  logW=199.133 tids=[19]
  logW=198.416 tids=[19]
  logW=198.321 tids=[19]
  logW=197.663 tids=[19]
cluster=5 tracks=[20, 22] globals=13 comb_eval=16 comb_feas=13 disagree=0
  logW=21.059 tids=[20, 22]
  logW=11.315 tids=[20, 22]
  logW=9.681 tids=[20, 22]
  logW=9.049 tids=[20, 22]
  logW=9.037 tids=[20, 22]
cluster=6 tracks=[23] globals=1 comb_eval=1 comb_feas=1 disagree=0
  logW=-8.000 tids=[23]
cluster=7 tracks=[24] globals=1 comb_eval=1 comb_feas=1 disagree=0
  logW=-8.000 tids=[24]
SCAN scan=135 t=2025-12-10 17:40:15.685000+00:00 det=7 trees=9 leaves=49 clusters=8 comb_eval=56 comb_feas=53 rebuilt_globals=53 split_clusters=0 split_ops=0 hist_relax_attempts=0 hist_relax_ok=0 hist_relax_keys=0 nscan boundary=129 in_scope=7 committed_now=7 committed_total=23 disagree=0 births cand=2 tracks_created=2 tracks_kept=2 MAP tracks=9 used=7 unused=0 hit_rate=0.65
SCAN_NSCAN_COMMITTED scan=135 t=2025-12-10 17:40:15.685000+00:00 boundary=129 9->node5830@s129, 16->node5855@s129, 17->node5886@s129, 18->node5898@s129, 19->node5912@s129, 20->node5928@s129, 22->node5937@s129

Internal births at 2025-12-10 17:40:15.885000+00:00: kept=1
  birth_state=(x=43.1, vx=0.00, y=42.4, vy=0.00)

Cluster rebuilds scan=136 t=2025-12-10 17:40:15.885000+00:00:
cluster=0 tracks=[9] globals=8 comb_eval=8 comb_feas=8 disagree=0
  logW=323.341 tids=[9]
  logW=311.513 tids=[9]
  logW=311.366 tids=[9]
  logW=311.071 tids=[9]
  logW=299.701 tids=[9]
cluster=1 tracks=[16] globals=4 comb_eval=4 comb_feas=4 disagree=0
  logW=113.977 tids=[16]
  logW=102.288 tids=[16]
  logW=102.240 tids=[16]
  logW=90.531 tids=[16]
cluster=2 tracks=[17] globals=4 comb_eval=4 comb_feas=4 disagree=0
  logW=224.417 tids=[17]
  logW=213.211 tids=[17]
  logW=212.900 tids=[17]
  logW=212.401 tids=[17]
cluster=3 tracks=[18] globals=6 comb_eval=6 comb_feas=6 disagree=0
  logW=171.589 tids=[18]
  logW=162.735 tids=[18]
  logW=161.075 tids=[18]
  logW=159.625 tids=[18]
  logW=151.999 tids=[18]
cluster=4 tracks=[19] globals=20 comb_eval=21 comb_feas=20 disagree=0
  logW=216.623 tids=[19]
  logW=207.382 tids=[19]
  logW=206.701 tids=[19]
  logW=206.616 tids=[19]
  logW=205.109 tids=[19]
cluster=5 tracks=[20, 22] globals=20 comb_eval=45 comb_feas=27 disagree=0
  logW=26.232 tids=[20, 22]
  logW=22.090 tids=[20, 22]
  logW=16.489 tids=[20, 22]
  logW=16.454 tids=[20, 22]
  logW=15.943 tids=[20, 22]
cluster=6 tracks=[23] globals=1 comb_eval=1 comb_feas=1 disagree=0
  logW=-10.303 tids=[23]
cluster=7 tracks=[24] globals=1 comb_eval=1 comb_feas=1 disagree=0
  logW=-10.303 tids=[24]
cluster=8 tracks=[25] globals=1 comb_eval=1 comb_feas=1 disagree=0
  logW=-8.000 tids=[25]
SCAN scan=136 t=2025-12-10 17:40:15.885000+00:00 det=5 trees=10 leaves=58 clusters=9 comb_eval=91 comb_feas=72 rebuilt_globals=65 split_clusters=0 split_ops=0 hist_relax_attempts=0 hist_relax_ok=0 hist_relax_keys=0 nscan boundary=130 in_scope=7 committed_now=7 committed_total=23 disagree=0 births cand=1 tracks_created=1 tracks_kept=1 MAP tracks=10 used=4 unused=1 hit_rate=0.58
SCAN_NSCAN_COMMITTED scan=136 t=2025-12-10 17:40:15.885000+00:00 boundary=130 9->node5941@s130, 16->node5951@s130, 17->node5967@s130, 18->node5979@s130, 19->node5995@s130, 20->node6005@s130, 22->node6014@s130

Cluster rebuilds scan=137 t=2025-12-10 17:40:16.085000+00:00:
cluster=0 tracks=[9] globals=16 comb_eval=16 comb_feas=16 disagree=0
  logW=332.904 tids=[9]
  logW=321.038 tids=[9]
  logW=320.894 tids=[9]
  logW=320.699 tids=[9]
  logW=320.609 tids=[9]
cluster=1 tracks=[16] globals=4 comb_eval=4 comb_feas=4 disagree=0
  logW=111.674 tids=[16]
  logW=99.986 tids=[16]
  logW=99.937 tids=[16]
  logW=88.229 tids=[16]
cluster=2 tracks=[17] globals=8 comb_eval=8 comb_feas=8 disagree=2
  logW=232.968 tids=[17]
  logW=222.228 tids=[17]
  logW=222.115 tids=[17]
  logW=221.222 tids=[17]
  logW=220.745 tids=[17]
cluster=3 tracks=[18] globals=12 comb_eval=12 comb_feas=12 disagree=4
  logW=181.090 tids=[18]
  logW=172.310 tids=[18]
  logW=169.839 tids=[18]
  logW=169.287 tids=[18]
  logW=168.905 tids=[18]
cluster=4 tracks=[19] globals=20 comb_eval=21 comb_feas=20 disagree=1
  logW=226.453 tids=[19]
  logW=216.534 tids=[19]
  logW=216.500 tids=[19]
  logW=216.266 tids=[19]
  logW=214.897 tids=[19]
cluster=5 tracks=[20] globals=10 comb_eval=10 comb_feas=10 disagree=0
  logW=46.098 tids=[20]
  logW=36.319 tids=[20]
  logW=35.809 tids=[20]
  logW=34.385 tids=[20]
  logW=33.956 tids=[20]
cluster=6 tracks=[22] globals=3 comb_eval=3 comb_feas=3 disagree=2
  logW=-24.471 tids=[22]
  logW=-28.614 tids=[22]
  logW=-34.214 tids=[22]
cluster=7 tracks=[23] globals=1 comb_eval=1 comb_feas=1 disagree=0
  logW=-12.605 tids=[23]
cluster=8 tracks=[24] globals=1 comb_eval=1 comb_feas=1 disagree=0
  logW=-12.605 tids=[24]
cluster=9 tracks=[25] globals=1 comb_eval=1 comb_feas=1 disagree=0
  logW=-10.303 tids=[25]
SCAN scan=137 t=2025-12-10 17:40:16.085000+00:00 det=4 trees=10 leaves=67 clusters=10 comb_eval=77 comb_feas=76 rebuilt_globals=76 split_clusters=0 split_ops=0 hist_relax_attempts=0 hist_relax_ok=0 hist_relax_keys=0 nscan boundary=131 in_scope=7 committed_now=7 committed_total=23 disagree=9 births cand=0 tracks_created=0 tracks_kept=0 MAP tracks=10 used=4 unused=0 hit_rate=0.50
SCAN_NSCAN_COMMITTED scan=137 t=2025-12-10 17:40:16.085000+00:00 boundary=131 9->node6021@s131, 16->node6023@s131, 17->node6055@s131, 18->node6061@s131, 19->node6081@s131, 20->node6094@s131, 22->node6105@s131

Internal births at 2025-12-10 17:40:16.285000+00:00: kept=2
  birth_state=(x=70.6, vx=0.00, y=-2.5, vy=0.00)
  birth_state=(x=71.4, vx=0.00, y=-0.2, vy=0.00)
TRACK_LIFECYCLE mode=map_leaf miss_threshold=7 terminated=[22]

Cluster rebuilds scan=138 t=2025-12-10 17:40:16.285000+00:00:
cluster=0 tracks=[9] globals=20 comb_eval=21 comb_feas=20 disagree=0
  logW=342.335 tids=[9]
  logW=330.601 tids=[9]
  logW=330.413 tids=[9]
  logW=330.378 tids=[9]
  logW=330.058 tids=[9]
cluster=1 tracks=[16] globals=8 comb_eval=8 comb_feas=8 disagree=0
  logW=120.484 tids=[16]
  logW=109.372 tids=[16]
  logW=108.771 tids=[16]
  logW=108.372 tids=[16]
  logW=97.683 tids=[16]
cluster=2 tracks=[17] globals=6 comb_eval=6 comb_feas=6 disagree=0
  logW=230.665 tids=[17]
  logW=219.926 tids=[17]
  logW=219.812 tids=[17]
  logW=218.443 tids=[17]
  logW=208.606 tids=[17]
cluster=3 tracks=[18] globals=16 comb_eval=16 comb_feas=16 disagree=0
  logW=190.732 tids=[18]
  logW=179.239 tids=[18]
  logW=178.787 tids=[18]
  logW=178.663 tids=[18]
  logW=178.551 tids=[18]
cluster=4 tracks=[19] globals=19 comb_eval=19 comb_feas=19 disagree=6
  logW=224.150 tids=[19]
  logW=214.231 tids=[19]
  logW=214.198 tids=[19]
  logW=213.963 tids=[19]
  logW=212.595 tids=[19]
cluster=5 tracks=[20] globals=10 comb_eval=10 comb_feas=10 disagree=0
  logW=43.796 tids=[20]
  logW=34.017 tids=[20]
  logW=33.507 tids=[20]
  logW=32.083 tids=[20]
  logW=31.653 tids=[20]
cluster=6 tracks=[22] globals=1 comb_eval=1 comb_feas=1 disagree=0
  logW=-26.774 tids=[22]
cluster=7 tracks=[23] globals=1 comb_eval=1 comb_feas=1 disagree=0
  logW=-14.908 tids=[23]
cluster=8 tracks=[24] globals=1 comb_eval=1 comb_feas=1 disagree=0
  logW=-14.908 tids=[24]
cluster=9 tracks=[25] globals=2 comb_eval=2 comb_feas=2 disagree=0
  logW=-2.569 tids=[25]
  logW=-12.605 tids=[25]
cluster=10 tracks=[26] globals=1 comb_eval=1 comb_feas=1 disagree=0
  logW=-8.000 tids=[26]
cluster=11 tracks=[27] globals=1 comb_eval=1 comb_feas=1 disagree=0
  logW=-8.000 tids=[27]
SCAN scan=138 t=2025-12-10 17:40:16.285000+00:00 det=6 trees=11 leaves=79 clusters=12 comb_eval=87 comb_feas=86 rebuilt_globals=86 split_clusters=0 split_ops=0 hist_relax_attempts=0 hist_relax_ok=0 hist_relax_keys=0 nscan boundary=132 in_scope=7 committed_now=7 committed_total=23 disagree=6 births cand=2 tracks_created=2 tracks_kept=2 MAP tracks=11 used=6 unused=0 hit_rate=0.61
SCAN_NSCAN_COMMITTED scan=138 t=2025-12-10 17:40:16.285000+00:00 boundary=132 9->node6120@s132, 16->node6122@s132, 17->node6124@s132, 18->node6126@s132, 19->node6150@s132, 20->node6169@s132, 22->node6180@s132

Cluster rebuilds scan=139 t=2025-12-10 17:40:16.485000+00:00:
cluster=0 tracks=[9, 16] globals=20 comb_eval=394 comb_feas=39 disagree=0
  logW=480.036 tids=[9, 16]
  logW=469.502 tids=[9, 16]
  logW=468.828 tids=[9, 16]
  logW=468.749 tids=[9, 16]
  logW=468.603 tids=[9, 16]
cluster=1 tracks=[17] globals=12 comb_eval=12 comb_feas=12 disagree=4
  logW=237.350 tids=[17]
  logW=228.362 tids=[17]
  logW=227.245 tids=[17]
  logW=225.456 tids=[17]
  logW=225.325 tids=[17]
cluster=2 tracks=[18] globals=20 comb_eval=21 comb_feas=20 disagree=0
  logW=199.797 tids=[18]
  logW=188.505 tids=[18]
  logW=188.430 tids=[18]
  logW=187.844 tids=[18]
  logW=187.794 tids=[18]
cluster=3 tracks=[19] globals=20 comb_eval=21 comb_feas=20 disagree=4
  logW=231.003 tids=[19]
  logW=221.848 tids=[19]
  logW=221.743 tids=[19]
  logW=219.772 tids=[19]
  logW=219.613 tids=[19]
cluster=4 tracks=[20] globals=10 comb_eval=10 comb_feas=10 disagree=3
  logW=41.493 tids=[20]
  logW=31.714 tids=[20]
  logW=31.204 tids=[20]
  logW=29.780 tids=[20]
  logW=29.351 tids=[20]
cluster=5 tracks=[23] globals=1 comb_eval=1 comb_feas=1 disagree=0
  logW=-17.210 tids=[23]
cluster=6 tracks=[24] globals=1 comb_eval=1 comb_feas=1 disagree=0
  logW=-17.210 tids=[24]
cluster=7 tracks=[25] globals=2 comb_eval=2 comb_feas=2 disagree=0
  logW=-4.872 tids=[25]
  logW=-14.908 tids=[25]
cluster=8 tracks=[26, 27] globals=3 comb_eval=6 comb_feas=3 disagree=0
  logW=-9.884 tids=[26, 27]
  logW=-13.113 tids=[26, 27]
  logW=-20.605 tids=[26, 27]
SCAN scan=139 t=2025-12-10 17:40:16.485000+00:00 det=6 trees=11 leaves=75 clusters=9 comb_eval=468 comb_feas=108 rebuilt_globals=89 split_clusters=0 split_ops=0 hist_relax_attempts=0 hist_relax_ok=0 hist_relax_keys=0 nscan boundary=133 in_scope=6 committed_now=6 committed_total=23 disagree=11 births cand=0 tracks_created=0 tracks_kept=0 MAP tracks=11 used=6 unused=0 hit_rate=0.55
SCAN_NSCAN_COMMITTED scan=139 t=2025-12-10 17:40:16.485000+00:00 boundary=133 9->node6191@s133, 16->node6193@s133, 17->node6195@s133, 18->node6199@s133, 19->node6223@s133, 20->node6254@s133

Cluster rebuilds scan=140 t=2025-12-10 17:40:16.685000+00:00:
cluster=0 tracks=[9] globals=14 comb_eval=14 comb_feas=14 disagree=2
  logW=360.975 tids=[9]
  logW=349.493 tids=[9]
  logW=349.249 tids=[9]
  logW=349.018 tids=[9]
  logW=348.946 tids=[9]
cluster=1 tracks=[16] globals=18 comb_eval=18 comb_feas=18 disagree=4
  logW=138.375 tids=[16]
  logW=127.141 tids=[16]
  logW=127.017 tids=[16]
  logW=126.936 tids=[16]
  logW=126.413 tids=[16]
cluster=2 tracks=[17, 20, 26, 27] globals=20 comb_eval=684 comb_feas=67 disagree=2
  logW=282.491 tids=[17, 20, 26, 27]
  logW=279.262 tids=[17, 20, 26, 27]
  logW=278.612 tids=[17, 20, 26, 27]
  logW=273.637 tids=[17, 20, 26, 27]
  logW=273.013 tids=[17, 20, 26, 27]
cluster=3 tracks=[18] globals=20 comb_eval=21 comb_feas=20 disagree=4
  logW=209.485 tids=[18]
  logW=198.244 tids=[18]
  logW=197.598 tids=[18]
  logW=197.558 tids=[18]
  logW=197.494 tids=[18]
cluster=4 tracks=[19] globals=20 comb_eval=21 comb_feas=20 disagree=5
  logW=240.694 tids=[19]
  logW=231.288 tids=[19]
  logW=230.990 tids=[19]
  logW=229.427 tids=[19]
  logW=229.327 tids=[19]
cluster=5 tracks=[23] globals=1 comb_eval=1 comb_feas=1 disagree=0
  logW=-19.513 tids=[23]
cluster=6 tracks=[24] globals=1 comb_eval=1 comb_feas=1 disagree=0
  logW=-19.513 tids=[24]
cluster=7 tracks=[25] globals=3 comb_eval=3 comb_feas=3 disagree=0
  logW=-7.174 tids=[25]
  logW=-10.832 tids=[25]
  logW=-17.210 tids=[25]
SCAN scan=140 t=2025-12-10 17:40:16.685000+00:00 det=7 trees=11 leaves=78 clusters=8 comb_eval=763 comb_feas=144 rebuilt_globals=97 split_clusters=0 split_ops=0 hist_relax_attempts=0 hist_relax_ok=0 hist_relax_keys=0 nscan boundary=134 in_scope=6 committed_now=6 committed_total=23 disagree=17 births cand=0 tracks_created=0 tracks_kept=0 MAP tracks=11 used=6 unused=1 hit_rate=0.49
SCAN_NSCAN_COMMITTED scan=140 t=2025-12-10 17:40:16.685000+00:00 boundary=134 9->node6279@s134, 16->node6281@s134, 17->node6283@s134, 18->node6289@s134, 19->node6301@s134, 20->node6326@s134

Cluster rebuilds scan=141 t=2025-12-10 17:40:16.885000+00:00:
cluster=0 tracks=[9] globals=20 comb_eval=21 comb_feas=20 disagree=3
  logW=370.540 tids=[9]
  logW=359.035 tids=[9]
  logW=358.673 tids=[9]
  logW=358.577 tids=[9]
  logW=358.535 tids=[9]
cluster=1 tracks=[16] globals=14 comb_eval=14 comb_feas=14 disagree=6
  logW=136.072 tids=[16]
  logW=124.838 tids=[16]
  logW=124.715 tids=[16]
  logW=124.633 tids=[16]
  logW=124.111 tids=[16]
cluster=2 tracks=[17, 18, 20, 26, 27] globals=20 comb_eval=2710 comb_feas=108 disagree=3
  logW=513.722 tids=[17, 18, 20, 26, 27]
  logW=513.041 tids=[17, 18, 20, 26, 27]
  logW=510.548 tids=[17, 18, 20, 26, 27]
  logW=509.163 tids=[17, 18, 20, 26, 27]
  logW=508.368 tids=[17, 18, 20, 26, 27]
cluster=3 tracks=[19] globals=15 comb_eval=15 comb_feas=15 disagree=5
  logW=238.392 tids=[19]
  logW=228.985 tids=[19]
  logW=228.688 tids=[19]
  logW=227.025 tids=[19]
  logW=226.398 tids=[19]
cluster=4 tracks=[23] globals=1 comb_eval=1 comb_feas=1 disagree=0
  logW=-21.816 tids=[23]
cluster=5 tracks=[24] globals=1 comb_eval=1 comb_feas=1 disagree=0
  logW=-21.816 tids=[24]
cluster=6 tracks=[25] globals=3 comb_eval=3 comb_feas=3 disagree=0
  logW=-9.477 tids=[25]
  logW=-13.134 tids=[25]
  logW=-19.513 tids=[25]
SCAN scan=141 t=2025-12-10 17:40:16.885000+00:00 det=4 trees=11 leaves=62 clusters=7 comb_eval=2765 comb_feas=162 rebuilt_globals=74 split_clusters=0 split_ops=0 hist_relax_attempts=0 hist_relax_ok=0 hist_relax_keys=0 nscan boundary=135 in_scope=6 committed_now=6 committed_total=23 disagree=17 births cand=0 tracks_created=0 tracks_kept=0 MAP tracks=11 used=4 unused=0 hit_rate=0.48
SCAN_NSCAN_COMMITTED scan=141 t=2025-12-10 17:40:16.885000+00:00 boundary=135 9->node6343@s135, 16->node6347@s135, 17->node6351@s135, 18->node6355@s135, 19->node6361@s135, 20->node6382@s135
TRACK_LIFECYCLE mode=map_leaf miss_threshold=7 terminated=[23, 24]

Cluster rebuilds scan=142 t=2025-12-10 17:40:17.085000+00:00:
cluster=0 tracks=[9, 16] globals=20 comb_eval=296 comb_feas=37 disagree=1
  logW=525.602 tids=[9, 16]
  logW=514.335 tids=[9, 16]
  logW=514.199 tids=[9, 16]
  logW=513.848 tids=[9, 16]
  logW=513.836 tids=[9, 16]
cluster=1 tracks=[17, 18, 20, 26, 27] globals=20 comb_eval=3153 comb_feas=45 disagree=0
  logW=536.400 tids=[17, 18, 20, 26, 27]
  logW=535.429 tids=[17, 18, 20, 26, 27]
  logW=534.847 tids=[17, 18, 20, 26, 27]
  logW=533.585 tids=[17, 18, 20, 26, 27]
  logW=532.569 tids=[17, 18, 20, 26, 27]
cluster=2 tracks=[19] globals=10 comb_eval=10 comb_feas=10 disagree=3
  logW=236.089 tids=[19]
  logW=226.385 tids=[19]
  logW=224.722 tids=[19]
  logW=224.095 tids=[19]
  logW=223.960 tids=[19]
cluster=3 tracks=[23] globals=1 comb_eval=1 comb_feas=1 disagree=0
  logW=-24.118 tids=[23]
cluster=4 tracks=[24] globals=1 comb_eval=1 comb_feas=1 disagree=0
  logW=-24.118 tids=[24]
cluster=5 tracks=[25] globals=3 comb_eval=3 comb_feas=3 disagree=0
  logW=-11.779 tids=[25]
  logW=-15.437 tids=[25]
  logW=-21.816 tids=[25]
SCAN scan=142 t=2025-12-10 17:40:17.085000+00:00 det=5 trees=9 leaves=62 clusters=6 comb_eval=3464 comb_feas=97 rebuilt_globals=55 split_clusters=0 split_ops=0 hist_relax_attempts=0 hist_relax_ok=0 hist_relax_keys=0 nscan boundary=136 in_scope=8 committed_now=8 committed_total=25 disagree=4 births cand=0 tracks_created=0 tracks_kept=0 MAP tracks=9 used=5 unused=0 hit_rate=0.55
SCAN_NSCAN_COMMITTED scan=142 t=2025-12-10 17:40:17.085000+00:00 boundary=136 9->node6392@s136, 16->node6400@s136, 17->node6404@s136, 18->node6408@s136, 19->node6414@s136, 20->node6456@s136, 23->node6471@s136, 24->node6472@s136

Cluster rebuilds scan=143 t=2025-12-10 17:40:17.285000+00:00:
cluster=0 tracks=[9, 17, 18, 20, 26, 27] globals=20 comb_eval=24225 comb_feas=52 disagree=0
  logW=926.751 tids=[9, 17, 18, 20, 26, 27]
  logW=925.781 tids=[9, 17, 18, 20, 26, 27]
  logW=925.199 tids=[9, 17, 18, 20, 26, 27]
  logW=923.936 tids=[9, 17, 18, 20, 26, 27]
  logW=922.921 tids=[9, 17, 18, 20, 26, 27]
cluster=1 tracks=[16] globals=16 comb_eval=16 comb_feas=16 disagree=0
  logW=155.136 tids=[16]
  logW=143.720 tids=[16]
  logW=143.453 tids=[16]
  logW=143.296 tids=[16]
  logW=143.151 tids=[16]
cluster=2 tracks=[19] globals=14 comb_eval=14 comb_feas=14 disagree=6
  logW=244.159 tids=[19]
  logW=235.390 tids=[19]
  logW=233.786 tids=[19]
  logW=231.956 tids=[19]
  logW=231.861 tids=[19]
cluster=3 tracks=[25] globals=3 comb_eval=3 comb_feas=3 disagree=0
  logW=-14.082 tids=[25]
  logW=-17.740 tids=[25]
  logW=-24.118 tids=[25]
SCAN scan=143 t=2025-12-10 17:40:17.285000+00:00 det=4 trees=9 leaves=67 clusters=4 comb_eval=24258 comb_feas=85 rebuilt_globals=53 split_clusters=0 split_ops=0 hist_relax_attempts=0 hist_relax_ok=0 hist_relax_keys=0 nscan boundary=137 in_scope=7 committed_now=7 committed_total=26 disagree=6 births cand=0 tracks_created=0 tracks_kept=0 MAP tracks=9 used=4 unused=0 hit_rate=0.53
SCAN_NSCAN_COMMITTED scan=143 t=2025-12-10 17:40:17.285000+00:00 boundary=137 9->node6474@s137, 16->node6490@s137, 17->node6494@s137, 18->node6502@s137, 19->node6514@s137, 20->node6554@s137, 25->node6569@s137

Cluster rebuilds scan=144 t=2025-12-10 17:40:17.485000+00:00:
cluster=0 tracks=[9, 17, 18, 20, 26, 27] globals=20 comb_eval=13421 comb_feas=53 disagree=0
  logW=952.808 tids=[9, 17, 18, 20, 26, 27]
  logW=952.700 tids=[9, 17, 18, 20, 26, 27]
  logW=951.837 tids=[9, 17, 18, 20, 26, 27]
  logW=951.394 tids=[9, 17, 18, 20, 26, 27]
  logW=951.345 tids=[9, 17, 18, 20, 26, 27]
cluster=1 tracks=[16] globals=20 comb_eval=21 comb_feas=20 disagree=6
  logW=164.059 tids=[16]
  logW=152.834 tids=[16]
  logW=152.571 tids=[16]
  logW=152.353 tids=[16]
  logW=152.020 tids=[16]
cluster=2 tracks=[19] globals=16 comb_eval=16 comb_feas=16 disagree=0
  logW=251.415 tids=[19]
  logW=243.529 tids=[19]
  logW=241.856 tids=[19]
  logW=239.517 tids=[19]
  logW=239.327 tids=[19]
cluster=3 tracks=[25] globals=3 comb_eval=3 comb_feas=3 disagree=2
  logW=-16.385 tids=[25]
  logW=-20.042 tids=[25]
  logW=-26.421 tids=[25]
SCAN scan=144 t=2025-12-10 17:40:17.485000+00:00 det=6 trees=9 leaves=71 clusters=4 comb_eval=13461 comb_feas=92 rebuilt_globals=59 split_clusters=0 split_ops=0 hist_relax_attempts=0 hist_relax_ok=0 hist_relax_keys=0 nscan boundary=138 in_scope=7 committed_now=7 committed_total=26 disagree=8 births cand=0 tracks_created=0 tracks_kept=0 MAP tracks=9 used=6 unused=0 hit_rate=0.51
SCAN_NSCAN_COMMITTED scan=144 t=2025-12-10 17:40:17.485000+00:00 boundary=138 9->node6570@s138, 16->node6602@s138, 17->node6610@s138, 18->node6616@s138, 19->node6632@s138, 20->node6651@s138, 25->node6664@s138
OVERLOAD_SPLIT scan=145 cluster=0 track_ids=[9, 16, 17, 18, 20, 26, 27] projected_before=6272000 threshold=500000 split_ops=4 stop=all_components_under_threshold removed_edges=[9-26:1, 9-27:1, 16-26:1, 16-27:1] subclusters=[[9], [16], [17, 18, 20, 26, 27]] projected_after=[2, 28, 112000]
TRACK_LIFECYCLE mode=map_leaf miss_threshold=7 terminated=[25]

Cluster rebuilds scan=145 t=2025-12-10 17:40:17.685000+00:00:
cluster=0 tracks=[9] split_from=0 globals=2 comb_eval=2 comb_feas=2 disagree=0
  logW=409.118 tids=[9]
  logW=397.101 tids=[9]
cluster=1 tracks=[16] split_from=0 globals=20 comb_eval=21 comb_feas=20 disagree=5
  logW=173.830 tids=[16]
  logW=162.434 tids=[16]
  logW=162.112 tids=[16]
  logW=161.757 tids=[16]
  logW=161.668 tids=[16]
cluster=2 tracks=[17, 18, 20, 26, 27] split_from=0 globals=20 comb_eval=11874 comb_feas=53 disagree=3
  logW=576.672 tids=[17, 18, 20, 26, 27]
  logW=575.117 tids=[17, 18, 20, 26, 27]
  logW=574.237 tids=[17, 18, 20, 26, 27]
  logW=574.059 tids=[17, 18, 20, 26, 27]
  logW=573.510 tids=[17, 18, 20, 26, 27]
cluster=3 tracks=[19] globals=20 comb_eval=21 comb_feas=20 disagree=9
  logW=259.331 tids=[19]
  logW=251.153 tids=[19]
  logW=250.952 tids=[19]
  logW=249.112 tids=[19]
  logW=247.282 tids=[19]
cluster=4 tracks=[25] globals=1 comb_eval=1 comb_feas=1 disagree=0
  logW=-18.687 tids=[25]
SCAN scan=145 t=2025-12-10 17:40:17.685000+00:00 det=6 trees=8 leaves=88 clusters=5 comb_eval=11919 comb_feas=96 rebuilt_globals=63 split_clusters=1 split_ops=4 hist_relax_attempts=0 hist_relax_ok=0 hist_relax_keys=0 nscan boundary=139 in_scope=9 committed_now=9 committed_total=28 disagree=17 births cand=0 tracks_created=0 tracks_kept=0 MAP tracks=8 used=6 unused=0 hit_rate=0.57
SCAN_NSCAN_COMMITTED scan=145 t=2025-12-10 17:40:17.685000+00:00 boundary=139 9->node6668@s139, 16->node6710@s139, 17->node6726@s139, 18->node6738@s139, 19->node6770@s139, 20->node6795@s139, 25->node6807@s139, 26->node6809@s139, 27->node6812@s139
OVERLOAD_SPLIT scan=146 cluster=0 track_ids=[9, 16, 17, 18, 20, 26, 27] projected_before=76661760 threshold=500000 split_ops=4 stop=all_components_under_threshold removed_edges=[18-20:1, 18-26:1, 9-27:2, 16-27:2] subclusters=[[9], [16], [17, 18, 20, 26, 27]] projected_after=[4, 40, 479136]

Cluster rebuilds scan=146 t=2025-12-10 17:40:17.885000+00:00:
cluster=0 tracks=[9] split_from=0 globals=4 comb_eval=4 comb_feas=4 disagree=0
  logW=418.854 tids=[9]
  logW=406.815 tids=[9]
  logW=406.717 tids=[9]
  logW=394.798 tids=[9]
cluster=1 tracks=[16] split_from=0 globals=20 comb_eval=21 comb_feas=20 disagree=4
  logW=183.304 tids=[16]
  logW=171.528 tids=[16]
  logW=171.472 tids=[16]
  logW=171.194 tids=[16]
  logW=171.164 tids=[16]
cluster=2 tracks=[17, 18, 20, 26, 27] split_from=0 globals=20 comb_eval=4733 comb_feas=47 disagree=2
  logW=598.676 tids=[17, 18, 20, 26, 27]
  logW=597.992 tids=[17, 18, 20, 26, 27]
  logW=594.433 tids=[17, 18, 20, 26, 27]
  logW=589.947 tids=[17, 18, 20, 26, 27]
  logW=589.636 tids=[17, 18, 20, 26, 27]
cluster=3 tracks=[19] globals=11 comb_eval=11 comb_feas=11 disagree=4
  logW=257.029 tids=[19]
  logW=248.850 tids=[19]
  logW=246.809 tids=[19]
  logW=244.979 tids=[19]
  logW=244.895 tids=[19]
SCAN scan=146 t=2025-12-10 17:40:17.885000+00:00 det=4 trees=8 leaves=118 clusters=4 comb_eval=4769 comb_feas=82 rebuilt_globals=55 split_clusters=1 split_ops=4 hist_relax_attempts=0 hist_relax_ok=0 hist_relax_keys=0 nscan boundary=140 in_scope=8 committed_now=8 committed_total=28 disagree=10 births cand=0 tracks_created=0 tracks_kept=0 MAP tracks=8 used=4 unused=0 hit_rate=0.58
SCAN_NSCAN_COMMITTED scan=146 t=2025-12-10 17:40:17.885000+00:00 boundary=140 9->node6813@s140, 16->node6827@s140, 17->node6845@s140, 18->node6861@s140, 19->node6901@s140, 20->node6933@s140, 26->node6952@s140, 27->node6957@s140
OVERLOAD_SPLIT scan=147 cluster=0 track_ids=[9, 16, 17, 18, 20, 26, 27] projected_before=1809547264 threshold=500000 split_ops=9 stop=all_components_under_threshold removed_edges=[9-26:1, 18-20:1, 18-26:1, 9-27:3, 16-27:3, 17-27:3, 18-27:3, 20-26:4, 20-27:4] subclusters=[[9], [16], [17, 26, 27], [18], [20]] projected_after=[8, 56, 72128, 8, 7]

Cluster rebuilds scan=147 t=2025-12-10 17:40:18.085000+00:00:
cluster=0 tracks=[9] split_from=0 globals=8 comb_eval=8 comb_feas=8 disagree=0
  logW=428.258 tids=[9]
  logW=416.551 tids=[9]
  logW=416.156 tids=[9]
  logW=415.958 tids=[9]
  logW=404.512 tids=[9]
cluster=1 tracks=[16] split_from=0 globals=20 comb_eval=21 comb_feas=20 disagree=0
  logW=192.663 tids=[16]
  logW=181.001 tids=[16]
  logW=180.718 tids=[16]
  logW=180.715 tids=[16]
  logW=180.548 tids=[16]
cluster=2 tracks=[17, 26, 27] split_from=0 globals=20 comb_eval=1358 comb_feas=40 disagree=2
  logW=319.539 tids=[17, 26, 27]
  logW=318.197 tids=[17, 26, 27]
  logW=318.142 tids=[17, 26, 27]
  logW=316.849 tids=[17, 26, 27]
  logW=316.134 tids=[17, 26, 27]
cluster=3 tracks=[18] split_from=0 globals=8 comb_eval=8 comb_feas=8 disagree=0
  logW=251.812 tids=[18]
  logW=240.129 tids=[18]
  logW=239.841 tids=[18]
  logW=239.787 tids=[18]
  logW=228.487 tids=[18]
cluster=4 tracks=[20] split_from=0 globals=7 comb_eval=7 comb_feas=7 disagree=0
  logW=62.582 tids=[20]
  logW=52.678 tids=[20]
  logW=51.100 tids=[20]
  logW=41.989 tids=[20]
  logW=41.292 tids=[20]
cluster=5 tracks=[19] globals=7 comb_eval=7 comb_feas=7 disagree=0
  logW=254.726 tids=[19]
  logW=246.548 tids=[19]
  logW=244.507 tids=[19]
  logW=242.677 tids=[19]
  logW=235.701 tids=[19]
SCAN scan=147 t=2025-12-10 17:40:18.085000+00:00 det=5 trees=8 leaves=165 clusters=6 comb_eval=1409 comb_feas=90 rebuilt_globals=70 split_clusters=1 split_ops=9 hist_relax_attempts=0 hist_relax_ok=0 hist_relax_keys=0 nscan boundary=141 in_scope=8 committed_now=8 committed_total=28 disagree=2 births cand=0 tracks_created=0 tracks_kept=0 MAP tracks=8 used=5 unused=0 hit_rate=0.59
SCAN_NSCAN_COMMITTED scan=147 t=2025-12-10 17:40:18.085000+00:00 boundary=141 9->node6958@s141, 16->node6982@s141, 17->node6996@s141, 18->node7004@s141, 19->node7036@s141, 20->node7051@s141, 26->node7062@s141, 27->node7077@s141
OVERLOAD_SPLIT scan=148 cluster=0 track_ids=[9, 16, 17, 18, 20, 26, 27] projected_before=64502710272 threshold=500000 split_ops=6 stop=all_components_under_threshold removed_edges=[18-26:2, 18-20:3, 9-27:4, 16-27:4, 17-27:5, 18-27:5] subclusters=[[9], [16], [17], [18], [20, 26, 27]] projected_after=[16, 112, 57, 24, 26312]

Cluster rebuilds scan=148 t=2025-12-10 17:40:18.285000+00:00:
cluster=0 tracks=[9] split_from=0 globals=16 comb_eval=16 comb_feas=16 disagree=0
  logW=437.919 tids=[9]
  logW=426.155 tids=[9]
  logW=425.956 tids=[9]
  logW=425.689 tids=[9]
  logW=425.563 tids=[9]
cluster=1 tracks=[16] split_from=0 globals=20 comb_eval=21 comb_feas=20 disagree=3
  logW=202.021 tids=[16]
  logW=190.362 tids=[16]
  logW=190.360 tids=[16]
  logW=190.172 tids=[16]
  logW=190.143 tids=[16]
cluster=2 tracks=[17] split_from=0 globals=20 comb_eval=21 comb_feas=20 disagree=3
  logW=306.788 tids=[17]
  logW=304.605 tids=[17]
  logW=297.591 tids=[17]
  logW=296.059 tids=[17]
  logW=295.577 tids=[17]
cluster=3 tracks=[18] split_from=0 globals=20 comb_eval=21 comb_feas=20 disagree=0
  logW=260.463 tids=[18]
  logW=259.978 tids=[18]
  logW=249.510 tids=[18]
  logW=248.547 tids=[18]
  logW=248.533 tids=[18]
cluster=4 tracks=[20, 26, 27] split_from=0 globals=20 comb_eval=641 comb_feas=32 disagree=0
  logW=94.704 tids=[20, 26, 27]
  logW=93.571 tids=[20, 26, 27]
  logW=92.982 tids=[20, 26, 27]
  logW=92.592 tids=[20, 26, 27]
  logW=90.009 tids=[20, 26, 27]
cluster=5 tracks=[19] globals=14 comb_eval=14 comb_feas=14 disagree=0
  logW=264.074 tids=[19]
  logW=255.795 tids=[19]
  logW=252.854 tids=[19]
  logW=252.424 tids=[19]
  logW=252.029 tids=[19]
SCAN scan=148 t=2025-12-10 17:40:18.285000+00:00 det=8 trees=8 leaves=266 clusters=6 comb_eval=734 comb_feas=122 rebuilt_globals=110 split_clusters=1 split_ops=6 hist_relax_attempts=0 hist_relax_ok=0 hist_relax_keys=0 nscan boundary=142 in_scope=8 committed_now=8 committed_total=28 disagree=6 births cand=0 tracks_created=0 tracks_kept=0 MAP tracks=8 used=6 unused=2 hit_rate=0.60
SCAN_NSCAN_COMMITTED scan=148 t=2025-12-10 17:40:18.285000+00:00 boundary=142 9->node7078@s142, 16->node7113@s142, 17->node7129@s142, 18->node7135@s142, 19->node7139@s142, 20->node7149@s142, 26->node7157@s142, 27->node7189@s142

INTERNAL_BIRTH_GUARDRAIL t=2025-12-10 17:40:18.485000+00:00 reason=active leaf count above cap (444>200) residual=1
OVERLOAD_SPLIT scan=149 cluster=0 track_ids=[9, 16, 17, 18, 20, 26, 27] projected_before=190374395904 threshold=500000 split_ops=7 stop=all_components_under_threshold removed_edges=[9-16:1, 20-26:1, 18-20:3, 26-27:4, 16-27:5, 18-27:5, 9-27:6] subclusters=[[9], [16], [17, 20, 27], [18], [26]] projected_after=[33, 128, 208656, 24, 9]

Cluster rebuilds scan=149 t=2025-12-10 17:40:18.485000+00:00:
cluster=0 tracks=[9] split_from=0 globals=20 comb_eval=21 comb_feas=20 disagree=0
  logW=447.657 tids=[9]
  logW=435.705 tids=[9]
  logW=435.617 tids=[9]
  logW=435.522 tids=[9]
  logW=435.416 tids=[9]
cluster=1 tracks=[16] split_from=0 globals=20 comb_eval=21 comb_feas=20 disagree=2
  logW=211.664 tids=[16]
  logW=200.016 tids=[16]
  logW=199.761 tids=[16]
  logW=199.757 tids=[16]
  logW=199.719 tids=[16]
cluster=2 tracks=[17, 20, 27] split_from=0 globals=20 comb_eval=1210 comb_feas=36 disagree=0
  logW=396.754 tids=[17, 20, 27]
  logW=395.523 tids=[17, 20, 27]
  logW=389.013 tids=[17, 20, 27]
  logW=388.767 tids=[17, 20, 27]
  logW=388.424 tids=[17, 20, 27]
cluster=3 tracks=[18] split_from=0 globals=20 comb_eval=21 comb_feas=20 disagree=0
  logW=258.161 tids=[18]
  logW=257.675 tids=[18]
  logW=247.207 tids=[18]
  logW=246.244 tids=[18]
  logW=246.230 tids=[18]
cluster=4 tracks=[26] split_from=0 globals=9 comb_eval=9 comb_feas=9 disagree=0
  logW=24.917 tids=[26]
  logW=17.112 tids=[26]
  logW=14.865 tids=[26]
  logW=14.747 tids=[26]
  logW=7.164 tids=[26]
cluster=5 tracks=[19] globals=14 comb_eval=14 comb_feas=14 disagree=6
  logW=261.771 tids=[19]
  logW=253.493 tids=[19]
  logW=250.551 tids=[19]
  logW=250.121 tids=[19]
  logW=249.727 tids=[19]
SCAN scan=149 t=2025-12-10 17:40:18.485000+00:00 det=5 trees=8 leaves=328 clusters=6 comb_eval=1296 comb_feas=119 rebuilt_globals=103 split_clusters=1 split_ops=7 hist_relax_attempts=0 hist_relax_ok=0 hist_relax_keys=0 nscan boundary=143 in_scope=8 committed_now=8 committed_total=28 disagree=8 births cand=1 tracks_created=0 tracks_kept=0 MAP tracks=8 used=4 unused=1 hit_rate=0.60
SCAN_NSCAN_COMMITTED scan=149 t=2025-12-10 17:40:18.485000+00:00 boundary=143 9->node7190@s143, 16->node7204@s143, 17->node7220@s143, 18->node7228@s143, 19->node7231@s143, 20->node7245@s143, 26->node7250@s143, 27->node7292@s143

INTERNAL_BIRTH_GUARDRAIL t=2025-12-10 17:40:18.685000+00:00 reason=active leaf count above cap (482>200) residual=1
OVERLOAD_SPLIT scan=150 cluster=0 track_ids=[9, 16, 17, 18, 20, 26, 27] projected_before=735705600000 threshold=500000 split_ops=7 stop=all_components_under_threshold removed_edges=[20-26:1, 9-16:2, 18-20:4, 26-27:5, 16-27:6, 17-27:6, 18-27:6] subclusters=[[9, 20, 27], [16], [17], [18], [26]] projected_after=[153125, 128, 46, 48, 17]

Cluster rebuilds scan=150 t=2025-12-10 17:40:18.685000+00:00:
cluster=0 tracks=[9, 20, 27] split_from=0 globals=20 comb_eval=12380 comb_feas=32 disagree=9
  logW=515.332 tids=[9, 20, 27]
  logW=513.221 tids=[9, 20, 27]
  logW=507.217 tids=[9, 20, 27]
  logW=506.822 tids=[9, 20, 27]
  logW=506.145 tids=[9, 20, 27]
cluster=1 tracks=[16] split_from=0 globals=20 comb_eval=21 comb_feas=20 disagree=5
  logW=221.451 tids=[16]
  logW=209.751 tids=[16]
  logW=209.536 tids=[16]
  logW=209.434 tids=[16]
  logW=209.395 tids=[16]
cluster=2 tracks=[17] split_from=0 globals=20 comb_eval=21 comb_feas=20 disagree=8
  logW=313.260 tids=[17]
  logW=312.029 tids=[17]
  logW=303.947 tids=[17]
  logW=302.943 tids=[17]
  logW=302.862 tids=[17]
cluster=3 tracks=[18] split_from=0 globals=20 comb_eval=21 comb_feas=20 disagree=4
  logW=266.863 tids=[18]
  logW=266.578 tids=[18]
  logW=256.314 tids=[18]
  logW=255.858 tids=[18]
  logW=255.373 tids=[18]
cluster=4 tracks=[26] split_from=0 globals=17 comb_eval=17 comb_feas=17 disagree=0
  logW=34.048 tids=[26]
  logW=24.511 tids=[26]
  logW=24.264 tids=[26]
  logW=23.975 tids=[26]
  logW=22.615 tids=[26]
cluster=5 tracks=[19] globals=8 comb_eval=8 comb_feas=8 disagree=4
  logW=259.468 tids=[19]
  logW=251.190 tids=[19]
  logW=248.249 tids=[19]
  logW=247.818 tids=[19]
  logW=239.640 tids=[19]
SCAN scan=150 t=2025-12-10 17:40:18.685000+00:00 det=4 trees=8 leaves=186 clusters=6 comb_eval=12468 comb_feas=117 rebuilt_globals=105 split_clusters=1 split_ops=7 hist_relax_attempts=0 hist_relax_ok=0 hist_relax_keys=0 nscan boundary=144 in_scope=8 committed_now=8 committed_total=28 disagree=30 births cand=1 tracks_created=0 tracks_kept=0 MAP tracks=8 used=3 unused=1 hit_rate=0.59
SCAN_NSCAN_COMMITTED scan=150 t=2025-12-10 17:40:18.685000+00:00 boundary=144 9->node7293@s144, 16->node7295@s144, 17->node7327@s144, 18->node7341@s144, 19->node7345@s144, 20->node7361@s144, 26->node7369@s144, 27->node7409@s144

INTERNAL_BIRTH_GUARDRAIL t=2025-12-10 17:40:18.885000+00:00 reason=active leaf count above cap (338>200) residual=1
HIST_RELAX scan=151 cluster=1 track_ids=[17, 27] relaxed_keys=1 relaxed_sample=[(144, 2)] feasible_before=0 feasible_after=34 status=enabled

Cluster rebuilds scan=151 t=2025-12-10 17:40:18.885000+00:00:
cluster=0 tracks=[9, 16] globals=20 comb_eval=1262 comb_feas=37 disagree=2
  logW=685.914 tids=[9, 16]
  logW=674.235 tids=[9, 16]
  logW=674.170 tids=[9, 16]
  logW=674.021 tids=[9, 16]
  logW=673.911 tids=[9, 16]
cluster=1 tracks=[17, 27] globals=20 comb_eval=368 comb_feas=34 disagree=0
  logW=287.685 tids=[17, 27]
  logW=287.041 tids=[17, 27]
  logW=286.706 tids=[17, 27]
  logW=280.072 tids=[17, 27]
  logW=278.840 tids=[17, 27]
cluster=2 tracks=[18, 20, 26] globals=20 comb_eval=662 comb_feas=43 disagree=5
  logW=385.099 tids=[18, 20, 26]
  logW=384.919 tids=[18, 20, 26]
  logW=375.522 tids=[18, 20, 26]
  logW=375.342 tids=[18, 20, 26]
  logW=375.233 tids=[18, 20, 26]
cluster=3 tracks=[19] globals=4 comb_eval=4 comb_feas=4 disagree=2
  logW=257.166 tids=[19]
  logW=245.946 tids=[19]
  logW=245.516 tids=[19]
  logW=235.296 tids=[19]
SCAN scan=151 t=2025-12-10 17:40:18.885000+00:00 det=5 trees=8 leaves=52 clusters=4 comb_eval=2296 comb_feas=118 rebuilt_globals=64 split_clusters=0 split_ops=0 hist_relax_attempts=1 hist_relax_ok=1 hist_relax_keys=1 nscan boundary=145 in_scope=8 committed_now=8 committed_total=28 disagree=9 births cand=1 tracks_created=0 tracks_kept=0 MAP tracks=8 used=4 unused=1 hit_rate=0.58
SCAN_NSCAN_COMMITTED scan=151 t=2025-12-10 17:40:18.885000+00:00 boundary=145 9->node7413@s145, 16->node7415@s145, 17->node7443@s145, 18->node7450@s145, 19->node7454@s145, 20->node7486@s145, 26->node7492@s145, 27->node7540@s145

Internal births at 2025-12-10 17:40:19.085000+00:00: kept=1
  birth_state=(x=79.0, vx=0.00, y=109.4, vy=0.00)
HIST_RELAX scan=152 cluster=2 track_ids=[17, 27] relaxed_keys=1 relaxed_sample=[(144, 2)] feasible_before=0 feasible_after=38 status=enabled

Cluster rebuilds scan=152 t=2025-12-10 17:40:19.085000+00:00:
cluster=0 tracks=[9] globals=16 comb_eval=16 comb_feas=16 disagree=2
  logW=464.446 tids=[9]
  logW=452.527 tids=[9]
  logW=452.514 tids=[9]
  logW=452.429 tids=[9]
  logW=452.251 tids=[9]
cluster=1 tracks=[16] globals=14 comb_eval=14 comb_feas=14 disagree=2
  logW=240.974 tids=[16]
  logW=229.196 tids=[16]
  logW=228.983 tids=[16]
  logW=228.880 tids=[16]
  logW=228.879 tids=[16]
cluster=2 tracks=[17, 27] globals=20 comb_eval=464 comb_feas=38 disagree=7
  logW=292.981 tids=[17, 27]
  logW=292.897 tids=[17, 27]
  logW=292.121 tids=[17, 27]
  logW=286.935 tids=[17, 27]
  logW=284.716 tids=[17, 27]
cluster=3 tracks=[18] globals=12 comb_eval=12 comb_feas=12 disagree=0
  logW=285.971 tids=[18]
  logW=285.302 tids=[18]
  logW=275.137 tids=[18]
  logW=274.069 tids=[18]
  logW=274.048 tids=[18]
cluster=4 tracks=[19] globals=2 comb_eval=2 comb_feas=2 disagree=0
  logW=254.863 tids=[19]
  logW=243.213 tids=[19]
cluster=5 tracks=[20] globals=4 comb_eval=4 comb_feas=4 disagree=0
  logW=72.379 tids=[20]
  logW=62.773 tids=[20]
  logW=61.449 tids=[20]
  logW=51.070 tids=[20]
cluster=6 tracks=[26] globals=10 comb_eval=10 comb_feas=10 disagree=0
  logW=53.322 tids=[26]
  logW=43.872 tids=[26]
  logW=42.524 tids=[26]
  logW=41.620 tids=[26]
  logW=41.439 tids=[26]
cluster=7 tracks=[28] globals=1 comb_eval=1 comb_feas=1 disagree=0
  logW=-8.000 tids=[28]
SCAN scan=152 t=2025-12-10 17:40:19.085000+00:00 det=7 trees=9 leaves=69 clusters=8 comb_eval=523 comb_feas=97 rebuilt_globals=79 split_clusters=0 split_ops=0 hist_relax_attempts=1 hist_relax_ok=1 hist_relax_keys=1 nscan boundary=146 in_scope=8 committed_now=8 committed_total=28 disagree=11 births cand=1 tracks_created=1 tracks_kept=1 MAP tracks=9 used=7 unused=0 hit_rate=0.63
SCAN_NSCAN_COMMITTED scan=152 t=2025-12-10 17:40:19.085000+00:00 boundary=146 9->node7549@s146, 16->node7553@s146, 17->node7593@s146, 18->node7607@s146, 19->node7615@s146, 20->node7626@s146, 26->node7632@s146, 27->node7667@s146
HIST_RELAX scan=153 cluster=2 track_ids=[17, 27] relaxed_keys=1 relaxed_sample=[(144, 2)] feasible_before=0 feasible_after=32 status=enabled

Cluster rebuilds scan=153 t=2025-12-10 17:40:19.285000+00:00:
cluster=0 tracks=[9] globals=20 comb_eval=21 comb_feas=20 disagree=5
  logW=473.814 tids=[9]
  logW=462.144 tids=[9]
  logW=461.925 tids=[9]
  logW=461.837 tids=[9]
  logW=461.653 tids=[9]
cluster=1 tracks=[16] globals=20 comb_eval=21 comb_feas=20 disagree=3
  logW=250.560 tids=[16]
  logW=238.802 tids=[16]
  logW=238.672 tids=[16]
  logW=238.541 tids=[16]
  logW=238.407 tids=[16]
cluster=2 tracks=[17, 27] globals=20 comb_eval=168 comb_feas=32 disagree=13
  logW=299.390 tids=[17, 27]
  logW=299.285 tids=[17, 27]
  logW=292.748 tids=[17, 27]
  logW=291.085 tids=[17, 27]
  logW=291.018 tids=[17, 27]
cluster=3 tracks=[18] globals=20 comb_eval=21 comb_feas=20 disagree=0
  logW=295.481 tids=[18]
  logW=294.825 tids=[18]
  logW=284.715 tids=[18]
  logW=283.668 tids=[18]
  logW=283.510 tids=[18]
cluster=4 tracks=[19] globals=2 comb_eval=2 comb_feas=2 disagree=0
  logW=252.561 tids=[19]
  logW=240.911 tids=[19]
cluster=5 tracks=[20] globals=8 comb_eval=8 comb_feas=8 disagree=0
  logW=81.672 tids=[20]
  logW=71.247 tids=[20]
  logW=70.452 tids=[20]
  logW=70.077 tids=[20]
  logW=60.471 tids=[20]
cluster=6 tracks=[26] globals=10 comb_eval=10 comb_feas=10 disagree=2
  logW=51.020 tids=[26]
  logW=41.570 tids=[26]
  logW=40.221 tids=[26]
  logW=39.317 tids=[26]
  logW=39.136 tids=[26]
cluster=7 tracks=[28] globals=2 comb_eval=2 comb_feas=2 disagree=0
  logW=-3.288 tids=[28]
  logW=-10.303 tids=[28]
SCAN scan=153 t=2025-12-10 17:40:19.285000+00:00 det=6 trees=9 leaves=80 clusters=8 comb_eval=253 comb_feas=114 rebuilt_globals=102 split_clusters=0 split_ops=0 hist_relax_attempts=1 hist_relax_ok=1 hist_relax_keys=1 nscan boundary=147 in_scope=8 committed_now=8 committed_total=28 disagree=23 births cand=0 tracks_created=0 tracks_kept=0 MAP tracks=9 used=6 unused=0 hit_rate=0.62
SCAN_NSCAN_COMMITTED scan=153 t=2025-12-10 17:40:19.285000+00:00 boundary=147 9->node7686@s147, 16->node7694@s147, 17->node7751@s147, 18->node7778@s147, 19->node7786@s147, 20->node7793@s147, 26->node7800@s147, 27->node7867@s147
HIST_RELAX scan=154 cluster=2 track_ids=[17, 27] relaxed_keys=1 relaxed_sample=[(144, 2)] feasible_before=0 feasible_after=13 status=enabled

Cluster rebuilds scan=154 t=2025-12-10 17:40:19.485000+00:00:
cluster=0 tracks=[9] globals=20 comb_eval=21 comb_feas=20 disagree=4
  logW=481.665 tids=[9]
  logW=471.511 tids=[9]
  logW=470.757 tids=[9]
  logW=469.460 tids=[9]
  logW=469.449 tids=[9]
cluster=1 tracks=[16] globals=20 comb_eval=21 comb_feas=20 disagree=4
  logW=259.543 tids=[16]
  logW=248.257 tids=[16]
  logW=247.913 tids=[16]
  logW=247.760 tids=[16]
  logW=247.222 tids=[16]
cluster=2 tracks=[17, 27] globals=13 comb_eval=32 comb_feas=13 disagree=8
  logW=294.785 tids=[17, 27]
  logW=292.821 tids=[17, 27]
  logW=286.115 tids=[17, 27]
  logW=285.102 tids=[17, 27]
  logW=284.211 tids=[17, 27]
cluster=3 tracks=[18] globals=20 comb_eval=21 comb_feas=20 disagree=9
  logW=304.733 tids=[18]
  logW=303.951 tids=[18]
  logW=293.878 tids=[18]
  logW=293.178 tids=[18]
  logW=293.085 tids=[18]
cluster=4 tracks=[19] globals=2 comb_eval=2 comb_feas=2 disagree=1
  logW=250.258 tids=[19]
  logW=238.608 tids=[19]
cluster=5 tracks=[20] globals=16 comb_eval=16 comb_feas=16 disagree=0
  logW=91.321 tids=[20]
  logW=80.802 tids=[20]
  logW=79.958 tids=[20]
  logW=79.370 tids=[20]
  logW=79.347 tids=[20]
cluster=6 tracks=[26] globals=16 comb_eval=16 comb_feas=16 disagree=4
  logW=58.347 tids=[26]
  logW=48.717 tids=[26]
  logW=47.248 tids=[26]
  logW=47.175 tids=[26]
  logW=46.251 tids=[26]
cluster=7 tracks=[28] globals=3 comb_eval=3 comb_feas=3 disagree=0
  logW=-2.693 tids=[28]
  logW=-5.590 tids=[28]
  logW=-12.605 tids=[28]
SCAN scan=154 t=2025-12-10 17:40:19.485000+00:00 det=7 trees=9 leaves=81 clusters=8 comb_eval=132 comb_feas=110 rebuilt_globals=110 split_clusters=0 split_ops=0 hist_relax_attempts=1 hist_relax_ok=1 hist_relax_keys=1 nscan boundary=148 in_scope=8 committed_now=8 committed_total=28 disagree=30 births cand=0 tracks_created=0 tracks_kept=0 MAP tracks=9 used=6 unused=1 hit_rate=0.59
SCAN_NSCAN_COMMITTED scan=154 t=2025-12-10 17:40:19.485000+00:00 boundary=148 9->node7902@s148, 16->node7918@s148, 17->node8034@s148, 18->node8088@s148, 19->node8111@s148, 20->node8125@s148, 26->node8136@s148, 27->node8181@s148

Internal births at 2025-12-10 17:40:19.685000+00:00: kept=1
  birth_state=(x=31.1, vx=0.00, y=42.5, vy=0.00)
HIST_RELAX scan=155 cluster=2 track_ids=[17, 27] relaxed_keys=1 relaxed_sample=[(144, 2)] feasible_before=0 feasible_after=10 status=enabled
TRACK_LIFECYCLE mode=map_leaf miss_threshold=7 terminated=[19, 27]

Cluster rebuilds scan=155 t=2025-12-10 17:40:19.685000+00:00:
cluster=0 tracks=[9] globals=20 comb_eval=21 comb_feas=20 disagree=5
  logW=491.359 tids=[9]
  logW=481.106 tids=[9]
  logW=480.029 tids=[9]
  logW=479.362 tids=[9]
  logW=479.143 tids=[9]
cluster=1 tracks=[16] globals=20 comb_eval=21 comb_feas=20 disagree=3
  logW=268.268 tids=[16]
  logW=257.240 tids=[16]
  logW=256.952 tids=[16]
  logW=256.557 tids=[16]
  logW=255.938 tids=[16]
cluster=2 tracks=[17, 27] globals=10 comb_eval=22 comb_feas=10 disagree=2
  logW=301.394 tids=[17, 27]
  logW=298.402 tids=[17, 27]
  logW=290.555 tids=[17, 27]
  logW=290.180 tids=[17, 27]
  logW=289.846 tids=[17, 27]
cluster=3 tracks=[18, 20] globals=20 comb_eval=253 comb_feas=37 disagree=2
  logW=414.719 tids=[18, 20]
  logW=404.294 tids=[18, 20]
  logW=403.385 tids=[18, 20]
  logW=403.375 tids=[18, 20]
  logW=403.292 tids=[18, 20]
cluster=4 tracks=[19] globals=1 comb_eval=1 comb_feas=1 disagree=0
  logW=247.955 tids=[19]
cluster=5 tracks=[26] globals=20 comb_eval=21 comb_feas=20 disagree=0
  logW=67.329 tids=[26]
  logW=56.355 tids=[26]
  logW=56.044 tids=[26]
  logW=55.998 tids=[26]
  logW=55.360 tids=[26]
cluster=6 tracks=[28] globals=3 comb_eval=3 comb_feas=3 disagree=0
  logW=-4.995 tids=[28]
  logW=-7.893 tids=[28]
  logW=-14.908 tids=[28]
cluster=7 tracks=[29] globals=1 comb_eval=1 comb_feas=1 disagree=0
  logW=-8.000 tids=[29]
SCAN scan=155 t=2025-12-10 17:40:19.685000+00:00 det=7 trees=8 leaves=78 clusters=8 comb_eval=343 comb_feas=112 rebuilt_globals=95 split_clusters=0 split_ops=0 hist_relax_attempts=1 hist_relax_ok=1 hist_relax_keys=1 nscan boundary=149 in_scope=8 committed_now=8 committed_total=28 disagree=12 births cand=1 tracks_created=1 tracks_kept=1 MAP tracks=8 used=7 unused=0 hit_rate=0.66
SCAN_NSCAN_COMMITTED scan=155 t=2025-12-10 17:40:19.685000+00:00 boundary=149 9->node8254@s149, 16->node8287@s149, 17->node8423@s149, 18->node8508@s149, 19->node8531@s149, 20->node8545@s149, 26->node8563@s149, 27->node8588@s149

Internal births at 2025-12-10 17:40:19.885000+00:00: kept=1
  birth_state=(x=57.5, vx=0.00, y=13.5, vy=0.00)

Cluster rebuilds scan=156 t=2025-12-10 17:40:19.885000+00:00:
cluster=0 tracks=[9] globals=20 comb_eval=21 comb_feas=20 disagree=0
  logW=500.734 tids=[9]
  logW=490.797 tids=[9]
  logW=489.067 tids=[9]
  logW=489.056 tids=[9]
  logW=488.549 tids=[9]
cluster=1 tracks=[16] globals=20 comb_eval=21 comb_feas=20 disagree=3
  logW=277.207 tids=[16]
  logW=266.292 tids=[16]
  logW=265.966 tids=[16]
  logW=265.781 tids=[16]
  logW=265.215 tids=[16]
cluster=2 tracks=[17] globals=16 comb_eval=16 comb_feas=16 disagree=0
  logW=330.708 tids=[17]
  logW=327.248 tids=[17]
  logW=319.708 tids=[17]
  logW=319.446 tids=[17]
  logW=319.333 tids=[17]
cluster=3 tracks=[18] globals=14 comb_eval=14 comb_feas=14 disagree=2
  logW=322.892 tids=[18]
  logW=311.915 tids=[18]
  logW=311.462 tids=[18]
  logW=311.188 tids=[18]
  logW=310.882 tids=[18]
cluster=4 tracks=[20] globals=14 comb_eval=14 comb_feas=14 disagree=0
  logW=110.386 tids=[20]
  logW=100.161 tids=[20]
  logW=98.652 tids=[20]
  logW=98.258 tids=[20]
  logW=98.123 tids=[20]
cluster=5 tracks=[26] globals=20 comb_eval=21 comb_feas=20 disagree=4
  logW=73.088 tids=[26]
  logW=65.026 tids=[26]
  logW=63.554 tids=[26]
  logW=63.093 tids=[26]
  logW=61.853 tids=[26]
cluster=6 tracks=[28] globals=5 comb_eval=5 comb_feas=5 disagree=0
  logW=1.450 tids=[28]
  logW=-7.298 tids=[28]
  logW=-8.182 tids=[28]
  logW=-10.195 tids=[28]
  logW=-17.210 tids=[28]
cluster=7 tracks=[29] globals=1 comb_eval=1 comb_feas=1 disagree=0
  logW=-10.303 tids=[29]
cluster=8 tracks=[30] globals=1 comb_eval=1 comb_feas=1 disagree=0
  logW=-8.000 tids=[30]
SCAN scan=156 t=2025-12-10 17:40:19.885000+00:00 det=8 trees=9 leaves=102 clusters=9 comb_eval=114 comb_feas=111 rebuilt_globals=111 split_clusters=0 split_ops=0 hist_relax_attempts=0 hist_relax_ok=0 hist_relax_keys=0 nscan boundary=150 in_scope=6 committed_now=6 committed_total=28 disagree=9 births cand=1 tracks_created=1 tracks_kept=1 MAP tracks=9 used=8 unused=0 hit_rate=0.66
SCAN_NSCAN_COMMITTED scan=156 t=2025-12-10 17:40:19.885000+00:00 boundary=150 9->node8698@s150, 16->node8733@s150, 17->node8869@s150, 18->node8909@s150, 20->node8963@s150, 26->node8988@s150

Cluster rebuilds scan=157 t=2025-12-10 17:40:20.085000+00:00:
cluster=0 tracks=[9] globals=20 comb_eval=21 comb_feas=20 disagree=3
  logW=510.567 tids=[9]
  logW=500.447 tids=[9]
  logW=498.887 tids=[9]
  logW=498.699 tids=[9]
  logW=498.432 tids=[9]
cluster=1 tracks=[16] globals=17 comb_eval=17 comb_feas=17 disagree=3
  logW=274.905 tids=[16]
  logW=263.989 tids=[16]
  logW=263.663 tids=[16]
  logW=263.479 tids=[16]
  logW=262.912 tids=[16]
cluster=2 tracks=[17] globals=20 comb_eval=21 comb_feas=20 disagree=0
  logW=337.858 tids=[17]
  logW=335.866 tids=[17]
  logW=328.405 tids=[17]
  logW=327.337 tids=[17]
  logW=326.908 tids=[17]
cluster=3 tracks=[18] globals=20 comb_eval=21 comb_feas=20 disagree=3
  logW=331.000 tids=[18]
  logW=320.589 tids=[18]
  logW=319.941 tids=[18]
  logW=319.665 tids=[18]
  logW=319.310 tids=[18]
cluster=4 tracks=[20] globals=20 comb_eval=21 comb_feas=20 disagree=0
  logW=119.594 tids=[20]
  logW=109.177 tids=[20]
  logW=108.083 tids=[20]
  logW=108.060 tids=[20]
  logW=107.469 tids=[20]
cluster=5 tracks=[26] globals=20 comb_eval=21 comb_feas=20 disagree=5
  logW=82.848 tids=[26]
  logW=73.765 tids=[26]
  logW=73.044 tids=[26]
  logW=72.791 tids=[26]
  logW=70.786 tids=[26]
cluster=6 tracks=[28] globals=5 comb_eval=5 comb_feas=5 disagree=0
  logW=-0.853 tids=[28]
  logW=-9.601 tids=[28]
  logW=-10.485 tids=[28]
  logW=-12.498 tids=[28]
  logW=-19.513 tids=[28]
cluster=7 tracks=[29] globals=1 comb_eval=1 comb_feas=1 disagree=0
  logW=-12.605 tids=[29]
cluster=8 tracks=[30] globals=1 comb_eval=1 comb_feas=1 disagree=0
  logW=-10.303 tids=[30]
SCAN scan=157 t=2025-12-10 17:40:20.085000+00:00 det=5 trees=9 leaves=110 clusters=9 comb_eval=129 comb_feas=124 rebuilt_globals=124 split_clusters=0 split_ops=0 hist_relax_attempts=0 hist_relax_ok=0 hist_relax_keys=0 nscan boundary=151 in_scope=6 committed_now=6 committed_total=28 disagree=14 births cand=0 tracks_created=0 tracks_kept=0 MAP tracks=9 used=5 unused=0 hit_rate=0.58
SCAN_NSCAN_COMMITTED scan=157 t=2025-12-10 17:40:20.085000+00:00 boundary=151 9->node9180@s151, 16->node9254@s151, 17->node9394@s151, 18->node9412@s151, 20->node9460@s151, 26->node9477@s151

Cluster rebuilds scan=158 t=2025-12-10 17:40:20.285000+00:00:
cluster=0 tracks=[9] globals=20 comb_eval=21 comb_feas=20 disagree=3
  logW=520.403 tids=[9]
  logW=510.251 tids=[9]
  logW=508.704 tids=[9]
  logW=508.399 tids=[9]
  logW=508.265 tids=[9]
cluster=1 tracks=[16] globals=20 comb_eval=21 comb_feas=20 disagree=4
  logW=284.465 tids=[16]
  logW=273.343 tids=[16]
  logW=273.110 tids=[16]
  logW=272.773 tids=[16]
  logW=272.602 tids=[16]
cluster=2 tracks=[17] globals=20 comb_eval=21 comb_feas=20 disagree=2
  logW=346.744 tids=[17]
  logW=346.441 tids=[17]
  logW=345.169 tids=[17]
  logW=344.223 tids=[17]
  logW=336.684 tids=[17]
cluster=3 tracks=[18] globals=20 comb_eval=21 comb_feas=20 disagree=3
  logW=339.617 tids=[18]
  logW=329.316 tids=[18]
  logW=328.697 tids=[18]
  logW=328.665 tids=[18]
  logW=327.919 tids=[18]
cluster=4 tracks=[20] globals=20 comb_eval=21 comb_feas=20 disagree=6
  logW=127.538 tids=[20]
  logW=117.291 tids=[20]
  logW=117.244 tids=[20]
  logW=116.816 tids=[20]
  logW=115.404 tids=[20]
cluster=5 tracks=[26] globals=20 comb_eval=21 comb_feas=20 disagree=4
  logW=92.659 tids=[26]
  logW=83.082 tids=[26]
  logW=82.790 tids=[26]
  logW=82.597 tids=[26]
  logW=80.546 tids=[26]
cluster=6 tracks=[28] globals=5 comb_eval=5 comb_feas=5 disagree=0
  logW=-3.155 tids=[28]
  logW=-11.903 tids=[28]
  logW=-12.787 tids=[28]
  logW=-14.801 tids=[28]
  logW=-21.816 tids=[28]
cluster=7 tracks=[29] globals=1 comb_eval=1 comb_feas=1 disagree=0
  logW=-14.908 tids=[29]
cluster=8 tracks=[30] globals=1 comb_eval=1 comb_feas=1 disagree=0
  logW=-12.605 tids=[30]
SCAN scan=158 t=2025-12-10 17:40:20.285000+00:00 det=7 trees=9 leaves=105 clusters=9 comb_eval=133 comb_feas=127 rebuilt_globals=127 split_clusters=0 split_ops=0 hist_relax_attempts=0 hist_relax_ok=0 hist_relax_keys=0 nscan boundary=152 in_scope=6 committed_now=6 committed_total=28 disagree=22 births cand=0 tracks_created=0 tracks_kept=0 MAP tracks=9 used=6 unused=1 hit_rate=0.54
SCAN_NSCAN_COMMITTED scan=158 t=2025-12-10 17:40:20.285000+00:00 boundary=152 9->node9518@s152, 16->node9534@s152, 17->node9558@s152, 18->node9580@s152, 20->node9590@s152, 26->node9594@s152

Cluster rebuilds scan=159 t=2025-12-10 17:40:20.485000+00:00:
cluster=0 tracks=[9] globals=20 comb_eval=21 comb_feas=20 disagree=4
  logW=529.606 tids=[9]
  logW=519.619 tids=[9]
  logW=518.100 tids=[9]
  logW=517.856 tids=[9]
  logW=517.393 tids=[9]
cluster=1 tracks=[16] globals=20 comb_eval=21 comb_feas=20 disagree=4
  logW=293.990 tids=[16]
  logW=282.829 tids=[16]
  logW=282.468 tids=[16]
  logW=282.391 tids=[16]
  logW=282.162 tids=[16]
cluster=2 tracks=[17] globals=20 comb_eval=21 comb_feas=20 disagree=8
  logW=356.263 tids=[17]
  logW=356.139 tids=[17]
  logW=355.793 tids=[17]
  logW=354.991 tids=[17]
  logW=354.699 tids=[17]
cluster=3 tracks=[18, 30] globals=20 comb_eval=156 comb_feas=34 disagree=2
  logW=340.563 tids=[18, 30]
  logW=339.381 tids=[18, 30]
  logW=334.319 tids=[18, 30]
  logW=332.556 tids=[18, 30]
  logW=330.221 tids=[18, 30]
cluster=4 tracks=[20] globals=20 comb_eval=21 comb_feas=20 disagree=4
  logW=136.729 tids=[20]
  logW=126.394 tids=[20]
  logW=125.345 tids=[20]
  logW=125.236 tids=[20]
  logW=124.593 tids=[20]
cluster=5 tracks=[26] globals=20 comb_eval=21 comb_feas=20 disagree=0
  logW=101.603 tids=[26]
  logW=92.050 tids=[26]
  logW=91.756 tids=[26]
  logW=91.335 tids=[26]
  logW=90.356 tids=[26]
cluster=6 tracks=[28] globals=5 comb_eval=5 comb_feas=5 disagree=1
  logW=-5.458 tids=[28]
  logW=-14.206 tids=[28]
  logW=-15.090 tids=[28]
  logW=-17.103 tids=[28]
  logW=-24.118 tids=[28]
cluster=7 tracks=[29] globals=1 comb_eval=1 comb_feas=1 disagree=0
  logW=-17.210 tids=[29]
SCAN scan=159 t=2025-12-10 17:40:20.485000+00:00 det=8 trees=9 leaves=101 clusters=8 comb_eval=267 comb_feas=140 rebuilt_globals=126 split_clusters=0 split_ops=0 hist_relax_attempts=0 hist_relax_ok=0 hist_relax_keys=0 nscan boundary=153 in_scope=7 committed_now=7 committed_total=29 disagree=23 births cand=0 tracks_created=0 tracks_kept=0 MAP tracks=9 used=7 unused=1 hit_rate=0.56
SCAN_NSCAN_COMMITTED scan=159 t=2025-12-10 17:40:20.485000+00:00 boundary=153 9->node9613@s153, 16->node9641@s153, 17->node9677@s153, 18->node9693@s153, 20->node9711@s153, 26->node9719@s153, 28->node9734@s153

INTERNAL_BIRTH_GUARDRAIL t=2025-12-10 17:40:20.685000+00:00 reason=active leaf count above cap (202>200) residual=2

Cluster rebuilds scan=160 t=2025-12-10 17:40:20.685000+00:00:
cluster=0 tracks=[9] globals=20 comb_eval=21 comb_feas=20 disagree=7
  logW=539.099 tids=[9]
  logW=529.042 tids=[9]
  logW=527.723 tids=[9]
  logW=527.303 tids=[9]
  logW=526.933 tids=[9]
cluster=1 tracks=[16] globals=20 comb_eval=21 comb_feas=20 disagree=6
  logW=303.608 tids=[16]
  logW=292.389 tids=[16]
  logW=292.163 tids=[16]
  logW=291.970 tids=[16]
  logW=291.687 tids=[16]
cluster=2 tracks=[17] globals=12 comb_eval=12 comb_feas=12 disagree=0
  logW=353.961 tids=[17]
  logW=353.836 tids=[17]
  logW=353.491 tids=[17]
  logW=352.397 tids=[17]
  logW=344.078 tids=[17]
cluster=3 tracks=[18, 20, 30] globals=20 comb_eval=1819 comb_feas=51 disagree=0
  logW=502.253 tids=[18, 20, 30]
  logW=500.823 tids=[18, 20, 30]
  logW=500.439 tids=[18, 20, 30]
  logW=499.561 tids=[18, 20, 30]
  logW=494.802 tids=[18, 20, 30]
cluster=4 tracks=[26] globals=20 comb_eval=21 comb_feas=20 disagree=7
  logW=111.430 tids=[26]
  logW=101.877 tids=[26]
  logW=101.590 tids=[26]
  logW=101.076 tids=[26]
  logW=99.819 tids=[26]
cluster=5 tracks=[28] globals=4 comb_eval=4 comb_feas=4 disagree=2
  logW=-7.760 tids=[28]
  logW=-16.508 tids=[28]
  logW=-17.393 tids=[28]
  logW=-26.421 tids=[28]
cluster=6 tracks=[29] globals=1 comb_eval=1 comb_feas=1 disagree=0
  logW=-19.513 tids=[29]
SCAN scan=160 t=2025-12-10 17:40:20.685000+00:00 det=8 trees=9 leaves=76 clusters=7 comb_eval=1899 comb_feas=128 rebuilt_globals=97 split_clusters=0 split_ops=0 hist_relax_attempts=0 hist_relax_ok=0 hist_relax_keys=0 nscan boundary=154 in_scope=7 committed_now=7 committed_total=29 disagree=22 births cand=2 tracks_created=0 tracks_kept=0 MAP tracks=9 used=6 unused=2 hit_rate=0.56
SCAN_NSCAN_COMMITTED scan=160 t=2025-12-10 17:40:20.685000+00:00 boundary=154 9->node9735@s154, 16->node9765@s154, 17->node9800@s154, 18->node9820@s154, 20->node9848@s154, 26->node9864@s154, 28->node9883@s154

Internal births at 2025-12-10 17:40:20.885000+00:00: kept=1
  birth_state=(x=38.2, vx=0.00, y=-33.5, vy=0.00)

Cluster rebuilds scan=161 t=2025-12-10 17:40:20.885000+00:00:
cluster=0 tracks=[9] globals=20 comb_eval=21 comb_feas=20 disagree=3
  logW=548.872 tids=[9]
  logW=537.215 tids=[9]
  logW=536.981 tids=[9]
  logW=536.796 tids=[9]
  logW=536.680 tids=[9]
cluster=1 tracks=[16] globals=20 comb_eval=21 comb_feas=20 disagree=6
  logW=313.256 tids=[16]
  logW=301.867 tids=[16]
  logW=301.601 tids=[16]
  logW=301.305 tids=[16]
  logW=301.260 tids=[16]
cluster=2 tracks=[17] globals=20 comb_eval=21 comb_feas=20 disagree=5
  logW=363.078 tids=[17]
  logW=362.213 tids=[17]
  logW=361.886 tids=[17]
  logW=361.518 tids=[17]
  logW=353.441 tids=[17]
cluster=3 tracks=[18, 30] globals=20 comb_eval=72 comb_feas=24 disagree=0
  logW=352.189 tids=[18, 30]
  logW=350.759 tids=[18, 30]
  logW=350.375 tids=[18, 30]
  logW=349.497 tids=[18, 30]
  logW=344.739 tids=[18, 30]
cluster=4 tracks=[20] globals=5 comb_eval=5 comb_feas=5 disagree=0
  logW=143.156 tids=[20]
  logW=132.248 tids=[20]
  logW=132.178 tids=[20]
  logW=132.166 tids=[20]
  logW=132.123 tids=[20]
cluster=5 tracks=[26] globals=20 comb_eval=21 comb_feas=20 disagree=7
  logW=120.975 tids=[26]
  logW=111.353 tids=[26]
  logW=110.724 tids=[26]
  logW=109.469 tids=[26]
  logW=109.127 tids=[26]
cluster=6 tracks=[28] globals=2 comb_eval=2 comb_feas=2 disagree=0
  logW=-10.063 tids=[28]
  logW=-18.811 tids=[28]
cluster=7 tracks=[29] globals=1 comb_eval=1 comb_feas=1 disagree=0
  logW=-21.816 tids=[29]
cluster=8 tracks=[31] globals=1 comb_eval=1 comb_feas=1 disagree=0
  logW=-8.000 tids=[31]
SCAN scan=161 t=2025-12-10 17:40:20.885000+00:00 det=5 trees=10 leaves=84 clusters=9 comb_eval=165 comb_feas=113 rebuilt_globals=109 split_clusters=0 split_ops=0 hist_relax_attempts=0 hist_relax_ok=0 hist_relax_keys=0 nscan boundary=155 in_scope=7 committed_now=7 committed_total=29 disagree=21 births cand=1 tracks_created=1 tracks_kept=1 MAP tracks=10 used=5 unused=0 hit_rate=0.59
SCAN_NSCAN_COMMITTED scan=161 t=2025-12-10 17:40:20.885000+00:00 boundary=155 9->node9885@s155, 16->node9917@s155, 17->node9949@s155, 18->node9959@s155, 20->node9982@s155, 26->node10015@s155, 28->node10041@s155

Cluster rebuilds scan=162 t=2025-12-10 17:40:21.085000+00:00:
cluster=0 tracks=[9] globals=20 comb_eval=21 comb_feas=20 disagree=5
  logW=558.659 tids=[9]
  logW=546.863 tids=[9]
  logW=546.736 tids=[9]
  logW=546.570 tids=[9]
  logW=546.457 tids=[9]
cluster=1 tracks=[16] globals=20 comb_eval=21 comb_feas=20 disagree=6
  logW=322.721 tids=[16]
  logW=311.329 tids=[16]
  logW=310.953 tids=[16]
  logW=310.698 tids=[16]
  logW=310.558 tids=[16]
cluster=2 tracks=[17] globals=15 comb_eval=15 comb_feas=15 disagree=0
  logW=360.775 tids=[17]
  logW=359.911 tids=[17]
  logW=359.584 tids=[17]
  logW=359.216 tids=[17]
  logW=351.138 tids=[17]
cluster=3 tracks=[18, 26, 30] globals=20 comb_eval=898 comb_feas=56 disagree=1
  logW=488.677 tids=[18, 26, 30]
  logW=487.522 tids=[18, 26, 30]
  logW=486.252 tids=[18, 26, 30]
  logW=485.411 tids=[18, 26, 30]
  logW=480.615 tids=[18, 26, 30]
cluster=4 tracks=[20] globals=5 comb_eval=5 comb_feas=5 disagree=0
  logW=140.853 tids=[20]
  logW=129.945 tids=[20]
  logW=129.876 tids=[20]
  logW=129.863 tids=[20]
  logW=129.821 tids=[20]
cluster=5 tracks=[28] globals=2 comb_eval=2 comb_feas=2 disagree=1
  logW=-12.366 tids=[28]
  logW=-21.114 tids=[28]
cluster=6 tracks=[29] globals=2 comb_eval=2 comb_feas=2 disagree=0
  logW=-17.215 tids=[29]
  logW=-24.118 tids=[29]
cluster=7 tracks=[31] globals=1 comb_eval=1 comb_feas=1 disagree=0
  logW=-10.303 tids=[31]
SCAN scan=162 t=2025-12-10 17:40:21.085000+00:00 det=5 trees=10 leaves=74 clusters=8 comb_eval=965 comb_feas=121 rebuilt_globals=85 split_clusters=0 split_ops=0 hist_relax_attempts=0 hist_relax_ok=0 hist_relax_keys=0 nscan boundary=156 in_scope=8 committed_now=8 committed_total=30 disagree=13 births cand=0 tracks_created=0 tracks_kept=0 MAP tracks=10 used=5 unused=0 hit_rate=0.54
SCAN_NSCAN_COMMITTED scan=162 t=2025-12-10 17:40:21.085000+00:00 boundary=156 9->node10044@s156, 16->node10074@s156, 17->node10108@s156, 18->node10124@s156, 20->node10138@s156, 26->node10152@s156, 28->node10191@s156, 29->node10195@s156
TRACK_LIFECYCLE mode=map_leaf miss_threshold=7 terminated=[28]

Cluster rebuilds scan=163 t=2025-12-10 17:40:21.285000+00:00:
cluster=0 tracks=[9] globals=20 comb_eval=21 comb_feas=20 disagree=3
  logW=567.994 tids=[9]
  logW=556.357 tids=[9]
  logW=556.323 tids=[9]
  logW=555.926 tids=[9]
  logW=555.849 tids=[9]
cluster=1 tracks=[16] globals=20 comb_eval=21 comb_feas=20 disagree=0
  logW=332.129 tids=[16]
  logW=320.419 tids=[16]
  logW=320.093 tids=[16]
  logW=319.978 tids=[16]
  logW=319.972 tids=[16]
cluster=2 tracks=[17, 18, 20, 26, 30] globals=20 comb_eval=1486 comb_feas=69 disagree=0
  logW=1015.019 tids=[17, 18, 20, 26, 30]
  logW=1014.728 tids=[17, 18, 20, 26, 30]
  logW=1012.774 tids=[17, 18, 20, 26, 30]
  logW=1012.174 tids=[17, 18, 20, 26, 30]
  logW=1012.062 tids=[17, 18, 20, 26, 30]
cluster=3 tracks=[28] globals=1 comb_eval=1 comb_feas=1 disagree=0
  logW=-14.668 tids=[28]
cluster=4 tracks=[29] globals=2 comb_eval=2 comb_feas=2 disagree=0
  logW=-19.517 tids=[29]
  logW=-26.421 tids=[29]
cluster=5 tracks=[31] globals=1 comb_eval=1 comb_feas=1 disagree=0
  logW=-12.605 tids=[31]
SCAN scan=163 t=2025-12-10 17:40:21.285000+00:00 det=6 trees=9 leaves=58 clusters=6 comb_eval=1532 comb_feas=113 rebuilt_globals=64 split_clusters=0 split_ops=0 hist_relax_attempts=0 hist_relax_ok=0 hist_relax_keys=0 nscan boundary=157 in_scope=9 committed_now=9 committed_total=31 disagree=3 births cand=0 tracks_created=0 tracks_kept=0 MAP tracks=9 used=6 unused=0 hit_rate=0.56
SCAN_NSCAN_COMMITTED scan=163 t=2025-12-10 17:40:21.285000+00:00 boundary=157 9->node10197@s157, 16->node10237@s157, 17->node10254@s157, 18->node10286@s157, 20->node10310@s157, 26->node10338@s157, 28->node10371@s157, 29->node10375@s157, 30->node10376@s157

Internal births at 2025-12-10 17:40:21.485000+00:00: kept=2
  birth_state=(x=20.1, vx=0.00, y=-30.9, vy=0.00)
  birth_state=(x=77.1, vx=0.00, y=110.2, vy=0.00)

Cluster rebuilds scan=164 t=2025-12-10 17:40:21.485000+00:00:
cluster=0 tracks=[9] globals=20 comb_eval=21 comb_feas=20 disagree=2
  logW=577.818 tids=[9]
  logW=566.153 tids=[9]
  logW=565.883 tids=[9]
  logW=565.692 tids=[9]
  logW=565.684 tids=[9]
cluster=1 tracks=[16] globals=20 comb_eval=21 comb_feas=20 disagree=4
  logW=341.745 tids=[16]
  logW=329.958 tids=[16]
  logW=329.826 tids=[16]
  logW=329.621 tids=[16]
  logW=329.549 tids=[16]
cluster=2 tracks=[17, 18, 26, 30] globals=20 comb_eval=2691 comb_feas=77 disagree=10
  logW=898.792 tids=[17, 18, 26, 30]
  logW=898.245 tids=[17, 18, 26, 30]
  logW=898.081 tids=[17, 18, 26, 30]
  logW=898.014 tids=[17, 18, 26, 30]
  logW=897.646 tids=[17, 18, 26, 30]
cluster=3 tracks=[20] globals=1 comb_eval=1 comb_feas=1 disagree=0
  logW=147.189 tids=[20]
cluster=4 tracks=[29] globals=2 comb_eval=2 comb_feas=2 disagree=0
  logW=-21.820 tids=[29]
  logW=-28.723 tids=[29]
cluster=5 tracks=[31] globals=1 comb_eval=1 comb_feas=1 disagree=0
  logW=-14.908 tids=[31]
cluster=6 tracks=[32] globals=1 comb_eval=1 comb_feas=1 disagree=0
  logW=-8.000 tids=[32]
cluster=7 tracks=[33] globals=1 comb_eval=1 comb_feas=1 disagree=0
  logW=-8.000 tids=[33]
SCAN scan=164 t=2025-12-10 17:40:21.485000+00:00 det=8 trees=11 leaves=52 clusters=8 comb_eval=2739 comb_feas=123 rebuilt_globals=66 split_clusters=0 split_ops=0 hist_relax_attempts=0 hist_relax_ok=0 hist_relax_keys=0 nscan boundary=158 in_scope=8 committed_now=8 committed_total=31 disagree=16 births cand=2 tracks_created=2 tracks_kept=2 MAP tracks=11 used=8 unused=0 hit_rate=0.63
SCAN_NSCAN_COMMITTED scan=164 t=2025-12-10 17:40:21.485000+00:00 boundary=158 9->node10377@s158, 16->node10411@s158, 17->node10439@s158, 18->node10499@s158, 20->node10533@s158, 26->node10573@s158, 29->node10608@s158, 30->node10609@s158

Cluster rebuilds scan=165 t=2025-12-10 17:40:21.685000+00:00:
cluster=0 tracks=[9, 16] globals=20 comb_eval=534 comb_feas=35 disagree=3
  logW=938.809 tids=[9, 16]
  logW=937.132 tids=[9, 16]
  logW=934.802 tids=[9, 16]
  logW=927.112 tids=[9, 16]
  logW=926.997 tids=[9, 16]
cluster=1 tracks=[17] globals=6 comb_eval=6 comb_feas=6 disagree=4
  logW=387.866 tids=[17]
  logW=387.145 tids=[17]
  logW=381.805 tids=[17]
  logW=376.683 tids=[17]
  logW=376.135 tids=[17]
cluster=2 tracks=[18, 26, 30] globals=20 comb_eval=189 comb_feas=25 disagree=5
  logW=536.560 tids=[18, 26, 30]
  logW=536.108 tids=[18, 26, 30]
  logW=535.412 tids=[18, 26, 30]
  logW=534.224 tids=[18, 26, 30]
  logW=534.134 tids=[18, 26, 30]
cluster=3 tracks=[20] globals=2 comb_eval=2 comb_feas=2 disagree=0
  logW=153.318 tids=[20]
  logW=144.887 tids=[20]
cluster=4 tracks=[29] globals=2 comb_eval=2 comb_feas=2 disagree=0
  logW=-24.122 tids=[29]
  logW=-31.026 tids=[29]
cluster=5 tracks=[31] globals=1 comb_eval=1 comb_feas=1 disagree=0
  logW=-17.210 tids=[31]
cluster=6 tracks=[32] globals=1 comb_eval=1 comb_feas=1 disagree=0
  logW=-10.303 tids=[32]
cluster=7 tracks=[33] globals=1 comb_eval=1 comb_feas=1 disagree=0
  logW=-10.303 tids=[33]
SCAN scan=165 t=2025-12-10 17:40:21.685000+00:00 det=7 trees=11 leaves=38 clusters=8 comb_eval=736 comb_feas=73 rebuilt_globals=53 split_clusters=0 split_ops=0 hist_relax_attempts=0 hist_relax_ok=0 hist_relax_keys=0 nscan boundary=159 in_scope=8 committed_now=8 committed_total=31 disagree=12 births cand=0 tracks_created=0 tracks_kept=0 MAP tracks=11 used=6 unused=1 hit_rate=0.53
SCAN_NSCAN_COMMITTED scan=165 t=2025-12-10 17:40:21.685000+00:00 boundary=159 9->node10610@s159, 16->node10644@s159, 17->node10676@s159, 18->node10731@s159, 20->node10781@s159, 26->node10809@s159, 29->node10846@s159, 30->node10847@s159

Cluster rebuilds scan=166 t=2025-12-10 17:40:21.885000+00:00:
cluster=0 tracks=[9, 16] globals=20 comb_eval=176 comb_feas=32 disagree=1
  logW=943.571 tids=[9, 16]
  logW=943.079 tids=[9, 16]
  logW=942.978 tids=[9, 16]
  logW=941.894 tids=[9, 16]
  logW=941.258 tids=[9, 16]
cluster=1 tracks=[17] globals=4 comb_eval=4 comb_feas=4 disagree=0
  logW=396.205 tids=[17]
  logW=385.563 tids=[17]
  logW=385.455 tids=[17]
  logW=374.381 tids=[17]
cluster=2 tracks=[18] globals=6 comb_eval=6 comb_feas=6 disagree=0
  logW=389.445 tids=[18]
  logW=386.389 tids=[18]
  logW=377.594 tids=[18]
  logW=377.205 tids=[18]
  logW=375.203 tids=[18]
cluster=3 tracks=[20] globals=2 comb_eval=2 comb_feas=2 disagree=0
  logW=151.015 tids=[20]
  logW=142.584 tids=[20]
cluster=4 tracks=[26, 30] globals=20 comb_eval=65 comb_feas=22 disagree=0
  logW=164.148 tids=[26, 30]
  logW=163.525 tids=[26, 30]
  logW=162.692 tids=[26, 30]
  logW=161.621 tids=[26, 30]
  logW=160.138 tids=[26, 30]
cluster=5 tracks=[29] globals=2 comb_eval=2 comb_feas=2 disagree=0
  logW=-26.425 tids=[29]
  logW=-33.328 tids=[29]
cluster=6 tracks=[31] globals=2 comb_eval=2 comb_feas=2 disagree=0
  logW=-12.108 tids=[31]
  logW=-19.513 tids=[31]
cluster=7 tracks=[32] globals=2 comb_eval=2 comb_feas=2 disagree=0
  logW=-4.378 tids=[32]
  logW=-12.605 tids=[32]
cluster=8 tracks=[33] globals=1 comb_eval=1 comb_feas=1 disagree=0
  logW=-12.605 tids=[33]
SCAN scan=166 t=2025-12-10 17:40:21.885000+00:00 det=7 trees=11 leaves=55 clusters=9 comb_eval=260 comb_feas=73 rebuilt_globals=59 split_clusters=0 split_ops=0 hist_relax_attempts=0 hist_relax_ok=0 hist_relax_keys=0 nscan boundary=160 in_scope=8 committed_now=8 committed_total=31 disagree=1 births cand=0 tracks_created=0 tracks_kept=0 MAP tracks=11 used=6 unused=1 hit_rate=0.54
SCAN_NSCAN_COMMITTED scan=166 t=2025-12-10 17:40:21.885000+00:00 boundary=160 9->node10850@s160, 16->node10882@s160, 17->node10914@s160, 18->node10930@s160, 20->node10965@s160, 26->node10997@s160, 29->node11041@s160, 30->node11042@s160

Cluster rebuilds scan=167 t=2025-12-10 17:40:22.086000+00:00:
cluster=0 tracks=[9, 16] globals=20 comb_eval=271 comb_feas=37 disagree=1
  logW=962.571 tids=[9, 16]
  logW=961.894 tids=[9, 16]
  logW=960.949 tids=[9, 16]
  logW=960.254 tids=[9, 16]
  logW=959.195 tids=[9, 16]
cluster=1 tracks=[17] globals=8 comb_eval=8 comb_feas=8 disagree=0
  logW=405.936 tids=[17]
  logW=395.182 tids=[17]
  logW=394.633 tids=[17]
  logW=393.903 tids=[17]
  logW=383.563 tids=[17]
cluster=2 tracks=[18] globals=12 comb_eval=12 comb_feas=12 disagree=0
  logW=398.644 tids=[18]
  logW=396.099 tids=[18]
  logW=387.143 tids=[18]
  logW=386.790 tids=[18]
  logW=386.377 tids=[18]
cluster=3 tracks=[20] globals=4 comb_eval=4 comb_feas=4 disagree=0
  logW=160.341 tids=[20]
  logW=151.223 tids=[20]
  logW=148.712 tids=[20]
  logW=140.281 tids=[20]
cluster=4 tracks=[26, 30] globals=20 comb_eval=125 comb_feas=32 disagree=0
  logW=168.556 tids=[26, 30]
  logW=168.112 tids=[26, 30]
  logW=167.644 tids=[26, 30]
  logW=165.193 tids=[26, 30]
  logW=164.177 tids=[26, 30]
cluster=5 tracks=[29] globals=2 comb_eval=2 comb_feas=2 disagree=0
  logW=-28.727 tids=[29]
  logW=-35.631 tids=[29]
cluster=6 tracks=[31] globals=2 comb_eval=2 comb_feas=2 disagree=0
  logW=-14.411 tids=[31]
  logW=-21.816 tids=[31]
cluster=7 tracks=[32] globals=2 comb_eval=2 comb_feas=2 disagree=0
  logW=-6.681 tids=[32]
  logW=-14.908 tids=[32]
cluster=8 tracks=[33] globals=1 comb_eval=1 comb_feas=1 disagree=0
  logW=-14.908 tids=[33]
SCAN scan=167 t=2025-12-10 17:40:22.086000+00:00 det=6 trees=11 leaves=71 clusters=9 comb_eval=427 comb_feas=100 rebuilt_globals=71 split_clusters=0 split_ops=0 hist_relax_attempts=0 hist_relax_ok=0 hist_relax_keys=0 nscan boundary=161 in_scope=8 committed_now=8 committed_total=31 disagree=1 births cand=0 tracks_created=0 tracks_kept=0 MAP tracks=11 used=6 unused=0 hit_rate=0.51
SCAN_NSCAN_COMMITTED scan=167 t=2025-12-10 17:40:22.086000+00:00 boundary=161 9->node11052@s161, 16->node11078@s161, 17->node11106@s161, 18->node11133@s161, 20->node11138@s161, 26->node11143@s161, 29->node11171@s161, 30->node11172@s161

Internal births at 2025-12-10 17:40:22.286000+00:00: kept=2
  birth_state=(x=112.3, vx=0.00, y=-28.5, vy=0.00)
  birth_state=(x=113.9, vx=0.00, y=-24.6, vy=0.00)

Cluster rebuilds scan=168 t=2025-12-10 17:40:22.286000+00:00:
cluster=0 tracks=[9, 16] globals=20 comb_eval=249 comb_feas=36 disagree=2
  logW=981.479 tids=[9, 16]
  logW=981.147 tids=[9, 16]
  logW=979.745 tids=[9, 16]
  logW=979.021 tids=[9, 16]
  logW=977.406 tids=[9, 16]
cluster=1 tracks=[17] globals=16 comb_eval=16 comb_feas=16 disagree=0
  logW=414.272 tids=[17]
  logW=403.634 tids=[17]
  logW=403.582 tids=[17]
  logW=402.918 tids=[17]
  logW=402.562 tids=[17]
cluster=2 tracks=[18] globals=20 comb_eval=21 comb_feas=20 disagree=0
  logW=408.457 tids=[18]
  logW=405.553 tids=[18]
  logW=396.653 tids=[18]
  logW=396.526 tids=[18]
  logW=396.341 tids=[18]
cluster=3 tracks=[20] globals=8 comb_eval=8 comb_feas=8 disagree=0
  logW=169.846 tids=[20]
  logW=159.854 tids=[20]
  logW=158.053 tids=[20]
  logW=158.039 tids=[20]
  logW=148.920 tids=[20]
cluster=4 tracks=[26, 30] globals=20 comb_eval=165 comb_feas=31 disagree=0
  logW=175.672 tids=[26, 30]
  logW=175.474 tids=[26, 30]
  logW=174.653 tids=[26, 30]
  logW=172.519 tids=[26, 30]
  logW=171.510 tids=[26, 30]
cluster=5 tracks=[29] globals=2 comb_eval=2 comb_feas=2 disagree=1
  logW=-31.030 tids=[29]
  logW=-37.934 tids=[29]
cluster=6 tracks=[31] globals=2 comb_eval=2 comb_feas=2 disagree=0
  logW=-16.713 tids=[31]
  logW=-24.118 tids=[31]
cluster=7 tracks=[32] globals=2 comb_eval=2 comb_feas=2 disagree=0
  logW=-8.984 tids=[32]
  logW=-17.210 tids=[32]
cluster=8 tracks=[33] globals=1 comb_eval=1 comb_feas=1 disagree=0
  logW=-17.210 tids=[33]
cluster=9 tracks=[34] globals=1 comb_eval=1 comb_feas=1 disagree=0
  logW=-8.000 tids=[34]
cluster=10 tracks=[35] globals=1 comb_eval=1 comb_feas=1 disagree=0
  logW=-8.000 tids=[35]
SCAN scan=168 t=2025-12-10 17:40:22.286000+00:00 det=8 trees=13 leaves=92 clusters=11 comb_eval=468 comb_feas=120 rebuilt_globals=93 split_clusters=0 split_ops=0 hist_relax_attempts=0 hist_relax_ok=0 hist_relax_keys=0 nscan boundary=162 in_scope=9 committed_now=9 committed_total=32 disagree=3 births cand=2 tracks_created=2 tracks_kept=2 MAP tracks=13 used=8 unused=0 hit_rate=0.57
SCAN_NSCAN_COMMITTED scan=168 t=2025-12-10 17:40:22.286000+00:00 boundary=162 9->node11181@s162, 16->node11215@s162, 17->node11243@s162, 18->node11264@s162, 20->node11274@s162, 26->node11279@s162, 29->node11307@s162, 30->node11309@s162, 31->node11319@s162

Internal births at 2025-12-10 17:40:22.485000+00:00: kept=2
  birth_state=(x=51.6, vx=0.00, y=10.8, vy=0.00)
  birth_state=(x=57.9, vx=0.00, y=-6.0, vy=0.00)
TRACK_LIFECYCLE mode=map_leaf miss_threshold=7 terminated=[29]

Cluster rebuilds scan=169 t=2025-12-10 17:40:22.485000+00:00:
cluster=0 tracks=[9, 16] globals=20 comb_eval=236 comb_feas=36 disagree=2
  logW=1000.042 tids=[9, 16]
  logW=999.959 tids=[9, 16]
  logW=998.254 tids=[9, 16]
  logW=997.419 tids=[9, 16]
  logW=995.646 tids=[9, 16]
cluster=1 tracks=[17] globals=20 comb_eval=21 comb_feas=20 disagree=0
  logW=421.181 tids=[17]
  logW=411.969 tids=[17]
  logW=411.952 tids=[17]
  logW=410.294 tids=[17]
  logW=409.766 tids=[17]
cluster=2 tracks=[18, 20] globals=20 comb_eval=257 comb_feas=35 disagree=0
  logW=594.509 tids=[18, 20]
  logW=591.596 tids=[18, 20]
  logW=585.196 tids=[18, 20]
  logW=584.291 tids=[18, 20]
  logW=583.916 tids=[18, 20]
cluster=3 tracks=[26, 30] globals=20 comb_eval=90 comb_feas=23 disagree=3
  logW=171.066 tids=[26, 30]
  logW=170.869 tids=[26, 30]
  logW=170.048 tids=[26, 30]
  logW=167.914 tids=[26, 30]
  logW=166.905 tids=[26, 30]
cluster=4 tracks=[29] globals=1 comb_eval=1 comb_feas=1 disagree=0
  logW=-33.333 tids=[29]
cluster=5 tracks=[31] globals=2 comb_eval=2 comb_feas=2 disagree=0
  logW=-19.016 tids=[31]
  logW=-26.421 tids=[31]
cluster=6 tracks=[32] globals=2 comb_eval=2 comb_feas=2 disagree=0
  logW=-11.286 tids=[32]
  logW=-19.513 tids=[32]
cluster=7 tracks=[33] globals=1 comb_eval=1 comb_feas=1 disagree=0
  logW=-19.513 tids=[33]
cluster=8 tracks=[34, 35] globals=3 comb_eval=6 comb_feas=3 disagree=0
  logW=-10.054 tids=[34, 35]
  logW=-11.256 tids=[34, 35]
  logW=-20.605 tids=[34, 35]
cluster=9 tracks=[36] globals=1 comb_eval=1 comb_feas=1 disagree=0
  logW=-8.000 tids=[36]
cluster=10 tracks=[37] globals=1 comb_eval=1 comb_feas=1 disagree=0
  logW=-8.000 tids=[37]
SCAN scan=169 t=2025-12-10 17:40:22.485000+00:00 det=8 trees=14 leaves=85 clusters=11 comb_eval=618 comb_feas=125 rebuilt_globals=91 split_clusters=0 split_ops=0 hist_relax_attempts=0 hist_relax_ok=0 hist_relax_keys=0 nscan boundary=163 in_scope=9 committed_now=9 committed_total=32 disagree=5 births cand=2 tracks_created=2 tracks_kept=2 MAP tracks=14 used=8 unused=0 hit_rate=0.61
SCAN_NSCAN_COMMITTED scan=169 t=2025-12-10 17:40:22.485000+00:00 boundary=163 9->node11320@s163, 16->node11350@s163, 17->node11378@s163, 18->node11422@s163, 20->node11427@s163, 26->node11437@s163, 29->node11444@s163, 30->node11447@s163, 31->node11464@s163

Internal births at 2025-12-10 17:40:22.685000+00:00: kept=1
  birth_state=(x=53.0, vx=0.00, y=1.1, vy=0.00)

Cluster rebuilds scan=170 t=2025-12-10 17:40:22.685000+00:00:
cluster=0 tracks=[9, 16] globals=20 comb_eval=216 comb_feas=35 disagree=1
  logW=1019.422 tids=[9, 16]
  logW=1019.059 tids=[9, 16]
  logW=1017.183 tids=[9, 16]
  logW=1016.678 tids=[9, 16]
  logW=1014.952 tids=[9, 16]
cluster=1 tracks=[17] globals=20 comb_eval=21 comb_feas=20 disagree=0
  logW=428.001 tids=[17]
  logW=419.819 tids=[17]
  logW=418.878 tids=[17]
  logW=417.445 tids=[17]
  logW=417.032 tids=[17]
cluster=2 tracks=[18] globals=20 comb_eval=21 comb_feas=20 disagree=0
  logW=426.227 tids=[18]
  logW=423.454 tids=[18]
  logW=414.828 tids=[18]
  logW=414.445 tids=[18]
  logW=414.310 tids=[18]
cluster=3 tracks=[20] globals=12 comb_eval=12 comb_feas=12 disagree=0
  logW=187.016 tids=[20]
  logW=177.390 tids=[20]
  logW=177.120 tids=[20]
  logW=175.459 tids=[20]
  logW=175.175 tids=[20]
cluster=4 tracks=[26, 30, 37] globals=20 comb_eval=250 comb_feas=42 disagree=9
  logW=168.054 tids=[26, 30, 37]
  logW=167.789 tids=[26, 30, 37]
  logW=167.027 tids=[26, 30, 37]
  logW=164.813 tids=[26, 30, 37]
  logW=164.794 tids=[26, 30, 37]
cluster=5 tracks=[31] globals=2 comb_eval=2 comb_feas=2 disagree=0
  logW=-21.319 tids=[31]
  logW=-28.723 tids=[31]
cluster=6 tracks=[32] globals=2 comb_eval=2 comb_feas=2 disagree=0
  logW=-13.589 tids=[32]
  logW=-21.816 tids=[32]
cluster=7 tracks=[33] globals=1 comb_eval=1 comb_feas=1 disagree=0
  logW=-21.816 tids=[33]
cluster=8 tracks=[34, 35] globals=3 comb_eval=6 comb_feas=3 disagree=0
  logW=-14.659 tids=[34, 35]
  logW=-15.862 tids=[34, 35]
  logW=-25.210 tids=[34, 35]
cluster=9 tracks=[36] globals=1 comb_eval=1 comb_feas=1 disagree=0
  logW=-10.303 tids=[36]
cluster=10 tracks=[38] globals=1 comb_eval=1 comb_feas=1 disagree=0
  logW=-8.000 tids=[38]
SCAN scan=170 t=2025-12-10 17:40:22.685000+00:00 det=7 trees=15 leaves=95 clusters=11 comb_eval=533 comb_feas=139 rebuilt_globals=102 split_clusters=0 split_ops=0 hist_relax_attempts=0 hist_relax_ok=0 hist_relax_keys=0 nscan boundary=164 in_scope=8 committed_now=8 committed_total=32 disagree=10 births cand=1 tracks_created=1 tracks_kept=1 MAP tracks=15 used=7 unused=0 hit_rate=0.53
SCAN_NSCAN_COMMITTED scan=170 t=2025-12-10 17:40:22.685000+00:00 boundary=164 9->node11465@s164, 16->node11499@s164, 17->node11539@s164, 18->node11555@s164, 20->node11557@s164, 26->node11558@s164, 30->node11569@s164, 31->node11581@s164

Internal births at 2025-12-10 17:40:22.886000+00:00: kept=1
  birth_state=(x=6.1, vx=0.00, y=48.5, vy=0.00)
TRACK_LIFECYCLE mode=map_leaf miss_threshold=7 terminated=[30, 33]

Cluster rebuilds scan=171 t=2025-12-10 17:40:22.886000+00:00:
cluster=0 tracks=[9, 16] globals=20 comb_eval=238 comb_feas=36 disagree=7
  logW=1038.470 tids=[9, 16]
  logW=1038.092 tids=[9, 16]
  logW=1036.194 tids=[9, 16]
  logW=1035.724 tids=[9, 16]
  logW=1033.963 tids=[9, 16]
cluster=1 tracks=[17, 26, 30, 37] globals=20 comb_eval=1312 comb_feas=69 disagree=9
  logW=610.179 tids=[17, 26, 30, 37]
  logW=609.147 tids=[17, 26, 30, 37]
  logW=606.998 tids=[17, 26, 30, 37]
  logW=606.928 tids=[17, 26, 30, 37]
  logW=606.454 tids=[17, 26, 30, 37]
cluster=2 tracks=[18, 36] globals=20 comb_eval=82 comb_feas=32 disagree=2
  logW=421.271 tids=[18, 36]
  logW=419.445 tids=[18, 36]
  logW=418.711 tids=[18, 36]
  logW=416.671 tids=[18, 36]
  logW=411.320 tids=[18, 36]
cluster=3 tracks=[20] globals=20 comb_eval=21 comb_feas=20 disagree=7
  logW=196.449 tids=[20]
  logW=186.913 tids=[20]
  logW=185.752 tids=[20]
  logW=185.028 tids=[20]
  logW=184.741 tids=[20]
cluster=4 tracks=[31] globals=2 comb_eval=2 comb_feas=2 disagree=0
  logW=-23.621 tids=[31]
  logW=-31.026 tids=[31]
cluster=5 tracks=[32] globals=2 comb_eval=2 comb_feas=2 disagree=0
  logW=-15.891 tids=[32]
  logW=-24.118 tids=[32]
cluster=6 tracks=[33] globals=1 comb_eval=1 comb_feas=1 disagree=0
  logW=-24.118 tids=[33]
cluster=7 tracks=[34, 35] globals=3 comb_eval=6 comb_feas=3 disagree=0
  logW=-19.264 tids=[34, 35]
  logW=-20.467 tids=[34, 35]
  logW=-29.816 tids=[34, 35]
cluster=8 tracks=[38] globals=1 comb_eval=1 comb_feas=1 disagree=0
  logW=-10.303 tids=[38]
cluster=9 tracks=[39] globals=1 comb_eval=1 comb_feas=1 disagree=0
  logW=-8.000 tids=[39]
SCAN scan=171 t=2025-12-10 17:40:22.886000+00:00 det=7 trees=14 leaves=71 clusters=10 comb_eval=1666 comb_feas=167 rebuilt_globals=90 split_clusters=0 split_ops=0 hist_relax_attempts=0 hist_relax_ok=0 hist_relax_keys=0 nscan boundary=165 in_scope=10 committed_now=10 committed_total=34 disagree=25 births cand=1 tracks_created=1 tracks_kept=1 MAP tracks=14 used=7 unused=0 hit_rate=0.54
SCAN_NSCAN_COMMITTED scan=171 t=2025-12-10 17:40:22.886000+00:00 boundary=165 9->node11584@s165, 16->node11638@s165, 17->node11686@s165, 18->node11694@s165, 20->node11696@s165, 26->node11698@s165, 30->node11710@s165, 31->node11713@s165, 32->node11714@s165, 33->node11715@s165
OVERLOAD_SPLIT scan=172 cluster=1 track_ids=[17, 18, 20, 26, 31, 36, 37, 38] projected_before=48522240 threshold=500000 split_ops=5 stop=all_components_under_threshold removed_edges=[17-31:1, 18-38:1, 31-37:1, 17-37:2, 18-36:2] subclusters=[[17], [18], [20, 26, 36, 37, 38], [31]] projected_after=[12, 32, 42120, 3]

Cluster rebuilds scan=172 t=2025-12-10 17:40:23.085000+00:00:
cluster=0 tracks=[9, 16] globals=20 comb_eval=196 comb_feas=31 disagree=10
  logW=1057.432 tids=[9, 16]
  logW=1056.991 tids=[9, 16]
  logW=1048.855 tids=[9, 16]
  logW=1045.966 tids=[9, 16]
  logW=1045.789 tids=[9, 16]
cluster=1 tracks=[17] split_from=1 globals=12 comb_eval=12 comb_feas=12 disagree=2
  logW=445.888 tids=[17]
  logW=437.321 tids=[17]
  logW=436.831 tids=[17]
  logW=435.201 tids=[17]
  logW=435.025 tids=[17]
cluster=2 tracks=[18] split_from=1 globals=20 comb_eval=21 comb_feas=20 disagree=7
  logW=443.467 tids=[18]
  logW=440.969 tids=[18]
  logW=432.804 tids=[18]
  logW=432.597 tids=[18]
  logW=432.060 tids=[18]
cluster=3 tracks=[20, 26, 36, 37, 38] split_from=1 globals=20 comb_eval=1506 comb_feas=62 disagree=0
  logW=405.976 tids=[20, 26, 36, 37, 38]
  logW=405.400 tids=[20, 26, 36, 37, 38]
  logW=398.010 tids=[20, 26, 36, 37, 38]
  logW=397.820 tids=[20, 26, 36, 37, 38]
  logW=397.784 tids=[20, 26, 36, 37, 38]
cluster=4 tracks=[31] split_from=1 globals=3 comb_eval=3 comb_feas=3 disagree=2
  logW=-25.924 tids=[31]
  logW=-30.127 tids=[31]
  logW=-33.328 tids=[31]
cluster=5 tracks=[32] globals=2 comb_eval=2 comb_feas=2 disagree=1
  logW=-18.194 tids=[32]
  logW=-26.421 tids=[32]
cluster=6 tracks=[34, 35] globals=3 comb_eval=6 comb_feas=3 disagree=0
  logW=-23.869 tids=[34, 35]
  logW=-25.072 tids=[34, 35]
  logW=-34.421 tids=[34, 35]
cluster=7 tracks=[39] globals=1 comb_eval=1 comb_feas=1 disagree=0
  logW=-10.303 tids=[39]
SCAN scan=172 t=2025-12-10 17:40:23.085000+00:00 det=6 trees=14 leaves=111 clusters=8 comb_eval=1747 comb_feas=134 rebuilt_globals=81 split_clusters=1 split_ops=5 hist_relax_attempts=0 hist_relax_ok=0 hist_relax_keys=0 nscan boundary=166 in_scope=8 committed_now=8 committed_total=34 disagree=22 births cand=0 tracks_created=0 tracks_kept=0 MAP tracks=14 used=6 unused=0 hit_rate=0.56
SCAN_NSCAN_COMMITTED scan=172 t=2025-12-10 17:40:23.085000+00:00 boundary=166 9->node11716@s166, 16->node11733@s166, 17->node11748@s166, 18->node11752@s166, 20->node11758@s166, 26->node11760@s166, 31->node11779@s166, 32->node11781@s166

INTERNAL_BIRTH_GUARDRAIL t=2025-12-10 17:40:23.285000+00:00 reason=active leaf count above cap (214>200) residual=1
OVERLOAD_SPLIT scan=173 cluster=0 track_ids=[9, 17, 18, 20, 26, 36, 37, 38] projected_before=9637056000 threshold=500000 split_ops=7 stop=all_components_under_threshold removed_edges=[9-38:1, 17-38:1, 18-37:1, 18-38:2, 26-37:2, 17-37:3, 18-36:3] subclusters=[[9], [17], [18], [20, 36, 37, 38], [26]] projected_after=[12, 20, 40, 200772, 5]
TRACK_LIFECYCLE mode=map_leaf miss_threshold=7 terminated=[31, 32]

Cluster rebuilds scan=173 t=2025-12-10 17:40:23.285000+00:00:
cluster=0 tracks=[9] split_from=0 globals=12 comb_eval=12 comb_feas=12 disagree=0
  logW=661.265 tids=[9]
  logW=649.286 tids=[9]
  logW=649.178 tids=[9]
  logW=649.150 tids=[9]
  logW=649.136 tids=[9]
cluster=1 tracks=[17] split_from=0 globals=20 comb_eval=20 comb_feas=20 disagree=0
  logW=455.270 tids=[17]
  logW=446.618 tids=[17]
  logW=446.483 tids=[17]
  logW=444.408 tids=[17]
  logW=443.710 tids=[17]
cluster=2 tracks=[18] split_from=0 globals=20 comb_eval=21 comb_feas=20 disagree=2
  logW=453.207 tids=[18]
  logW=442.567 tids=[18]
  logW=442.065 tids=[18]
  logW=441.813 tids=[18]
  logW=441.165 tids=[18]
cluster=3 tracks=[20, 36, 37, 38] split_from=0 globals=20 comb_eval=13900 comb_feas=129 disagree=0
  logW=228.321 tids=[20, 36, 37, 38]
  logW=227.586 tids=[20, 36, 37, 38]
  logW=227.349 tids=[20, 36, 37, 38]
  logW=226.127 tids=[20, 36, 37, 38]
  logW=225.782 tids=[20, 36, 37, 38]
cluster=4 tracks=[26] split_from=0 globals=5 comb_eval=5 comb_feas=5 disagree=1
  logW=196.558 tids=[26]
  logW=186.753 tids=[26]
  logW=185.029 tids=[26]
  logW=184.671 tids=[26]
  logW=173.133 tids=[26]
cluster=5 tracks=[16] globals=10 comb_eval=10 comb_feas=10 disagree=0
  logW=415.732 tids=[16]
  logW=404.273 tids=[16]
  logW=404.028 tids=[16]
  logW=403.734 tids=[16]
  logW=403.691 tids=[16]
cluster=6 tracks=[31] globals=1 comb_eval=1 comb_feas=1 disagree=0
  logW=-28.226 tids=[31]
cluster=7 tracks=[32] globals=1 comb_eval=1 comb_feas=1 disagree=0
  logW=-20.496 tids=[32]
cluster=8 tracks=[34, 35] globals=3 comb_eval=6 comb_feas=3 disagree=0
  logW=-28.475 tids=[34, 35]
  logW=-29.677 tids=[34, 35]
  logW=-39.026 tids=[34, 35]
cluster=9 tracks=[39] globals=1 comb_eval=1 comb_feas=1 disagree=0
  logW=-12.605 tids=[39]
SCAN scan=173 t=2025-12-10 17:40:23.285000+00:00 det=6 trees=12 leaves=185 clusters=10 comb_eval=13977 comb_feas=202 rebuilt_globals=93 split_clusters=1 split_ops=7 hist_relax_attempts=0 hist_relax_ok=0 hist_relax_keys=0 nscan boundary=167 in_scope=8 committed_now=8 committed_total=34 disagree=3 births cand=1 tracks_created=0 tracks_kept=0 MAP tracks=12 used=5 unused=1 hit_rate=0.59
SCAN_NSCAN_COMMITTED scan=173 t=2025-12-10 17:40:23.285000+00:00 boundary=167 9->node11784@s167, 16->node11805@s167, 17->node11824@s167, 18->node11832@s167, 20->node11844@s167, 26->node11848@s167, 31->node11879@s167, 32->node11881@s167

INTERNAL_BIRTH_GUARDRAIL t=2025-12-10 17:40:23.485000+00:00 reason=active leaf count above cap (422>200) residual=1
OVERLOAD_SPLIT scan=174 cluster=0 track_ids=[9, 16, 17, 18, 20, 26, 36, 37, 38] projected_before=80256172032000 threshold=500000 split_ops=16 stop=all_components_under_threshold removed_edges=[9-36:1, 9-37:1, 16-38:1, 17-36:1, 26-36:1, 26-38:1, 9-38:2, 17-38:2, 18-37:3, 26-37:3, 17-37:4, 18-38:4, 20-36:4, 20-37:4, 20-38:4, 18-36:5] subclusters=[[9], [16], [17], [18], [20], [26], [36, 37, 38]] projected_after=[24, 20, 40, 96, 120, 8, 45356]

Cluster rebuilds scan=174 t=2025-12-10 17:40:23.485000+00:00:
cluster=0 tracks=[9] split_from=0 globals=20 comb_eval=21 comb_feas=20 disagree=3
  logW=671.026 tids=[9]
  logW=658.963 tids=[9]
  logW=658.927 tids=[9]
  logW=658.916 tids=[9]
  logW=658.898 tids=[9]
cluster=1 tracks=[16] split_from=0 globals=20 comb_eval=20 comb_feas=20 disagree=0
  logW=425.117 tids=[16]
  logW=413.559 tids=[16]
  logW=413.429 tids=[16]
  logW=413.242 tids=[16]
  logW=413.099 tids=[16]
cluster=2 tracks=[17] split_from=0 globals=20 comb_eval=21 comb_feas=20 disagree=4
  logW=463.952 tids=[17]
  logW=455.459 tids=[17]
  logW=454.586 tids=[17]
  logW=453.021 tids=[17]
  logW=452.967 tids=[17]
cluster=3 tracks=[18] split_from=0 globals=20 comb_eval=21 comb_feas=20 disagree=2
  logW=461.998 tids=[18]
  logW=461.702 tids=[18]
  logW=451.555 tids=[18]
  logW=451.117 tids=[18]
  logW=450.905 tids=[18]
cluster=4 tracks=[20] split_from=0 globals=20 comb_eval=21 comb_feas=20 disagree=4
  logW=224.610 tids=[20]
  logW=224.475 tids=[20]
  logW=213.423 tids=[20]
  logW=213.419 tids=[20]
  logW=213.269 tids=[20]
cluster=5 tracks=[26] split_from=0 globals=8 comb_eval=8 comb_feas=8 disagree=0
  logW=205.657 tids=[26]
  logW=194.256 tids=[26]
  logW=194.196 tids=[26]
  logW=193.424 tids=[26]
  logW=182.726 tids=[26]
cluster=6 tracks=[36, 37, 38] split_from=0 globals=20 comb_eval=3265 comb_feas=91 disagree=0
  logW=35.696 tids=[36, 37, 38]
  logW=33.829 tids=[36, 37, 38]
  logW=33.638 tids=[36, 37, 38]
  logW=33.562 tids=[36, 37, 38]
  logW=32.740 tids=[36, 37, 38]
cluster=7 tracks=[34, 35] globals=3 comb_eval=6 comb_feas=3 disagree=0
  logW=-33.080 tids=[34, 35]
  logW=-34.282 tids=[34, 35]
  logW=-43.631 tids=[34, 35]
cluster=8 tracks=[39] globals=1 comb_eval=1 comb_feas=1 disagree=0
  logW=-14.908 tids=[39]
SCAN scan=174 t=2025-12-10 17:40:23.485000+00:00 det=8 trees=12 leaves=350 clusters=9 comb_eval=3384 comb_feas=203 rebuilt_globals=132 split_clusters=1 split_ops=16 hist_relax_attempts=0 hist_relax_ok=0 hist_relax_keys=0 nscan boundary=168 in_scope=6 committed_now=6 committed_total=34 disagree=13 births cand=1 tracks_created=0 tracks_kept=0 MAP tracks=12 used=6 unused=2 hit_rate=0.60
SCAN_NSCAN_COMMITTED scan=174 t=2025-12-10 17:40:23.485000+00:00 boundary=168 9->node11884@s168, 16->node11904@s168, 17->node11923@s168, 18->node11939@s168, 20->node11963@s168, 26->node11971@s168
OVERLOAD_SPLIT scan=175 cluster=0 track_ids=[9, 16, 17, 18, 20, 26, 36, 37, 38] projected_before=4687225159680000 threshold=500000 split_ops=19 stop=all_components_under_threshold removed_edges=[16-36:1, 16-37:1, 18-20:1, 9-36:2, 9-37:2, 16-38:2, 17-36:2, 26-36:2, 26-38:2, 9-38:3, 17-38:3, 18-37:4, 26-37:4, 17-37:5, 18-38:5, 20-36:5, 20-37:5, 20-38:5, 18-36:6] subclusters=[[9], [16], [17], [18], [20], [26], [36, 37, 38]] projected_after=[40, 40, 64, 144, 85, 16, 233730]
TRACK_LIFECYCLE mode=map_leaf miss_threshold=7 terminated=[35]

Cluster rebuilds scan=175 t=2025-12-10 17:40:23.685000+00:00:
cluster=0 tracks=[9] split_from=0 globals=20 comb_eval=21 comb_feas=20 disagree=3
  logW=680.287 tids=[9]
  logW=668.724 tids=[9]
  logW=668.289 tids=[9]
  logW=668.282 tids=[9]
  logW=668.002 tids=[9]
cluster=1 tracks=[16] split_from=0 globals=20 comb_eval=21 comb_feas=20 disagree=4
  logW=434.705 tids=[16]
  logW=423.140 tids=[16]
  logW=422.852 tids=[16]
  logW=422.815 tids=[16]
  logW=422.715 tids=[16]
cluster=2 tracks=[17] split_from=0 globals=20 comb_eval=21 comb_feas=20 disagree=5
  logW=471.817 tids=[17]
  logW=463.160 tids=[17]
  logW=462.788 tids=[17]
  logW=461.838 tids=[17]
  logW=461.650 tids=[17]
cluster=3 tracks=[18] split_from=0 globals=20 comb_eval=21 comb_feas=20 disagree=6
  logW=471.265 tids=[18]
  logW=471.100 tids=[18]
  logW=460.624 tids=[18]
  logW=460.570 tids=[18]
  logW=460.360 tids=[18]
cluster=4 tracks=[20] split_from=0 globals=20 comb_eval=21 comb_feas=20 disagree=7
  logW=222.308 tids=[20]
  logW=222.172 tids=[20]
  logW=211.121 tids=[20]
  logW=211.116 tids=[20]
  logW=210.967 tids=[20]
cluster=5 tracks=[26] split_from=0 globals=16 comb_eval=16 comb_feas=16 disagree=0
  logW=212.562 tids=[26]
  logW=203.355 tids=[26]
  logW=201.633 tids=[26]
  logW=200.959 tids=[26]
  logW=200.208 tids=[26]
cluster=6 tracks=[36, 37, 38] split_from=0 globals=20 comb_eval=4505 comb_feas=105 disagree=0
  logW=45.601 tids=[36, 37, 38]
  logW=45.321 tids=[36, 37, 38]
  logW=44.919 tids=[36, 37, 38]
  logW=44.651 tids=[36, 37, 38]
  logW=44.586 tids=[36, 37, 38]
cluster=7 tracks=[34, 35] globals=3 comb_eval=6 comb_feas=3 disagree=2
  logW=-37.685 tids=[34, 35]
  logW=-38.887 tids=[34, 35]
  logW=-48.236 tids=[34, 35]
cluster=8 tracks=[39] globals=1 comb_eval=1 comb_feas=1 disagree=0
  logW=-17.210 tids=[39]
SCAN scan=175 t=2025-12-10 17:40:23.685000+00:00 det=5 trees=11 leaves=460 clusters=9 comb_eval=4633 comb_feas=225 rebuilt_globals=140 split_clusters=1 split_ops=19 hist_relax_attempts=0 hist_relax_ok=0 hist_relax_keys=0 nscan boundary=169 in_scope=8 committed_now=8 committed_total=36 disagree=27 births cand=0 tracks_created=0 tracks_kept=0 MAP tracks=11 used=5 unused=0 hit_rate=0.62
SCAN_NSCAN_COMMITTED scan=175 t=2025-12-10 17:40:23.685000+00:00 boundary=169 9->node12017@s169, 16->node12037@s169, 17->node12053@s169, 18->node12084@s169, 20->node12124@s169, 26->node12141@s169, 34->node12169@s169, 35->node12172@s169

INTERNAL_BIRTH_GUARDRAIL t=2025-12-10 17:40:23.885000+00:00 reason=active leaf count above cap (918>200) residual=1
OVERLOAD_SPLIT scan=176 cluster=0 track_ids=[9, 16, 17, 18, 20, 26, 36, 37, 38] projected_before=444384933593481216 threshold=500000 split_ops=22 stop=all_components_under_threshold removed_edges=[9-16:1, 16-36:2, 16-37:2, 18-20:2, 16-38:3, 17-36:3, 26-36:3, 26-38:3, 9-36:4, 9-37:4, 17-38:4, 9-38:5, 26-37:5, 17-37:6, 18-37:6, 20-36:6, 20-37:6, 20-38:6, 18-38:7, 18-36:8, 36-37:22, 36-38:23] subclusters=[[9], [16], [17], [18], [20], [26], [36], [37, 38]] projected_after=[68, 64, 96, 194, 98, 32, 123, 14214]
TRACK_LIFECYCLE mode=map_leaf miss_threshold=7 terminated=[34]

Cluster rebuilds scan=176 t=2025-12-10 17:40:23.885000+00:00:
cluster=0 tracks=[9] split_from=0 globals=20 comb_eval=21 comb_feas=20 disagree=2
  logW=690.065 tids=[9]
  logW=678.397 tids=[9]
  logW=678.026 tids=[9]
  logW=677.984 tids=[9]
  logW=677.894 tids=[9]
cluster=1 tracks=[16] split_from=0 globals=20 comb_eval=21 comb_feas=20 disagree=3
  logW=443.349 tids=[16]
  logW=432.402 tids=[16]
  logW=431.829 tids=[16]
  logW=431.427 tids=[16]
  logW=431.423 tids=[16]
cluster=2 tracks=[17] split_from=0 globals=20 comb_eval=21 comb_feas=20 disagree=6
  logW=481.466 tids=[17]
  logW=472.443 tids=[17]
  logW=471.227 tids=[17]
  logW=470.953 tids=[17]
  logW=469.713 tids=[17]
cluster=3 tracks=[18] split_from=0 globals=20 comb_eval=21 comb_feas=20 disagree=4
  logW=480.874 tids=[18]
  logW=480.545 tids=[18]
  logW=470.052 tids=[18]
  logW=469.833 tids=[18]
  logW=469.453 tids=[18]
cluster=4 tracks=[20] split_from=0 globals=20 comb_eval=21 comb_feas=20 disagree=8
  logW=231.784 tids=[20]
  logW=231.599 tids=[20]
  logW=220.534 tids=[20]
  logW=220.334 tids=[20]
  logW=220.104 tids=[20]
cluster=5 tracks=[26] split_from=0 globals=20 comb_eval=21 comb_feas=20 disagree=6
  logW=220.517 tids=[26]
  logW=212.716 tids=[26]
  logW=210.259 tids=[26]
  logW=209.211 tids=[26]
  logW=208.332 tids=[26]
cluster=6 tracks=[36] split_from=0 globals=20 comb_eval=21 comb_feas=20 disagree=0
  logW=25.316 tids=[36]
  logW=25.094 tids=[36]
  logW=24.886 tids=[36]
  logW=24.711 tids=[36]
  logW=23.584 tids=[36]
cluster=7 tracks=[37, 38] split_from=0 globals=20 comb_eval=2035 comb_feas=42 disagree=1
  logW=53.174 tids=[37, 38]
  logW=47.825 tids=[37, 38]
  logW=47.149 tids=[37, 38]
  logW=46.542 tids=[37, 38]
  logW=44.456 tids=[37, 38]
cluster=8 tracks=[34] globals=1 comb_eval=1 comb_feas=1 disagree=0
  logW=-15.869 tids=[34]
cluster=9 tracks=[39] globals=1 comb_eval=1 comb_feas=1 disagree=0
  logW=-19.513 tids=[39]
SCAN scan=176 t=2025-12-10 17:40:23.885000+00:00 det=8 trees=10 leaves=648 clusters=10 comb_eval=2184 comb_feas=184 rebuilt_globals=162 split_clusters=1 split_ops=22 hist_relax_attempts=0 hist_relax_ok=0 hist_relax_keys=0 nscan boundary=170 in_scope=9 committed_now=9 committed_total=38 disagree=30 births cand=1 tracks_created=0 tracks_kept=0 MAP tracks=10 used=6 unused=2 hit_rate=0.69
SCAN_NSCAN_COMMITTED scan=176 t=2025-12-10 17:40:23.885000+00:00 boundary=170 9->node12175@s170, 16->node12197@s170, 17->node12211@s170, 18->node12249@s170, 20->node12271@s170, 26->node12283@s170, 34->node12322@s170, 36->node12326@s170, 37->node12328@s170
OVERLOAD_SPLIT scan=177 cluster=0 track_ids=[9, 16, 17, 18, 20, 26, 36, 37, 38] projected_before=862226924370739200 threshold=500000 split_ops=22 stop=all_components_under_threshold removed_edges=[9-16:2, 16-36:3, 16-37:3, 17-36:3, 16-38:4, 17-38:4, 18-20:4, 26-36:4, 26-38:4, 9-36:5, 9-37:5, 26-37:5, 9-38:6, 17-37:6, 20-37:6, 18-37:7, 20-36:8, 20-38:8, 18-38:9, 18-36:10, 36-37:24, 37-38:25] subclusters=[[9], [16], [17], [18], [20], [26], [36, 38], [37]] projected_after=[102, 49, 64, 195, 98, 32, 32895, 134]

Cluster rebuilds scan=177 t=2025-12-10 17:40:24.085000+00:00:
cluster=0 tracks=[9] split_from=0 globals=20 comb_eval=21 comb_feas=20 disagree=4
  logW=699.620 tids=[9]
  logW=688.072 tids=[9]
  logW=687.762 tids=[9]
  logW=687.554 tids=[9]
  logW=687.361 tids=[9]
cluster=1 tracks=[16] split_from=0 globals=20 comb_eval=21 comb_feas=20 disagree=5
  logW=441.047 tids=[16]
  logW=430.100 tids=[16]
  logW=429.526 tids=[16]
  logW=429.124 tids=[16]
  logW=429.120 tids=[16]
cluster=2 tracks=[17] split_from=0 globals=20 comb_eval=21 comb_feas=20 disagree=4
  logW=479.164 tids=[17]
  logW=468.924 tids=[17]
  logW=468.650 tids=[17]
  logW=467.411 tids=[17]
  logW=467.212 tids=[17]
cluster=3 tracks=[18] split_from=0 globals=20 comb_eval=21 comb_feas=20 disagree=5
  logW=489.576 tids=[18]
  logW=489.555 tids=[18]
  logW=478.572 tids=[18]
  logW=478.505 tids=[18]
  logW=478.443 tids=[18]
cluster=4 tracks=[20] split_from=0 globals=20 comb_eval=21 comb_feas=20 disagree=2
  logW=240.518 tids=[20]
  logW=240.334 tids=[20]
  logW=229.482 tids=[20]
  logW=229.297 tids=[20]
  logW=229.096 tids=[20]
cluster=5 tracks=[26] split_from=0 globals=20 comb_eval=21 comb_feas=20 disagree=7
  logW=228.705 tids=[26]
  logW=222.115 tids=[26]
  logW=218.214 tids=[26]
  logW=217.275 tids=[26]
  logW=216.912 tids=[26]
cluster=6 tracks=[36, 38] split_from=0 globals=20 comb_eval=7033 comb_feas=62 disagree=5
  logW=50.658 tids=[36, 38]
  logW=48.604 tids=[36, 38]
  logW=43.232 tids=[36, 38]
  logW=43.010 tids=[36, 38]
  logW=42.802 tids=[36, 38]
cluster=7 tracks=[37] split_from=0 globals=20 comb_eval=21 comb_feas=20 disagree=11
  logW=26.691 tids=[37]
  logW=20.059 tids=[37]
  logW=18.152 tids=[37]
  logW=17.135 tids=[37]
  logW=17.054 tids=[37]
cluster=8 tracks=[39] globals=1 comb_eval=1 comb_feas=1 disagree=0
  logW=-21.816 tids=[39]
SCAN scan=177 t=2025-12-10 17:40:24.085000+00:00 det=5 trees=10 leaves=559 clusters=9 comb_eval=7181 comb_feas=203 rebuilt_globals=161 split_clusters=1 split_ops=22 hist_relax_attempts=0 hist_relax_ok=0 hist_relax_keys=0 nscan boundary=171 in_scope=9 committed_now=9 committed_total=39 disagree=43 births cand=0 tracks_created=0 tracks_kept=0 MAP tracks=10 used=4 unused=1 hit_rate=0.67
SCAN_NSCAN_COMMITTED scan=177 t=2025-12-10 17:40:24.085000+00:00 boundary=171 9->node12330@s171, 16->node12354@s171, 17->node12368@s171, 18->node12408@s171, 20->node12448@s171, 26->node12472@s171, 36->node12501@s171, 37->node12506@s171, 38->node12508@s171
OVERLOAD_SPLIT scan=178 cluster=0 track_ids=[9, 16, 17, 18, 20, 26, 36, 37, 38] projected_before=1167179746123776000 threshold=500000 split_ops=18 stop=all_components_under_threshold removed_edges=[18-20:1, 20-26:1, 9-16:4, 17-36:4, 36-37:4, 16-37:5, 17-38:5, 16-38:6, 20-36:6, 26-36:6, 26-38:6, 9-37:7, 17-37:7, 9-38:8, 18-38:8, 18-36:9, 20-38:9, 37-38:13] subclusters=[[9], [16], [17], [18], [20], [26], [36, 38], [37]] projected_after=[142, 67, 64, 192, 140, 25, 49181, 58]
TRACK_LIFECYCLE mode=map_leaf miss_threshold=7 terminated=[39]

Cluster rebuilds scan=178 t=2025-12-10 17:40:24.285000+00:00:
cluster=0 tracks=[9] split_from=0 globals=20 comb_eval=21 comb_feas=20 disagree=4
  logW=709.290 tids=[9]
  logW=697.535 tids=[9]
  logW=697.408 tids=[9]
  logW=697.317 tids=[9]
  logW=697.016 tids=[9]
cluster=1 tracks=[16] split_from=0 globals=20 comb_eval=21 comb_feas=20 disagree=5
  logW=450.720 tids=[16]
  logW=439.330 tids=[16]
  logW=439.077 tids=[16]
  logW=438.756 tids=[16]
  logW=438.744 tids=[16]
cluster=2 tracks=[17] split_from=0 globals=20 comb_eval=21 comb_feas=20 disagree=6
  logW=488.813 tids=[17]
  logW=478.505 tids=[17]
  logW=478.033 tids=[17]
  logW=477.038 tids=[17]
  logW=476.861 tids=[17]
cluster=3 tracks=[18] split_from=0 globals=20 comb_eval=21 comb_feas=20 disagree=3
  logW=499.080 tids=[18]
  logW=498.883 tids=[18]
  logW=488.235 tids=[18]
  logW=488.011 tids=[18]
  logW=487.781 tids=[18]
cluster=4 tracks=[20] split_from=0 globals=20 comb_eval=21 comb_feas=20 disagree=10
  logW=250.089 tids=[20]
  logW=249.873 tids=[20]
  logW=246.522 tids=[20]
  logW=246.366 tids=[20]
  logW=238.690 tids=[20]
cluster=5 tracks=[26] split_from=0 globals=20 comb_eval=21 comb_feas=20 disagree=0
  logW=226.403 tids=[26]
  logW=225.018 tids=[26]
  logW=222.804 tids=[26]
  logW=219.812 tids=[26]
  logW=216.166 tids=[26]
cluster=6 tracks=[36, 38] split_from=0 globals=20 comb_eval=12285 comb_feas=37 disagree=8
  logW=69.001 tids=[36, 38]
  logW=66.983 tids=[36, 38]
  logW=60.948 tids=[36, 38]
  logW=59.820 tids=[36, 38]
  logW=59.409 tids=[36, 38]
cluster=7 tracks=[37] split_from=0 globals=20 comb_eval=21 comb_feas=20 disagree=9
  logW=34.119 tids=[37]
  logW=24.959 tids=[37]
  logW=24.388 tids=[37]
  logW=22.741 tids=[37]
  logW=22.192 tids=[37]
cluster=8 tracks=[39] globals=1 comb_eval=1 comb_feas=1 disagree=0
  logW=-24.118 tids=[39]
SCAN scan=178 t=2025-12-10 17:40:24.285000+00:00 det=8 trees=9 leaves=500 clusters=9 comb_eval=12433 comb_feas=178 rebuilt_globals=161 split_clusters=1 split_ops=18 hist_relax_attempts=0 hist_relax_ok=0 hist_relax_keys=0 nscan boundary=172 in_scope=10 committed_now=10 committed_total=40 disagree=45 births cand=0 tracks_created=0 tracks_kept=0 MAP tracks=9 used=5 unused=3 hit_rate=0.73
SCAN_NSCAN_COMMITTED scan=178 t=2025-12-10 17:40:24.285000+00:00 boundary=172 9->node12510@s172, 16->node12530@s172, 17->node12538@s172, 18->node12550@s172, 20->node12582@s172, 26->node12621@s172, 36->node12636@s172, 37->node12646@s172, 38->node12650@s172, 39->node12654@s172

INTERNAL_BIRTH_GUARDRAIL t=2025-12-10 17:40:24.485000+00:00 reason=active leaf count above cap (811>200) residual=1
OVERLOAD_SPLIT scan=179 cluster=0 track_ids=[9, 16, 17, 18, 20, 26, 36, 37, 38] projected_before=61507269170823168 threshold=500000 split_ops=10 stop=all_components_under_threshold removed_edges=[17-26:1, 20-26:1, 16-37:2, 9-16:3, 9-37:5, 36-37:5, 36-38:5, 17-36:6, 20-36:6, 26-36:7] subclusters=[[9], [16], [17, 37], [18, 36], [20, 38], [26]] projected_after=[148, 64, 4048, 20832, 2484, 31]
HIST_RELAX scan=179 cluster=2 track_ids=[17, 37] relaxed_keys=2 relaxed_sample=[(171, 4), (172, 3)] feasible_before=0 feasible_after=87 status=enabled
HIST_RELAX scan=179 cluster=3 track_ids=[18, 36] relaxed_keys=1 relaxed_sample=[(171, 3)] feasible_before=0 feasible_after=48 status=enabled

Cluster rebuilds scan=179 t=2025-12-10 17:40:24.485000+00:00:
cluster=0 tracks=[9] split_from=0 globals=20 comb_eval=21 comb_feas=20 disagree=2
  logW=719.084 tids=[9]
  logW=707.297 tids=[9]
  logW=707.091 tids=[9]
  logW=706.988 tids=[9]
  logW=706.942 tids=[9]
cluster=1 tracks=[16] split_from=0 globals=20 comb_eval=21 comb_feas=20 disagree=4
  logW=460.409 tids=[16]
  logW=448.792 tids=[16]
  logW=448.769 tids=[16]
  logW=448.457 tids=[16]
  logW=448.417 tids=[16]
cluster=2 tracks=[17, 37] split_from=0 globals=20 comb_eval=7448 comb_feas=87 disagree=0
  logW=508.674 tids=[17, 37]
  logW=508.046 tids=[17, 37]
  logW=507.906 tids=[17, 37]
  logW=504.777 tids=[17, 37]
  logW=504.150 tids=[17, 37]
cluster=3 tracks=[18, 36] split_from=0 globals=20 comb_eval=29270 comb_feas=48 disagree=4
  logW=520.315 tids=[18, 36]
  logW=515.609 tids=[18, 36]
  logW=512.331 tids=[18, 36]
  logW=511.151 tids=[18, 36]
  logW=510.954 tids=[18, 36]
cluster=4 tracks=[20, 38] split_from=0 globals=20 comb_eval=2511 comb_feas=53 disagree=6
  logW=240.742 tids=[20, 38]
  logW=239.660 tids=[20, 38]
  logW=239.188 tids=[20, 38]
  logW=237.915 tids=[20, 38]
  logW=237.898 tids=[20, 38]
cluster=5 tracks=[26] split_from=0 globals=20 comb_eval=21 comb_feas=20 disagree=0
  logW=224.100 tids=[26]
  logW=222.715 tids=[26]
  logW=221.336 tids=[26]
  logW=220.501 tids=[26]
  logW=217.510 tids=[26]
SCAN scan=179 t=2025-12-10 17:40:24.485000+00:00 det=6 trees=9 leaves=438 clusters=6 comb_eval=39292 comb_feas=248 rebuilt_globals=120 split_clusters=1 split_ops=10 hist_relax_attempts=2 hist_relax_ok=2 hist_relax_keys=3 nscan boundary=173 in_scope=9 committed_now=9 committed_total=40 disagree=16 births cand=1 tracks_created=0 tracks_kept=0 MAP tracks=9 used=4 unused=2 hit_rate=0.67
SCAN_NSCAN_COMMITTED scan=179 t=2025-12-10 17:40:24.485000+00:00 boundary=173 9->node12655@s173, 16->node12667@s173, 17->node12677@s173, 18->node12697@s173, 20->node12737@s173, 26->node12815@s173, 36->node12829@s173, 37->node12849@s173, 38->node12858@s173
OVERLOAD_SPLIT scan=180 cluster=0 track_ids=[9, 16, 17, 18, 20, 26, 36, 37, 38] projected_before=135399457444331520 threshold=500000 split_ops=11 stop=all_components_under_threshold removed_edges=[20-26:1, 36-37:1, 9-16:2, 17-26:2, 16-37:3, 17-37:3, 20-38:6, 36-38:6, 17-36:7, 20-36:7, 18-36:8] subclusters=[[9, 37], [16], [17], [18], [20], [26, 36], [38]] projected_after=[6204, 64, 92, 96, 92, 13115, 32]

Cluster rebuilds scan=180 t=2025-12-10 17:40:24.685000+00:00:
cluster=0 tracks=[9, 37] split_from=0 globals=20 comb_eval=5063 comb_feas=76 disagree=6
  logW=737.661 tids=[9, 37]
  logW=735.132 tids=[9, 37]
  logW=733.070 tids=[9, 37]
  logW=730.059 tids=[9, 37]
  logW=728.849 tids=[9, 37]
cluster=1 tracks=[16] split_from=0 globals=20 comb_eval=21 comb_feas=20 disagree=5
  logW=470.052 tids=[16]
  logW=458.452 tids=[16]
  logW=458.319 tids=[16]
  logW=458.126 tids=[16]
  logW=458.107 tids=[16]
cluster=2 tracks=[17] split_from=0 globals=20 comb_eval=21 comb_feas=20 disagree=5
  logW=507.833 tids=[17]
  logW=503.337 tids=[17]
  logW=497.298 tids=[17]
  logW=497.233 tids=[17]
  logW=495.875 tids=[17]
cluster=3 tracks=[18] split_from=0 globals=20 comb_eval=21 comb_feas=20 disagree=13
  logW=505.972 tids=[18]
  logW=505.798 tids=[18]
  logW=494.822 tids=[18]
  logW=494.536 tids=[18]
  logW=494.475 tids=[18]
cluster=4 tracks=[20] split_from=0 globals=20 comb_eval=21 comb_feas=20 disagree=7
  logW=269.032 tids=[20]
  logW=262.636 tids=[20]
  logW=257.521 tids=[20]
  logW=257.453 tids=[20]
  logW=257.204 tids=[20]
cluster=5 tracks=[26, 36] split_from=0 globals=20 comb_eval=1136 comb_feas=35 disagree=14
  logW=266.512 tids=[26, 36]
  logW=266.143 tids=[26, 36]
  logW=265.389 tids=[26, 36]
  logW=263.281 tids=[26, 36]
  logW=262.912 tids=[26, 36]
cluster=6 tracks=[38] split_from=0 globals=20 comb_eval=21 comb_feas=20 disagree=0
  logW=38.189 tids=[38]
  logW=26.932 tids=[38]
  logW=26.266 tids=[38]
  logW=26.206 tids=[38]
  logW=25.990 tids=[38]
SCAN scan=180 t=2025-12-10 17:40:24.685000+00:00 det=7 trees=9 leaves=346 clusters=7 comb_eval=6304 comb_feas=211 rebuilt_globals=140 split_clusters=1 split_ops=11 hist_relax_attempts=0 hist_relax_ok=0 hist_relax_keys=0 nscan boundary=174 in_scope=9 committed_now=9 committed_total=40 disagree=50 births cand=0 tracks_created=0 tracks_kept=0 MAP tracks=9 used=6 unused=1 hit_rate=0.68
SCAN_NSCAN_COMMITTED scan=180 t=2025-12-10 17:40:24.685000+00:00 boundary=174 9->node12869@s174, 16->node12893@s174, 17->node12913@s174, 18->node12954@s174, 20->node13049@s174, 26->node13169@s174, 36->node13188@s174, 37->node13241@s174, 38->node13263@s174
OVERLOAD_SPLIT scan=181 cluster=0 track_ids=[9, 16, 17, 18, 20, 26, 36, 37, 38] projected_before=17698187563499520 threshold=500000 split_ops=8 stop=all_components_under_threshold removed_edges=[17-36:1, 18-20:1, 20-26:1, 9-16:2, 17-37:2, 20-36:2, 26-36:2, 16-37:4] subclusters=[[9, 37], [16], [17, 26], [18, 36], [20, 38]] projected_after=[8576, 64, 5280, 3717, 1643]
HIST_RELAX scan=181 cluster=3 track_ids=[18, 36] relaxed_keys=1 relaxed_sample=[(171, 3)] feasible_before=0 feasible_after=69 status=enabled
HIST_RELAX scan=181 cluster=4 track_ids=[20, 38] relaxed_keys=1 relaxed_sample=[(174, 6)] feasible_before=0 feasible_after=39 status=enabled

Cluster rebuilds scan=181 t=2025-12-10 17:40:24.885000+00:00:
cluster=0 tracks=[9, 37] split_from=0 globals=20 comb_eval=6898 comb_feas=71 disagree=2
  logW=745.926 tids=[9, 37]
  logW=745.125 tids=[9, 37]
  logW=744.206 tids=[9, 37]
  logW=740.562 tids=[9, 37]
  logW=740.546 tids=[9, 37]
cluster=1 tracks=[16] split_from=0 globals=20 comb_eval=21 comb_feas=20 disagree=6
  logW=479.830 tids=[16]
  logW=468.245 tids=[16]
  logW=468.048 tids=[16]
  logW=467.750 tids=[16]
  logW=467.657 tids=[16]
cluster=2 tracks=[17, 26] split_from=0 globals=20 comb_eval=1015 comb_feas=39 disagree=4
  logW=759.531 tids=[17, 26]
  logW=755.116 tids=[17, 26]
  logW=753.491 tids=[17, 26]
  logW=752.992 tids=[17, 26]
  logW=752.594 tids=[17, 26]
cluster=3 tracks=[18, 36] split_from=0 globals=20 comb_eval=7552 comb_feas=69 disagree=7
  logW=498.802 tids=[18, 36]
  logW=497.917 tids=[18, 36]
  logW=497.624 tids=[18, 36]
  logW=491.739 tids=[18, 36]
  logW=491.651 tids=[18, 36]
cluster=4 tracks=[20, 38] split_from=0 globals=20 comb_eval=3295 comb_feas=39 disagree=0
  logW=264.899 tids=[20, 38]
  logW=262.804 tids=[20, 38]
  logW=255.123 tids=[20, 38]
  logW=254.076 tids=[20, 38]
  logW=253.643 tids=[20, 38]
SCAN scan=181 t=2025-12-10 17:40:24.885000+00:00 det=5 trees=9 leaves=390 clusters=5 comb_eval=18781 comb_feas=238 rebuilt_globals=100 split_clusters=1 split_ops=8 hist_relax_attempts=2 hist_relax_ok=2 hist_relax_keys=2 nscan boundary=175 in_scope=9 committed_now=9 committed_total=40 disagree=19 births cand=0 tracks_created=0 tracks_kept=0 MAP tracks=9 used=5 unused=0 hit_rate=0.62
SCAN_NSCAN_COMMITTED scan=181 t=2025-12-10 17:40:24.885000+00:00 boundary=175 9->node13291@s175, 16->node13331@s175, 17->node13371@s175, 18->node13437@s175, 20->node13579@s175, 26->node13664@s175, 36->node13697@s175, 37->node13781@s175, 38->node13819@s175

INTERNAL_BIRTH_GUARDRAIL t=2025-12-10 17:40:25.085000+00:00 reason=active leaf count above cap (840>200) residual=1
OVERLOAD_SPLIT scan=182 cluster=0 track_ids=[9, 16, 17, 18, 20, 26, 36, 37, 38] projected_before=332437096114421760 threshold=500000 split_ops=9 stop=all_components_under_threshold removed_edges=[36-38:1, 9-16:2, 17-37:2, 18-20:2, 20-26:2, 17-36:3, 16-37:5, 17-26:5, 20-36:5] subclusters=[[9, 37], [16], [17], [18, 26, 36], [20, 38]] projected_after=[15151, 64, 144, 354816, 6710]
HIST_RELAX scan=182 cluster=3 track_ids=[18, 26, 36] relaxed_keys=1 relaxed_sample=[(171, 3)] feasible_before=0 feasible_after=53 status=enabled
HIST_RELAX scan=182 cluster=4 track_ids=[20, 38] relaxed_keys=1 relaxed_sample=[(174, 6)] feasible_before=0 feasible_after=38 status=enabled

Cluster rebuilds scan=182 t=2025-12-10 17:40:25.085000+00:00:
cluster=0 tracks=[9, 37] split_from=0 globals=20 comb_eval=11924 comb_feas=85 disagree=0
  logW=753.404 tids=[9, 37]
  logW=752.841 tids=[9, 37]
  logW=752.603 tids=[9, 37]
  logW=751.696 tids=[9, 37]
  logW=751.422 tids=[9, 37]
cluster=1 tracks=[16] split_from=0 globals=20 comb_eval=21 comb_feas=20 disagree=6
  logW=489.478 tids=[16]
  logW=477.660 tids=[16]
  logW=477.527 tids=[16]
  logW=477.186 tids=[16]
  logW=477.186 tids=[16]
cluster=2 tracks=[17] split_from=0 globals=20 comb_eval=21 comb_feas=20 disagree=3
  logW=526.782 tids=[17]
  logW=525.742 tids=[17]
  logW=522.295 tids=[17]
  logW=521.782 tids=[17]
  logW=515.182 tids=[17]
cluster=3 tracks=[18, 26, 36] split_from=0 globals=20 comb_eval=10735 comb_feas=53 disagree=2
  logW=764.748 tids=[18, 26, 36]
  logW=764.611 tids=[18, 26, 36]
  logW=760.052 tids=[18, 26, 36]
  logW=759.915 tids=[18, 26, 36]
  logW=758.996 tids=[18, 26, 36]
cluster=4 tracks=[20, 38] split_from=0 globals=20 comb_eval=13432 comb_feas=38 disagree=5
  logW=278.315 tids=[20, 38]
  logW=270.831 tids=[20, 38]
  logW=268.785 tids=[20, 38]
  logW=268.425 tids=[20, 38]
  logW=267.778 tids=[20, 38]
SCAN scan=182 t=2025-12-10 17:40:25.085000+00:00 det=8 trees=9 leaves=478 clusters=5 comb_eval=36133 comb_feas=216 rebuilt_globals=100 split_clusters=1 split_ops=9 hist_relax_attempts=2 hist_relax_ok=2 hist_relax_keys=2 nscan boundary=176 in_scope=9 committed_now=9 committed_total=40 disagree=16 births cand=1 tracks_created=0 tracks_kept=0 MAP tracks=9 used=6 unused=2 hit_rate=0.63
SCAN_NSCAN_COMMITTED scan=182 t=2025-12-10 17:40:25.085000+00:00 boundary=176 9->node13871@s176, 16->node13939@s176, 17->node14003@s176, 18->node14103@s176, 20->node14294@s176, 26->node14391@s176, 36->node14451@s176, 37->node14614@s176, 38->node14688@s176
OVERLOAD_SPLIT scan=183 cluster=0 track_ids=[9, 16, 17, 18, 20, 26, 36, 37, 38] projected_before=705308603707293696 threshold=500000 split_ops=13 stop=all_components_under_threshold removed_edges=[9-36:1, 36-37:1, 17-37:2, 36-38:2, 9-16:3, 18-20:3, 20-26:3, 17-36:4, 17-26:5, 16-37:6, 18-36:7, 20-38:7, 26-36:7] subclusters=[[9, 37], [16], [17], [18], [20, 36], [26], [38]] projected_after=[26554, 64, 144, 64, 10502, 67, 64]

Cluster rebuilds scan=183 t=2025-12-10 17:40:25.285000+00:00:
cluster=0 tracks=[9, 37] split_from=0 globals=20 comb_eval=12110 comb_feas=51 disagree=1
  logW=768.187 tids=[9, 37]
  logW=766.639 tids=[9, 37]
  logW=765.687 tids=[9, 37]
  logW=764.593 tids=[9, 37]
  logW=761.727 tids=[9, 37]
cluster=1 tracks=[16] split_from=0 globals=20 comb_eval=21 comb_feas=20 disagree=0
  logW=499.055 tids=[16]
  logW=487.175 tids=[16]
  logW=486.810 tids=[16]
  logW=486.708 tids=[16]
  logW=486.703 tids=[16]
cluster=2 tracks=[17] split_from=0 globals=20 comb_eval=21 comb_feas=20 disagree=0
  logW=536.114 tids=[17]
  logW=535.410 tids=[17]
  logW=531.858 tids=[17]
  logW=531.441 tids=[17]
  logW=524.479 tids=[17]
cluster=3 tracks=[18] split_from=0 globals=20 comb_eval=21 comb_feas=20 disagree=6
  logW=531.158 tids=[18]
  logW=521.798 tids=[18]
  logW=520.415 tids=[18]
  logW=520.350 tids=[18]
  logW=519.310 tids=[18]
cluster=4 tracks=[20, 36] split_from=0 globals=20 comb_eval=915 comb_feas=36 disagree=3
  logW=310.955 tids=[20, 36]
  logW=304.266 tids=[20, 36]
  logW=301.249 tids=[20, 36]
  logW=300.102 tids=[20, 36]
  logW=299.735 tids=[20, 36]
cluster=5 tracks=[26] split_from=0 globals=20 comb_eval=21 comb_feas=20 disagree=11
  logW=259.356 tids=[26]
  logW=254.464 tids=[26]
  logW=249.303 tids=[26]
  logW=249.132 tids=[26]
  logW=248.086 tids=[26]
cluster=6 tracks=[38] split_from=0 globals=20 comb_eval=21 comb_feas=20 disagree=6
  logW=53.505 tids=[38]
  logW=41.825 tids=[38]
  logW=41.819 tids=[38]
  logW=41.599 tids=[38]
  logW=41.451 tids=[38]
SCAN scan=183 t=2025-12-10 17:40:25.285000+00:00 det=6 trees=9 leaves=589 clusters=7 comb_eval=13130 comb_feas=187 rebuilt_globals=140 split_clusters=1 split_ops=13 hist_relax_attempts=0 hist_relax_ok=0 hist_relax_keys=0 nscan boundary=177 in_scope=9 committed_now=9 committed_total=40 disagree=27 births cand=0 tracks_created=0 tracks_kept=0 MAP tracks=9 used=6 unused=0 hit_rate=0.67
SCAN_NSCAN_COMMITTED scan=183 t=2025-12-10 17:40:25.285000+00:00 boundary=177 9->node14789@s177, 16->node14891@s177, 17->node14940@s177, 18->node15012@s177, 20->node15201@s177, 26->node15297@s177, 36->node15376@s177, 37->node15584@s177, 38->node15682@s177
OVERLOAD_SPLIT scan=184 cluster=0 track_ids=[9, 16, 17, 26, 37] projected_before=12616306560 threshold=500000 split_ops=4 stop=all_components_under_threshold removed_edges=[17-26:1, 17-37:2, 9-16:3, 16-37:7] subclusters=[[9, 37], [16], [17], [26]] projected_after=[20988, 65, 289, 32]
OVERLOAD_SPLIT scan=184 cluster=1 track_ids=[18, 20, 36, 38] projected_before=1867776 threshold=500000 split_ops=2 stop=all_components_under_threshold removed_edges=[18-20:3, 20-36:3] subclusters=[[18, 36], [20, 38]] projected_after=[1024, 1824]
HIST_RELAX scan=184 cluster=4 track_ids=[18, 36] relaxed_keys=2 relaxed_sample=[(171, 3), (177, 1)] feasible_before=0 feasible_after=44 status=enabled
HIST_RELAX scan=184 cluster=5 track_ids=[20, 38] relaxed_keys=2 relaxed_sample=[(174, 6), (177, 2)] feasible_before=0 feasible_after=36 status=enabled

Cluster rebuilds scan=184 t=2025-12-10 17:40:25.485000+00:00:
cluster=0 tracks=[9, 37] split_from=0 globals=20 comb_eval=4743 comb_feas=46 disagree=9
  logW=775.611 tids=[9, 37]
  logW=774.050 tids=[9, 37]
  logW=773.092 tids=[9, 37]
  logW=771.979 tids=[9, 37]
  logW=769.151 tids=[9, 37]
cluster=1 tracks=[16] split_from=0 globals=20 comb_eval=21 comb_feas=20 disagree=6
  logW=496.752 tids=[16]
  logW=484.873 tids=[16]
  logW=484.507 tids=[16]
  logW=484.405 tids=[16]
  logW=484.400 tids=[16]
cluster=2 tracks=[17] split_from=0 globals=20 comb_eval=21 comb_feas=20 disagree=2
  logW=544.888 tids=[17]
  logW=543.092 tids=[17]
  logW=539.817 tids=[17]
  logW=538.952 tids=[17]
  logW=533.812 tids=[17]
cluster=3 tracks=[26] split_from=0 globals=20 comb_eval=21 comb_feas=20 disagree=0
  logW=267.425 tids=[26]
  logW=258.104 tids=[26]
  logW=257.053 tids=[26]
  logW=256.122 tids=[26]
  logW=255.594 tids=[26]
cluster=4 tracks=[18, 36] split_from=1 globals=20 comb_eval=2112 comb_feas=44 disagree=11
  logW=511.041 tids=[18, 36]
  logW=510.930 tids=[18, 36]
  logW=510.129 tids=[18, 36]
  logW=509.680 tids=[18, 36]
  logW=509.539 tids=[18, 36]
cluster=5 tracks=[20, 38] split_from=1 globals=20 comb_eval=3655 comb_feas=36 disagree=6
  logW=293.532 tids=[20, 38]
  logW=282.057 tids=[20, 38]
  logW=281.965 tids=[20, 38]
  logW=281.864 tids=[20, 38]
  logW=281.852 tids=[20, 38]
SCAN scan=184 t=2025-12-10 17:40:25.485000+00:00 det=3 trees=9 leaves=440 clusters=6 comb_eval=10573 comb_feas=186 rebuilt_globals=120 split_clusters=2 split_ops=6 hist_relax_attempts=2 hist_relax_ok=2 hist_relax_keys=4 nscan boundary=178 in_scope=9 committed_now=9 committed_total=40 disagree=34 births cand=0 tracks_created=0 tracks_kept=0 MAP tracks=9 used=3 unused=0 hit_rate=0.63
SCAN_NSCAN_COMMITTED scan=184 t=2025-12-10 17:40:25.485000+00:00 boundary=178 9->node15832@s178, 16->node15974@s178, 17->node16041@s178, 18->node16122@s178, 20->node16305@s178, 26->node16437@s178, 36->node16570@s178, 37->node16668@s178, 38->node16713@s178

INTERNAL_BIRTH_GUARDRAIL t=2025-12-10 17:40:25.685000+00:00 reason=active leaf count above cap (807>200) residual=1
OVERLOAD_SPLIT scan=185 cluster=0 track_ids=[9, 16, 17, 37] projected_before=439751520 threshold=500000 split_ops=3 stop=all_components_under_threshold removed_edges=[17-37:2, 9-16:3, 16-37:7] subclusters=[[9, 37], [16], [17]] projected_after=[23491, 65, 288]
OVERLOAD_SPLIT scan=185 cluster=1 track_ids=[18, 20, 36, 38] projected_before=557056 threshold=500000 split_ops=2 stop=all_components_under_threshold removed_edges=[18-20:4, 20-36:4] subclusters=[[18, 36], [20, 38]] projected_after=[1024, 544]
HIST_RELAX scan=185 cluster=3 track_ids=[18, 36] relaxed_keys=2 relaxed_sample=[(171, 3), (177, 1)] feasible_before=0 feasible_after=43 status=enabled
HIST_RELAX scan=185 cluster=4 track_ids=[20, 38] relaxed_keys=2 relaxed_sample=[(174, 6), (177, 2)] feasible_before=0 feasible_after=30 status=enabled

Cluster rebuilds scan=185 t=2025-12-10 17:40:25.685000+00:00:
cluster=0 tracks=[9, 37] split_from=0 globals=20 comb_eval=11124 comb_feas=47 disagree=9
  logW=783.116 tids=[9, 37]
  logW=780.592 tids=[9, 37]
  logW=776.655 tids=[9, 37]
  logW=775.842 tids=[9, 37]
  logW=775.279 tids=[9, 37]
cluster=1 tracks=[16] split_from=0 globals=20 comb_eval=21 comb_feas=20 disagree=4
  logW=506.281 tids=[16]
  logW=494.450 tids=[16]
  logW=494.101 tids=[16]
  logW=493.928 tids=[16]
  logW=493.905 tids=[16]
cluster=2 tracks=[17] split_from=0 globals=20 comb_eval=21 comb_feas=20 disagree=7
  logW=554.352 tids=[17]
  logW=552.829 tids=[17]
  logW=549.361 tids=[17]
  logW=548.703 tids=[17]
  logW=543.213 tids=[17]
cluster=3 tracks=[18, 36] split_from=1 globals=20 comb_eval=2112 comb_feas=43 disagree=0
  logW=518.068 tids=[18, 36]
  logW=516.389 tids=[18, 36]
  logW=516.384 tids=[18, 36]
  logW=516.098 tids=[18, 36]
  logW=515.639 tids=[18, 36]
cluster=4 tracks=[20, 38] split_from=1 globals=20 comb_eval=950 comb_feas=30 disagree=1
  logW=300.339 tids=[20, 38]
  logW=289.077 tids=[20, 38]
  logW=288.992 tids=[20, 38]
  logW=288.927 tids=[20, 38]
  logW=288.660 tids=[20, 38]
cluster=5 tracks=[26] globals=20 comb_eval=21 comb_feas=20 disagree=0
  logW=265.122 tids=[26]
  logW=255.801 tids=[26]
  logW=254.751 tids=[26]
  logW=253.820 tids=[26]
  logW=253.291 tids=[26]
SCAN scan=185 t=2025-12-10 17:40:25.685000+00:00 det=5 trees=9 leaves=422 clusters=6 comb_eval=14249 comb_feas=180 rebuilt_globals=120 split_clusters=2 split_ops=5 hist_relax_attempts=2 hist_relax_ok=2 hist_relax_keys=4 nscan boundary=179 in_scope=9 committed_now=9 committed_total=40 disagree=21 births cand=1 tracks_created=0 tracks_kept=0 MAP tracks=9 used=4 unused=1 hit_rate=0.62
SCAN_NSCAN_COMMITTED scan=185 t=2025-12-10 17:40:25.685000+00:00 boundary=179 9->node16971@s179, 16->node17119@s179, 17->node17183@s179, 18->node17292@s179, 20->node17388@s179, 26->node17463@s179, 36->node17601@s179, 37->node17754@s179, 38->node17765@s179

INTERNAL_BIRTH_GUARDRAIL t=2025-12-10 17:40:25.885000+00:00 reason=active leaf count above cap (950>200) residual=2
OVERLOAD_SPLIT scan=186 cluster=0 track_ids=[9, 16, 17, 37] projected_before=598553280 threshold=500000 split_ops=3 stop=all_components_under_threshold removed_edges=[17-37:2, 9-16:3, 16-37:7] subclusters=[[9, 37], [16], [17]] projected_after=[31974, 65, 288]
OVERLOAD_SPLIT scan=186 cluster=1 track_ids=[18, 20, 26, 36, 38] projected_before=73430016 threshold=500000 split_ops=4 stop=all_components_under_threshold removed_edges=[20-26:1, 26-36:1, 18-20:5, 20-38:5] subclusters=[[18, 20, 36], [26], [38]] projected_after=[223872, 41, 8]
HIST_RELAX scan=186 cluster=3 track_ids=[18, 20, 36] relaxed_keys=2 relaxed_sample=[(171, 3), (177, 1)] feasible_before=0 feasible_after=60 status=enabled

Cluster rebuilds scan=186 t=2025-12-10 17:40:25.885000+00:00:
cluster=0 tracks=[9, 37] split_from=0 globals=20 comb_eval=14600 comb_feas=46 disagree=12
  logW=790.573 tids=[9, 37]
  logW=786.083 tids=[9, 37]
  logW=784.112 tids=[9, 37]
  logW=783.496 tids=[9, 37]
  logW=782.736 tids=[9, 37]
cluster=1 tracks=[16] split_from=0 globals=20 comb_eval=21 comb_feas=20 disagree=5
  logW=515.998 tids=[16]
  logW=503.978 tids=[16]
  logW=503.871 tids=[16]
  logW=503.778 tids=[16]
  logW=503.647 tids=[16]
cluster=2 tracks=[17] split_from=0 globals=20 comb_eval=21 comb_feas=20 disagree=2
  logW=563.779 tids=[17]
  logW=562.889 tids=[17]
  logW=561.968 tids=[17]
  logW=561.830 tids=[17]
  logW=552.375 tids=[17]
cluster=3 tracks=[18, 20, 36] split_from=1 globals=20 comb_eval=183176 comb_feas=60 disagree=7
  logW=776.158 tids=[18, 20, 36]
  logW=775.071 tids=[18, 20, 36]
  logW=773.876 tids=[18, 20, 36]
  logW=773.459 tids=[18, 20, 36]
  logW=773.342 tids=[18, 20, 36]
cluster=4 tracks=[26] split_from=1 globals=20 comb_eval=21 comb_feas=20 disagree=4
  logW=274.644 tids=[26]
  logW=265.162 tids=[26]
  logW=264.105 tids=[26]
  logW=263.301 tids=[26]
  logW=262.819 tids=[26]
cluster=5 tracks=[38] split_from=1 globals=8 comb_eval=8 comb_feas=8 disagree=4
  logW=46.597 tids=[38]
  logW=34.918 tids=[38]
  logW=34.911 tids=[38]
  logW=34.543 tids=[38]
  logW=24.374 tids=[38]
SCAN scan=186 t=2025-12-10 17:40:25.885000+00:00 det=9 trees=9 leaves=363 clusters=6 comb_eval=197847 comb_feas=174 rebuilt_globals=108 split_clusters=2 split_ops=7 hist_relax_attempts=1 hist_relax_ok=1 hist_relax_keys=2 nscan boundary=180 in_scope=9 committed_now=9 committed_total=40 disagree=34 births cand=2 tracks_created=0 tracks_kept=0 MAP tracks=9 used=6 unused=3 hit_rate=0.62
SCAN_NSCAN_COMMITTED scan=186 t=2025-12-10 17:40:25.885000+00:00 boundary=180 9->node17782@s180, 16->node17914@s180, 17->node17978@s180, 18->node18104@s180, 20->node18199@s180, 26->node18258@s180, 36->node18349@s180, 37->node18578@s180, 38->node18581@s180
OVERLOAD_SPLIT scan=187 cluster=0 track_ids=[9, 16, 17, 37] projected_before=11232000 threshold=500000 split_ops=1 stop=all_components_under_threshold removed_edges=[17-37:2] subclusters=[[9, 16, 37], [17]] projected_after=[39000, 288]
OVERLOAD_SPLIT scan=187 cluster=1 track_ids=[18, 20, 26, 36, 38] projected_before=11576320 threshold=500000 split_ops=3 stop=all_components_under_threshold removed_edges=[18-20:2, 20-26:2, 26-36:2] subclusters=[[18, 20, 36, 38], [26]] projected_after=[304640, 38]
HIST_RELAX scan=187 cluster=0 track_ids=[9, 16, 37] relaxed_keys=1 relaxed_sample=[(180, 0)] feasible_before=0 feasible_after=76 status=enabled
HIST_RELAX scan=187 cluster=2 track_ids=[18, 20, 36, 38] relaxed_keys=5 relaxed_sample=[(171, 3), (174, 6), (177, 1), (177, 2), (180, 6)] feasible_before=0 feasible_after=112 status=enabled
TRACK_LIFECYCLE mode=map_leaf miss_threshold=7 terminated=[37, 38]

Cluster rebuilds scan=187 t=2025-12-10 17:40:26.085000+00:00:
cluster=0 tracks=[9, 16, 37] split_from=0 globals=20 comb_eval=4278 comb_feas=76 disagree=8
  logW=1296.121 tids=[9, 16, 37]
  logW=1293.960 tids=[9, 16, 37]
  logW=1290.194 tids=[9, 16, 37]
  logW=1285.956 tids=[9, 16, 37]
  logW=1284.660 tids=[9, 16, 37]
cluster=1 tracks=[17] split_from=0 globals=20 comb_eval=21 comb_feas=20 disagree=2
  logW=572.098 tids=[17]
  logW=571.734 tids=[17]
  logW=570.520 tids=[17]
  logW=570.319 tids=[17]
  logW=561.476 tids=[17]
cluster=2 tracks=[18, 20, 36, 38] split_from=1 globals=20 comb_eval=133084 comb_feas=112 disagree=5
  logW=814.637 tids=[18, 20, 36, 38]
  logW=813.300 tids=[18, 20, 36, 38]
  logW=813.229 tids=[18, 20, 36, 38]
  logW=813.012 tids=[18, 20, 36, 38]
  logW=812.376 tids=[18, 20, 36, 38]
cluster=3 tracks=[26] split_from=1 globals=20 comb_eval=21 comb_feas=20 disagree=6
  logW=272.341 tids=[26]
  logW=262.859 tids=[26]
  logW=261.802 tids=[26]
  logW=260.998 tids=[26]
  logW=260.517 tids=[26]
SCAN scan=187 t=2025-12-10 17:40:26.085000+00:00 det=5 trees=7 leaves=356 clusters=4 comb_eval=137404 comb_feas=228 rebuilt_globals=80 split_clusters=2 split_ops=4 hist_relax_attempts=2 hist_relax_ok=2 hist_relax_keys=6 nscan boundary=181 in_scope=9 committed_now=9 committed_total=40 disagree=21 births cand=0 tracks_created=0 tracks_kept=0 MAP tracks=7 used=5 unused=0 hit_rate=0.66
SCAN_NSCAN_COMMITTED scan=187 t=2025-12-10 17:40:26.085000+00:00 boundary=181 9->node18613@s181, 16->node18747@s181, 17->node18811@s181, 18->node18912@s181, 20->node19006@s181, 26->node19023@s181, 36->node19121@s181, 37->node19194@s181, 38->node19201@s181

INTERNAL_BIRTH_GUARDRAIL t=2025-12-10 17:40:26.285000+00:00 reason=active leaf count above cap (712>200) residual=1
OVERLOAD_SPLIT scan=188 cluster=2 track_ids=[18, 20, 26, 36] projected_before=5493696 threshold=500000 split_ops=3 stop=all_components_under_threshold removed_edges=[18-20:3, 20-26:3, 26-36:3] subclusters=[[18, 20, 36], [26]] projected_after=[140864, 39]
HIST_RELAX scan=188 cluster=2 track_ids=[18, 20, 36] relaxed_keys=2 relaxed_sample=[(171, 3), (177, 1)] feasible_before=0 feasible_after=64 status=enabled

Cluster rebuilds scan=188 t=2025-12-10 17:40:26.285000+00:00:
cluster=0 tracks=[9, 16] globals=20 comb_eval=1290 comb_feas=37 disagree=2
  logW=1341.138 tids=[9, 16]
  logW=1329.285 tids=[9, 16]
  logW=1329.185 tids=[9, 16]
  logW=1329.169 tids=[9, 16]
  logW=1329.127 tids=[9, 16]
cluster=1 tracks=[17] globals=20 comb_eval=21 comb_feas=20 disagree=8
  logW=581.628 tids=[17]
  logW=580.653 tids=[17]
  logW=579.841 tids=[17]
  logW=579.363 tids=[17]
  logW=571.150 tids=[17]
cluster=2 tracks=[18, 20, 36] split_from=2 globals=20 comb_eval=194381 comb_feas=64 disagree=4
  logW=808.934 tids=[18, 20, 36]
  logW=803.967 tids=[18, 20, 36]
  logW=802.418 tids=[18, 20, 36]
  logW=801.225 tids=[18, 20, 36]
  logW=798.152 tids=[18, 20, 36]
cluster=3 tracks=[26] split_from=2 globals=20 comb_eval=21 comb_feas=20 disagree=7
  logW=281.827 tids=[26]
  logW=270.924 tids=[26]
  logW=270.440 tids=[26]
  logW=270.038 tids=[26]
  logW=269.797 tids=[26]
SCAN scan=188 t=2025-12-10 17:40:26.285000+00:00 det=7 trees=7 leaves=127 clusters=4 comb_eval=195713 comb_feas=141 rebuilt_globals=80 split_clusters=1 split_ops=3 hist_relax_attempts=1 hist_relax_ok=1 hist_relax_keys=2 nscan boundary=182 in_scope=7 committed_now=7 committed_total=40 disagree=21 births cand=1 tracks_created=0 tracks_kept=0 MAP tracks=7 used=6 unused=1 hit_rate=0.66
SCAN_NSCAN_COMMITTED scan=188 t=2025-12-10 17:40:26.285000+00:00 boundary=182 9->node19232@s182, 16->node19371@s182, 17->node19435@s182, 18->node19589@s182, 20->node19716@s182, 26->node19753@s182, 36->node19865@s182
OVERLOAD_SPLIT scan=189 cluster=3 track_ids=[18, 20, 26, 36] projected_before=4299776 threshold=500000 split_ops=2 stop=all_components_under_threshold removed_edges=[20-26:1, 26-36:2] subclusters=[[18, 20, 36], [26]] projected_after=[126464, 34]
HIST_RELAX scan=189 cluster=3 track_ids=[18, 20, 36] relaxed_keys=2 relaxed_sample=[(171, 3), (177, 1)] feasible_before=0 feasible_after=51 status=enabled

Cluster rebuilds scan=189 t=2025-12-10 17:40:26.485000+00:00:
cluster=0 tracks=[9] globals=16 comb_eval=16 comb_feas=16 disagree=2
  logW=816.014 tids=[9]
  logW=804.190 tids=[9]
  logW=804.013 tids=[9]
  logW=803.729 tids=[9]
  logW=803.712 tids=[9]
cluster=1 tracks=[16] globals=14 comb_eval=14 comb_feas=14 disagree=2
  logW=544.553 tids=[16]
  logW=532.549 tids=[16]
  logW=532.520 tids=[16]
  logW=532.491 tids=[16]
  logW=532.480 tids=[16]
cluster=2 tracks=[17] globals=20 comb_eval=21 comb_feas=20 disagree=3
  logW=590.537 tids=[17]
  logW=589.869 tids=[17]
  logW=580.118 tids=[17]
  logW=579.325 tids=[17]
  logW=579.175 tids=[17]
cluster=3 tracks=[18, 20, 36] split_from=3 globals=20 comb_eval=171872 comb_feas=51 disagree=3
  logW=828.554 tids=[18, 20, 36]
  logW=825.081 tids=[18, 20, 36]
  logW=822.210 tids=[18, 20, 36]
  logW=820.643 tids=[18, 20, 36]
  logW=818.925 tids=[18, 20, 36]
cluster=4 tracks=[26] split_from=3 globals=20 comb_eval=21 comb_feas=20 disagree=6
  logW=291.447 tids=[26]
  logW=280.593 tids=[26]
  logW=279.525 tids=[26]
  logW=279.377 tids=[26]
  logW=279.375 tids=[26]
SCAN scan=189 t=2025-12-10 17:40:26.485000+00:00 det=6 trees=7 leaves=143 clusters=5 comb_eval=171944 comb_feas=121 rebuilt_globals=90 split_clusters=1 split_ops=2 hist_relax_attempts=1 hist_relax_ok=1 hist_relax_keys=2 nscan boundary=183 in_scope=7 committed_now=7 committed_total=40 disagree=16 births cand=0 tracks_created=0 tracks_kept=0 MAP tracks=7 used=6 unused=0 hit_rate=0.66
SCAN_NSCAN_COMMITTED scan=189 t=2025-12-10 17:40:26.485000+00:00 boundary=183 9->node20072@s183, 16->node20214@s183, 17->node20278@s183, 18->node20442@s183, 20->node20526@s183, 26->node20604@s183, 36->node20682@s183

INTERNAL_BIRTH_GUARDRAIL t=2025-12-10 17:40:26.685000+00:00 reason=active leaf count above cap (267>200) residual=1
OVERLOAD_SPLIT scan=190 cluster=3 track_ids=[18, 20, 26, 36] projected_before=794240 threshold=500000 split_ops=2 stop=all_components_under_threshold removed_edges=[20-26:1, 26-36:2] subclusters=[[18, 20, 36], [26]] projected_after=[46720, 17]
HIST_RELAX scan=190 cluster=3 track_ids=[18, 20, 36] relaxed_keys=2 relaxed_sample=[(171, 3), (177, 1)] feasible_before=0 feasible_after=50 status=enabled

Cluster rebuilds scan=190 t=2025-12-10 17:40:26.685000+00:00:
cluster=0 tracks=[9] globals=20 comb_eval=21 comb_feas=20 disagree=3
  logW=825.614 tids=[9]
  logW=813.712 tids=[9]
  logW=813.599 tids=[9]
  logW=813.596 tids=[9]
  logW=813.358 tids=[9]
cluster=1 tracks=[16] globals=20 comb_eval=21 comb_feas=20 disagree=0
  logW=554.068 tids=[16]
  logW=542.250 tids=[16]
  logW=542.039 tids=[16]
  logW=541.964 tids=[16]
  logW=541.911 tids=[16]
cluster=2 tracks=[17] globals=20 comb_eval=21 comb_feas=20 disagree=3
  logW=600.073 tids=[17]
  logW=599.071 tids=[17]
  logW=598.201 tids=[17]
  logW=598.179 tids=[17]
  logW=589.551 tids=[17]
cluster=3 tracks=[18, 20, 36] split_from=3 globals=20 comb_eval=85980 comb_feas=50 disagree=0
  logW=833.458 tids=[18, 20, 36]
  logW=829.986 tids=[18, 20, 36]
  logW=827.115 tids=[18, 20, 36]
  logW=825.548 tids=[18, 20, 36]
  logW=823.830 tids=[18, 20, 36]
cluster=4 tracks=[26] split_from=3 globals=17 comb_eval=17 comb_feas=17 disagree=9
  logW=289.145 tids=[26]
  logW=278.290 tids=[26]
  logW=277.222 tids=[26]
  logW=277.075 tids=[26]
  logW=276.974 tids=[26]
SCAN scan=190 t=2025-12-10 17:40:26.685000+00:00 det=6 trees=7 leaves=209 clusters=5 comb_eval=86060 comb_feas=127 rebuilt_globals=97 split_clusters=1 split_ops=2 hist_relax_attempts=1 hist_relax_ok=1 hist_relax_keys=2 nscan boundary=184 in_scope=7 committed_now=7 committed_total=40 disagree=15 births cand=1 tracks_created=0 tracks_kept=0 MAP tracks=7 used=4 unused=2 hit_rate=0.66
SCAN_NSCAN_COMMITTED scan=190 t=2025-12-10 17:40:26.685000+00:00 boundary=184 9->node21011@s184, 16->node21143@s184, 17->node21208@s184, 18->node21517@s184, 20->node21569@s184, 26->node21586@s184, 36->node21629@s184

INTERNAL_BIRTH_GUARDRAIL t=2025-12-10 17:40:26.885000+00:00 reason=active leaf count above cap (560>200) residual=1
OVERLOAD_SPLIT scan=191 cluster=2 track_ids=[18, 20, 26, 36] projected_before=14356608 threshold=500000 split_ops=4 stop=all_components_under_threshold removed_edges=[20-26:1, 18-20:2, 26-36:2, 20-36:7] subclusters=[[18, 36], [20], [26]] projected_after=[42728, 21, 16]
HIST_RELAX scan=191 cluster=2 track_ids=[18, 36] relaxed_keys=2 relaxed_sample=[(171, 3), (177, 1)] feasible_before=0 feasible_after=33 status=enabled

Cluster rebuilds scan=191 t=2025-12-10 17:40:26.885000+00:00:
cluster=0 tracks=[9, 16] globals=20 comb_eval=403 comb_feas=36 disagree=4
  logW=1399.175 tids=[9, 16]
  logW=1387.183 tids=[9, 16]
  logW=1387.162 tids=[9, 16]
  logW=1387.129 tids=[9, 16]
  logW=1387.078 tids=[9, 16]
cluster=1 tracks=[17] globals=20 comb_eval=21 comb_feas=20 disagree=1
  logW=609.855 tids=[17]
  logW=608.769 tids=[17]
  logW=607.016 tids=[17]
  logW=606.697 tids=[17]
  logW=599.364 tids=[17]
cluster=2 tracks=[18, 36] split_from=2 globals=20 comb_eval=82142 comb_feas=33 disagree=0
  logW=590.632 tids=[18, 36]
  logW=589.904 tids=[18, 36]
  logW=589.891 tids=[18, 36]
  logW=589.163 tids=[18, 36]
  logW=588.786 tids=[18, 36]
cluster=3 tracks=[20] split_from=2 globals=20 comb_eval=21 comb_feas=20 disagree=0
  logW=270.990 tids=[20]
  logW=264.541 tids=[20]
  logW=264.523 tids=[20]
  logW=259.888 tids=[20]
  logW=259.809 tids=[20]
cluster=4 tracks=[26] split_from=2 globals=16 comb_eval=16 comb_feas=16 disagree=0
  logW=298.239 tids=[26]
  logW=286.842 tids=[26]
  logW=286.265 tids=[26]
  logW=285.982 tids=[26]
  logW=285.974 tids=[26]
SCAN scan=191 t=2025-12-10 17:40:26.885000+00:00 det=8 trees=7 leaves=289 clusters=5 comb_eval=82603 comb_feas=125 rebuilt_globals=96 split_clusters=1 split_ops=4 hist_relax_attempts=1 hist_relax_ok=1 hist_relax_keys=2 nscan boundary=185 in_scope=7 committed_now=7 committed_total=40 disagree=5 births cand=1 tracks_created=0 tracks_kept=0 MAP tracks=7 used=6 unused=2 hit_rate=0.66
SCAN_NSCAN_COMMITTED scan=191 t=2025-12-10 17:40:26.885000+00:00 boundary=185 9->node21841@s185, 16->node21980@s185, 17->node22045@s185, 18->node22341@s185, 20->node22373@s185, 26->node22399@s185, 36->node22454@s185

INTERNAL_BIRTH_GUARDRAIL t=2025-12-10 17:40:27.085000+00:00 reason=active leaf count above cap (418>200) residual=1
OVERLOAD_SPLIT scan=192 cluster=2 track_ids=[17, 18, 20, 26, 36] projected_before=1218067200 threshold=500000 split_ops=6 stop=all_components_under_threshold removed_edges=[17-26:1, 17-36:2, 20-26:2, 18-20:3, 26-36:4, 20-36:9] subclusters=[[17], [18, 36], [20], [26]] projected_after=[50, 16112, 42, 36]
HIST_RELAX scan=192 cluster=3 track_ids=[18, 36] relaxed_keys=2 relaxed_sample=[(171, 3), (177, 1)] feasible_before=0 feasible_after=30 status=enabled

Cluster rebuilds scan=192 t=2025-12-10 17:40:27.085000+00:00:
cluster=0 tracks=[9] globals=16 comb_eval=16 comb_feas=16 disagree=2
  logW=845.134 tids=[9]
  logW=833.115 tids=[9]
  logW=833.115 tids=[9]
  logW=833.002 tids=[9]
  logW=832.924 tids=[9]
cluster=1 tracks=[16] globals=16 comb_eval=16 comb_feas=16 disagree=2
  logW=573.338 tids=[16]
  logW=561.455 tids=[16]
  logW=561.236 tids=[16]
  logW=561.180 tids=[16]
  logW=561.133 tids=[16]
cluster=2 tracks=[17] split_from=2 globals=20 comb_eval=21 comb_feas=20 disagree=10
  logW=619.224 tids=[17]
  logW=618.177 tids=[17]
  logW=616.557 tids=[17]
  logW=616.181 tids=[17]
  logW=614.257 tids=[17]
cluster=3 tracks=[18, 36] split_from=2 globals=20 comb_eval=26204 comb_feas=30 disagree=6
  logW=596.660 tids=[18, 36]
  logW=596.388 tids=[18, 36]
  logW=595.919 tids=[18, 36]
  logW=595.648 tids=[18, 36]
  logW=595.110 tids=[18, 36]
cluster=4 tracks=[20] split_from=2 globals=20 comb_eval=21 comb_feas=20 disagree=5
  logW=280.249 tids=[20]
  logW=273.981 tids=[20]
  logW=272.780 tids=[20]
  logW=268.830 tids=[20]
  logW=268.688 tids=[20]
cluster=5 tracks=[26] split_from=2 globals=20 comb_eval=21 comb_feas=20 disagree=6
  logW=307.907 tids=[26]
  logW=295.959 tids=[26]
  logW=295.937 tids=[26]
  logW=295.936 tids=[26]
  logW=295.628 tids=[26]
SCAN scan=192 t=2025-12-10 17:40:27.085000+00:00 det=7 trees=7 leaves=234 clusters=6 comb_eval=26299 comb_feas=122 rebuilt_globals=112 split_clusters=1 split_ops=6 hist_relax_attempts=1 hist_relax_ok=1 hist_relax_keys=2 nscan boundary=186 in_scope=7 committed_now=7 committed_total=40 disagree=31 births cand=1 tracks_created=0 tracks_kept=0 MAP tracks=7 used=5 unused=2 hit_rate=0.67
SCAN_NSCAN_COMMITTED scan=192 t=2025-12-10 17:40:27.085000+00:00 boundary=186 9->node22648@s186, 16->node22794@s186, 17->node22859@s186, 18->node23163@s186, 20->node23211@s186, 26->node23264@s186, 36->node23353@s186

INTERNAL_BIRTH_GUARDRAIL t=2025-12-10 17:40:27.285000+00:00 reason=active leaf count above cap (475>200) residual=1
OVERLOAD_SPLIT scan=193 cluster=2 track_ids=[17, 18, 20, 26, 36] projected_before=1547949312 threshold=500000 split_ops=6 stop=all_components_under_threshold removed_edges=[17-26:1, 17-36:3, 18-20:3, 20-26:3, 26-36:5, 20-36:9] subclusters=[[17], [18, 36], [20], [26]] projected_after=[46, 19474, 48, 36]
HIST_RELAX scan=193 cluster=3 track_ids=[18, 36] relaxed_keys=2 relaxed_sample=[(171, 3), (177, 1)] feasible_before=0 feasible_after=35 status=enabled

Cluster rebuilds scan=193 t=2025-12-10 17:40:27.285000+00:00:
cluster=0 tracks=[9] globals=20 comb_eval=21 comb_feas=20 disagree=3
  logW=854.822 tids=[9]
  logW=842.831 tids=[9]
  logW=842.783 tids=[9]
  logW=842.739 tids=[9]
  logW=842.628 tids=[9]
cluster=1 tracks=[16] globals=20 comb_eval=21 comb_feas=20 disagree=3
  logW=583.031 tids=[16]
  logW=571.036 tids=[16]
  logW=570.950 tids=[16]
  logW=570.862 tids=[16]
  logW=570.818 tids=[16]
cluster=2 tracks=[17] split_from=2 globals=20 comb_eval=21 comb_feas=20 disagree=4
  logW=628.482 tids=[17]
  logW=625.629 tids=[17]
  logW=622.124 tids=[17]
  logW=617.976 tids=[17]
  logW=616.936 tids=[17]
cluster=3 tracks=[18, 36] split_from=2 globals=20 comb_eval=26422 comb_feas=35 disagree=5
  logW=615.870 tids=[18, 36]
  logW=614.573 tids=[18, 36]
  logW=613.217 tids=[18, 36]
  logW=611.920 tids=[18, 36]
  logW=605.967 tids=[18, 36]
cluster=4 tracks=[20] split_from=2 globals=20 comb_eval=21 comb_feas=20 disagree=5
  logW=289.844 tids=[20]
  logW=282.475 tids=[20]
  logW=278.451 tids=[20]
  logW=278.253 tids=[20]
  logW=277.947 tids=[20]
cluster=5 tracks=[26] split_from=2 globals=20 comb_eval=21 comb_feas=20 disagree=0
  logW=314.788 tids=[26]
  logW=305.605 tids=[26]
  logW=303.575 tids=[26]
  logW=303.368 tids=[26]
  logW=302.613 tids=[26]
SCAN scan=193 t=2025-12-10 17:40:27.285000+00:00 det=7 trees=7 leaves=297 clusters=6 comb_eval=26527 comb_feas=135 rebuilt_globals=120 split_clusters=1 split_ops=6 hist_relax_attempts=1 hist_relax_ok=1 hist_relax_keys=2 nscan boundary=187 in_scope=7 committed_now=7 committed_total=40 disagree=20 births cand=1 tracks_created=0 tracks_kept=0 MAP tracks=7 used=6 unused=1 hit_rate=0.67
SCAN_NSCAN_COMMITTED scan=193 t=2025-12-10 17:40:27.285000+00:00 boundary=187 9->node23598@s187, 16->node23748@s187, 17->node23813@s187, 18->node24133@s187, 20->node24166@s187, 26->node24182@s187, 36->node24254@s187

INTERNAL_BIRTH_GUARDRAIL t=2025-12-10 17:40:27.485000+00:00 reason=active leaf count above cap (596>200) residual=3
OVERLOAD_SPLIT scan=194 cluster=2 track_ids=[17, 18, 20, 26, 36] projected_before=7210799050 threshold=500000 split_ops=6 stop=all_components_under_threshold removed_edges=[17-26:1, 20-26:1, 18-20:3, 17-36:4, 26-36:6, 20-36:7] subclusters=[[17], [18, 36], [20], [26]] projected_after=[71, 22321, 65, 70]
HIST_RELAX scan=194 cluster=3 track_ids=[18, 36] relaxed_keys=2 relaxed_sample=[(171, 3), (177, 1)] feasible_before=0 feasible_after=37 status=enabled

Cluster rebuilds scan=194 t=2025-12-10 17:40:27.485000+00:00:
cluster=0 tracks=[9] globals=20 comb_eval=21 comb_feas=20 disagree=2
  logW=864.604 tids=[9]
  logW=852.519 tids=[9]
  logW=852.468 tids=[9]
  logW=852.389 tids=[9]
  logW=852.386 tids=[9]
cluster=1 tracks=[16] globals=20 comb_eval=21 comb_feas=20 disagree=4
  logW=592.855 tids=[16]
  logW=580.729 tids=[16]
  logW=580.711 tids=[16]
  logW=580.663 tids=[16]
  logW=580.642 tids=[16]
cluster=2 tracks=[17] split_from=2 globals=20 comb_eval=21 comb_feas=20 disagree=1
  logW=637.696 tids=[17]
  logW=634.293 tids=[17]
  logW=629.427 tids=[17]
  logW=626.333 tids=[17]
  logW=626.234 tids=[17]
cluster=3 tracks=[18, 36] split_from=2 globals=20 comb_eval=25396 comb_feas=37 disagree=4
  logW=634.417 tids=[18, 36]
  logW=632.503 tids=[18, 36]
  logW=624.584 tids=[18, 36]
  logW=623.597 tids=[18, 36]
  logW=623.153 tids=[18, 36]
cluster=4 tracks=[20] split_from=2 globals=20 comb_eval=21 comb_feas=20 disagree=6
  logW=298.867 tids=[20]
  logW=287.591 tids=[20]
  logW=287.541 tids=[20]
  logW=287.541 tids=[20]
  logW=286.916 tids=[20]
cluster=5 tracks=[26] split_from=2 globals=20 comb_eval=21 comb_feas=20 disagree=5
  logW=324.292 tids=[26]
  logW=315.059 tids=[26]
  logW=312.793 tids=[26]
  logW=312.532 tids=[26]
  logW=312.485 tids=[26]
SCAN scan=194 t=2025-12-10 17:40:27.485000+00:00 det=9 trees=7 leaves=244 clusters=6 comb_eval=25501 comb_feas=137 rebuilt_globals=120 split_clusters=1 split_ops=6 hist_relax_attempts=1 hist_relax_ok=1 hist_relax_keys=2 nscan boundary=188 in_scope=7 committed_now=7 committed_total=40 disagree=22 births cand=3 tracks_created=0 tracks_kept=0 MAP tracks=7 used=6 unused=3 hit_rate=0.68
SCAN_NSCAN_COMMITTED scan=194 t=2025-12-10 17:40:27.485000+00:00 boundary=188 9->node24298@s188, 16->node24451@s188, 17->node24517@s188, 18->node24805@s188, 20->node24870@s188, 26->node24900@s188, 36->node25007@s188

INTERNAL_BIRTH_GUARDRAIL t=2025-12-10 17:40:27.685000+00:00 reason=active leaf count above cap (489>200) residual=1
HIST_RELAX scan=195 cluster=3 track_ids=[18, 20, 36] relaxed_keys=3 relaxed_sample=[(171, 3), (177, 1), (188, 6)] feasible_before=0 feasible_after=77 status=enabled
TRACK_LIFECYCLE mode=map_leaf miss_threshold=7 terminated=[36]

Cluster rebuilds scan=195 t=2025-12-10 17:40:27.685000+00:00:
cluster=0 tracks=[9] globals=20 comb_eval=21 comb_feas=20 disagree=3
  logW=874.211 tids=[9]
  logW=862.301 tids=[9]
  logW=862.102 tids=[9]
  logW=861.993 tids=[9]
  logW=861.977 tids=[9]
cluster=1 tracks=[16] globals=20 comb_eval=21 comb_feas=20 disagree=3
  logW=602.039 tids=[16]
  logW=590.553 tids=[16]
  logW=590.025 tids=[16]
  logW=589.806 tids=[16]
  logW=589.795 tids=[16]
cluster=2 tracks=[17, 26] globals=20 comb_eval=951 comb_feas=30 disagree=2
  logW=980.657 tids=[17, 26]
  logW=977.442 tids=[17, 26]
  logW=972.757 tids=[17, 26]
  logW=971.900 tids=[17, 26]
  logW=969.284 tids=[17, 26]
cluster=3 tracks=[18, 20, 36] globals=20 comb_eval=11784 comb_feas=77 disagree=2
  logW=894.040 tids=[18, 20, 36]
  logW=893.703 tids=[18, 20, 36]
  logW=892.511 tids=[18, 20, 36]
  logW=892.288 tids=[18, 20, 36]
  logW=892.174 tids=[18, 20, 36]
SCAN scan=195 t=2025-12-10 17:40:27.685000+00:00 det=7 trees=6 leaves=69 clusters=4 comb_eval=12777 comb_feas=147 rebuilt_globals=80 split_clusters=0 split_ops=0 hist_relax_attempts=1 hist_relax_ok=1 hist_relax_keys=3 nscan boundary=189 in_scope=7 committed_now=7 committed_total=40 disagree=10 births cand=1 tracks_created=0 tracks_kept=0 MAP tracks=6 used=6 unused=1 hit_rate=0.72
SCAN_NSCAN_COMMITTED scan=195 t=2025-12-10 17:40:27.685000+00:00 boundary=189 9->node25010@s189, 16->node25026@s189, 17->node25040@s189, 18->node25064@s189, 20->node25130@s189, 26->node25154@s189, 36->node25257@s189

Cluster rebuilds scan=196 t=2025-12-10 17:40:27.885000+00:00:
cluster=0 tracks=[9] globals=20 comb_eval=21 comb_feas=20 disagree=4
  logW=883.899 tids=[9]
  logW=871.943 tids=[9]
  logW=871.908 tids=[9]
  logW=871.677 tids=[9]
  logW=871.671 tids=[9]
cluster=1 tracks=[16] globals=20 comb_eval=21 comb_feas=20 disagree=3
  logW=611.614 tids=[16]
  logW=599.828 tids=[16]
  logW=599.736 tids=[16]
  logW=599.590 tids=[16]
  logW=599.423 tids=[16]
cluster=2 tracks=[17] globals=20 comb_eval=20 comb_feas=20 disagree=8
  logW=656.842 tids=[17]
  logW=653.667 tids=[17]
  logW=648.980 tids=[17]
  logW=645.410 tids=[17]
  logW=645.238 tids=[17]
cluster=3 tracks=[18, 20] globals=20 comb_eval=210 comb_feas=37 disagree=0
  logW=922.852 tids=[18, 20]
  logW=921.505 tids=[18, 20]
  logW=914.155 tids=[18, 20]
  logW=912.808 tids=[18, 20]
  logW=912.259 tids=[18, 20]
cluster=4 tracks=[26] globals=12 comb_eval=12 comb_feas=12 disagree=0
  logW=342.896 tids=[26]
  logW=333.519 tids=[26]
  logW=331.543 tids=[26]
  logW=331.230 tids=[26]
  logW=331.194 tids=[26]
SCAN scan=196 t=2025-12-10 17:40:27.885000+00:00 det=6 trees=6 leaves=71 clusters=5 comb_eval=284 comb_feas=109 rebuilt_globals=92 split_clusters=0 split_ops=0 hist_relax_attempts=0 hist_relax_ok=0 hist_relax_keys=0 nscan boundary=190 in_scope=6 committed_now=6 committed_total=40 disagree=15 births cand=0 tracks_created=0 tracks_kept=0 MAP tracks=6 used=6 unused=0 hit_rate=0.72
SCAN_NSCAN_COMMITTED scan=196 t=2025-12-10 17:40:27.885000+00:00 boundary=190 9->node25264@s190, 16->node25292@s190, 17->node25316@s190, 18->node25367@s190, 20->node25433@s190, 26->node25441@s190

Cluster rebuilds scan=197 t=2025-12-10 17:40:28.086000+00:00:
cluster=0 tracks=[9] globals=20 comb_eval=21 comb_feas=20 disagree=2
  logW=893.693 tids=[9]
  logW=881.596 tids=[9]
  logW=881.585 tids=[9]
  logW=881.569 tids=[9]
  logW=881.472 tids=[9]
cluster=1 tracks=[16] globals=20 comb_eval=21 comb_feas=20 disagree=3
  logW=621.421 tids=[16]
  logW=609.519 tids=[16]
  logW=609.412 tids=[16]
  logW=609.360 tids=[16]
  logW=609.312 tids=[16]
cluster=2 tracks=[17] globals=20 comb_eval=21 comb_feas=20 disagree=3
  logW=666.465 tids=[17]
  logW=654.877 tids=[17]
  logW=654.828 tids=[17]
  logW=654.540 tids=[17]
  logW=654.459 tids=[17]
cluster=3 tracks=[18, 20] globals=20 comb_eval=172 comb_feas=32 disagree=10
  logW=940.156 tids=[18, 20]
  logW=938.692 tids=[18, 20]
  logW=932.919 tids=[18, 20]
  logW=931.454 tids=[18, 20]
  logW=930.307 tids=[18, 20]
cluster=4 tracks=[26] globals=20 comb_eval=21 comb_feas=20 disagree=3
  logW=352.438 tids=[26]
  logW=342.762 tids=[26]
  logW=341.215 tids=[26]
  logW=340.804 tids=[26]
  logW=340.593 tids=[26]
SCAN scan=197 t=2025-12-10 17:40:28.086000+00:00 det=6 trees=6 leaves=79 clusters=5 comb_eval=256 comb_feas=112 rebuilt_globals=100 split_clusters=0 split_ops=0 hist_relax_attempts=0 hist_relax_ok=0 hist_relax_keys=0 nscan boundary=191 in_scope=6 committed_now=6 committed_total=40 disagree=21 births cand=0 tracks_created=0 tracks_kept=0 MAP tracks=6 used=6 unused=0 hit_rate=0.72
SCAN_NSCAN_COMMITTED scan=197 t=2025-12-10 17:40:28.086000+00:00 boundary=191 9->node25531@s191, 16->node25565@s191, 17->node25606@s191, 18->node25640@s191, 20->node25840@s191, 26->node25857@s191

Internal births at 2025-12-10 17:40:28.286000+00:00: kept=1
  birth_state=(x=56.5, vx=0.00, y=1.4, vy=0.00)

Cluster rebuilds scan=198 t=2025-12-10 17:40:28.286000+00:00:
cluster=0 tracks=[9] globals=20 comb_eval=21 comb_feas=20 disagree=3
  logW=903.379 tids=[9]
  logW=891.391 tids=[9]
  logW=891.278 tids=[9]
  logW=891.173 tids=[9]
  logW=891.141 tids=[9]
cluster=1 tracks=[16] globals=20 comb_eval=21 comb_feas=20 disagree=4
  logW=631.107 tids=[16]
  logW=619.118 tids=[16]
  logW=619.071 tids=[16]
  logW=619.052 tids=[16]
  logW=619.026 tids=[16]
cluster=2 tracks=[17] globals=20 comb_eval=21 comb_feas=20 disagree=3
  logW=675.158 tids=[17]
  logW=664.163 tids=[17]
  logW=663.586 tids=[17]
  logW=663.464 tids=[17]
  logW=663.405 tids=[17]
cluster=3 tracks=[18, 20] globals=20 comb_eval=80 comb_feas=28 disagree=3
  logW=959.126 tids=[18, 20]
  logW=952.122 tids=[18, 20]
  logW=949.150 tids=[18, 20]
  logW=948.241 tids=[18, 20]
  logW=947.775 tids=[18, 20]
cluster=4 tracks=[26] globals=17 comb_eval=17 comb_feas=17 disagree=3
  logW=350.135 tids=[26]
  logW=340.459 tids=[26]
  logW=338.913 tids=[26]
  logW=338.290 tids=[26]
  logW=338.202 tids=[26]
cluster=5 tracks=[40] globals=1 comb_eval=1 comb_feas=1 disagree=0
  logW=-8.000 tids=[40]
SCAN scan=198 t=2025-12-10 17:40:28.286000+00:00 det=6 trees=7 leaves=78 clusters=6 comb_eval=161 comb_feas=106 rebuilt_globals=98 split_clusters=0 split_ops=0 hist_relax_attempts=0 hist_relax_ok=0 hist_relax_keys=0 nscan boundary=192 in_scope=6 committed_now=6 committed_total=40 disagree=16 births cand=1 tracks_created=1 tracks_kept=1 MAP tracks=7 used=6 unused=0 hit_rate=0.76
SCAN_NSCAN_COMMITTED scan=198 t=2025-12-10 17:40:28.286000+00:00 boundary=192 9->node26091@s192, 16->node26107@s192, 17->node26123@s192, 18->node26173@s192, 20->node26287@s192, 26->node26321@s192

Internal births at 2025-12-10 17:40:28.485000+00:00: kept=2
  birth_state=(x=30.8, vx=0.00, y=-28.0, vy=0.00)
  birth_state=(x=32.0, vx=0.00, y=-30.3, vy=0.00)

Cluster rebuilds scan=199 t=2025-12-10 17:40:28.485000+00:00:
cluster=0 tracks=[9] globals=20 comb_eval=21 comb_feas=20 disagree=4
  logW=913.080 tids=[9]
  logW=901.077 tids=[9]
  logW=901.023 tids=[9]
  logW=900.865 tids=[9]
  logW=900.862 tids=[9]
cluster=1 tracks=[16] globals=20 comb_eval=21 comb_feas=20 disagree=6
  logW=640.427 tids=[16]
  logW=628.805 tids=[16]
  logW=628.400 tids=[16]
  logW=628.382 tids=[16]
  logW=628.353 tids=[16]
cluster=2 tracks=[17] globals=20 comb_eval=21 comb_feas=20 disagree=2
  logW=683.383 tids=[17]
  logW=682.020 tids=[17]
  logW=672.966 tids=[17]
  logW=672.855 tids=[17]
  logW=672.259 tids=[17]
cluster=3 tracks=[18, 20] globals=20 comb_eval=220 comb_feas=36 disagree=0
  logW=976.832 tids=[18, 20]
  logW=973.758 tids=[18, 20]
  logW=970.294 tids=[18, 20]
  logW=967.987 tids=[18, 20]
  logW=967.221 tids=[18, 20]
cluster=4 tracks=[26] globals=14 comb_eval=14 comb_feas=14 disagree=4
  logW=347.833 tids=[26]
  logW=338.157 tids=[26]
  logW=336.610 tids=[26]
  logW=335.988 tids=[26]
  logW=335.748 tids=[26]
cluster=5 tracks=[40] globals=2 comb_eval=2 comb_feas=2 disagree=0
  logW=0.178 tids=[40]
  logW=-10.303 tids=[40]
cluster=6 tracks=[41] globals=1 comb_eval=1 comb_feas=1 disagree=0
  logW=-8.000 tids=[41]
cluster=7 tracks=[42] globals=1 comb_eval=1 comb_feas=1 disagree=0
  logW=-8.000 tids=[42]
SCAN scan=199 t=2025-12-10 17:40:28.485000+00:00 det=11 trees=9 leaves=78 clusters=8 comb_eval=301 comb_feas=114 rebuilt_globals=98 split_clusters=0 split_ops=0 hist_relax_attempts=0 hist_relax_ok=0 hist_relax_keys=0 nscan boundary=193 in_scope=6 committed_now=6 committed_total=40 disagree=16 births cand=3 tracks_created=3 tracks_kept=2 MAP tracks=9 used=8 unused=3 hit_rate=0.82
SCAN_NSCAN_COMMITTED scan=199 t=2025-12-10 17:40:28.485000+00:00 boundary=193 9->node26509@s193, 16->node26537@s193, 17->node26565@s193, 18->node26611@s193, 20->node26734@s193, 26->node26766@s193

Cluster rebuilds scan=200 t=2025-12-10 17:40:28.686000+00:00:
cluster=0 tracks=[9] globals=20 comb_eval=21 comb_feas=20 disagree=1
  logW=922.895 tids=[9]
  logW=910.778 tids=[9]
  logW=910.777 tids=[9]
  logW=910.684 tids=[9]
  logW=910.672 tids=[9]
cluster=1 tracks=[16] globals=20 comb_eval=21 comb_feas=20 disagree=2
  logW=650.221 tids=[16]
  logW=638.269 tids=[16]
  logW=638.150 tids=[16]
  logW=638.132 tids=[16]
  logW=638.125 tids=[16]
cluster=2 tracks=[17] globals=20 comb_eval=21 comb_feas=20 disagree=4
  logW=692.901 tids=[17]
  logW=691.767 tids=[17]
  logW=682.425 tids=[17]
  logW=682.119 tids=[17]
  logW=681.743 tids=[17]
cluster=3 tracks=[18, 20] globals=20 comb_eval=152 comb_feas=35 disagree=2
  logW=995.332 tids=[18, 20]
  logW=992.262 tids=[18, 20]
  logW=988.770 tids=[18, 20]
  logW=985.718 tids=[18, 20]
  logW=985.700 tids=[18, 20]
cluster=4 tracks=[26] globals=20 comb_eval=20 comb_feas=20 disagree=6
  logW=356.846 tids=[26]
  logW=345.530 tids=[26]
  logW=345.299 tids=[26]
  logW=345.121 tids=[26]
  logW=344.795 tids=[26]
cluster=5 tracks=[40] globals=2 comb_eval=2 comb_feas=2 disagree=0
  logW=-2.125 tids=[40]
  logW=-12.605 tids=[40]
cluster=6 tracks=[41] globals=1 comb_eval=1 comb_feas=1 disagree=0
  logW=-10.303 tids=[41]
cluster=7 tracks=[42] globals=1 comb_eval=1 comb_feas=1 disagree=0
  logW=-10.303 tids=[42]
SCAN scan=200 t=2025-12-10 17:40:28.686000+00:00 det=6 trees=9 leaves=88 clusters=8 comb_eval=239 comb_feas=119 rebuilt_globals=104 split_clusters=0 split_ops=0 hist_relax_attempts=0 hist_relax_ok=0 hist_relax_keys=0 nscan boundary=194 in_scope=6 committed_now=6 committed_total=40 disagree=15 births cand=0 tracks_created=0 tracks_kept=0 MAP tracks=9 used=6 unused=0 hit_rate=0.67
SCAN_NSCAN_COMMITTED scan=200 t=2025-12-10 17:40:28.686000+00:00 boundary=194 9->node26984@s194, 16->node27018@s194, 17->node27052@s194, 18->node27123@s194, 20->node27224@s194, 26->node27289@s194

Internal births at 2025-12-10 17:40:28.886000+00:00: kept=1
  birth_state=(x=4.7, vx=0.00, y=-45.1, vy=0.00)

Cluster rebuilds scan=201 t=2025-12-10 17:40:28.886000+00:00:
cluster=0 tracks=[9] globals=20 comb_eval=21 comb_feas=20 disagree=4
  logW=932.686 tids=[9]
  logW=920.592 tids=[9]
  logW=920.478 tids=[9]
  logW=920.466 tids=[9]
  logW=920.439 tids=[9]
cluster=1 tracks=[16] globals=20 comb_eval=21 comb_feas=20 disagree=5
  logW=659.731 tids=[16]
  logW=647.919 tids=[16]
  logW=647.864 tids=[16]
  logW=647.666 tids=[16]
  logW=647.572 tids=[16]
cluster=2 tracks=[17] globals=20 comb_eval=21 comb_feas=20 disagree=2
  logW=702.306 tids=[17]
  logW=701.494 tids=[17]
  logW=691.764 tids=[17]
  logW=691.608 tids=[17]
  logW=691.159 tids=[17]
cluster=3 tracks=[18, 20] globals=20 comb_eval=166 comb_feas=36 disagree=0
  logW=1013.184 tids=[18, 20]
  logW=1009.889 tids=[18, 20]
  logW=1006.493 tids=[18, 20]
  logW=1003.590 tids=[18, 20]
  logW=1003.198 tids=[18, 20]
cluster=4 tracks=[26] globals=20 comb_eval=21 comb_feas=20 disagree=7
  logW=366.479 tids=[26]
  logW=354.941 tids=[26]
  logW=354.752 tids=[26]
  logW=354.601 tids=[26]
  logW=354.543 tids=[26]
cluster=5 tracks=[40] globals=2 comb_eval=2 comb_feas=2 disagree=0
  logW=-4.427 tids=[40]
  logW=-14.908 tids=[40]
cluster=6 tracks=[41, 42] globals=3 comb_eval=6 comb_feas=3 disagree=0
  logW=-15.511 tids=[41, 42]
  logW=-17.269 tids=[41, 42]
  logW=-25.210 tids=[41, 42]
cluster=7 tracks=[43] globals=1 comb_eval=1 comb_feas=1 disagree=0
  logW=-8.000 tids=[43]
SCAN scan=201 t=2025-12-10 17:40:28.886000+00:00 det=8 trees=10 leaves=88 clusters=8 comb_eval=259 comb_feas=122 rebuilt_globals=106 split_clusters=0 split_ops=0 hist_relax_attempts=0 hist_relax_ok=0 hist_relax_keys=0 nscan boundary=195 in_scope=6 committed_now=6 committed_total=40 disagree=18 births cand=1 tracks_created=1 tracks_kept=1 MAP tracks=10 used=8 unused=0 hit_rate=0.69
SCAN_NSCAN_COMMITTED scan=201 t=2025-12-10 17:40:28.886000+00:00 boundary=195 9->node27580@s195, 16->node27616@s195, 17->node27648@s195, 18->node27774@s195, 20->node27872@s195, 26->node27936@s195

Cluster rebuilds scan=202 t=2025-12-10 17:40:29.086000+00:00:
cluster=0 tracks=[9, 16] globals=20 comb_eval=313 comb_feas=30 disagree=3
  logW=1610.468 tids=[9, 16]
  logW=1610.371 tids=[9, 16]
  logW=1599.749 tids=[9, 16]
  logW=1599.072 tids=[9, 16]
  logW=1598.739 tids=[9, 16]
cluster=1 tracks=[17] globals=20 comb_eval=21 comb_feas=20 disagree=2
  logW=711.725 tids=[17]
  logW=710.489 tids=[17]
  logW=709.916 tids=[17]
  logW=709.558 tids=[17]
  logW=701.157 tids=[17]
cluster=2 tracks=[18, 20] globals=20 comb_eval=175 comb_feas=35 disagree=5
  logW=1020.644 tids=[18, 20]
  logW=1016.476 tids=[18, 20]
  logW=1013.953 tids=[18, 20]
  logW=1011.048 tids=[18, 20]
  logW=1009.912 tids=[18, 20]
cluster=3 tracks=[26, 40] globals=20 comb_eval=81 comb_feas=30 disagree=4
  logW=369.519 tids=[26, 40]
  logW=359.039 tids=[26, 40]
  logW=357.616 tids=[26, 40]
  logW=357.599 tids=[26, 40]
  logW=357.446 tids=[26, 40]
cluster=4 tracks=[41, 42] globals=7 comb_eval=12 comb_feas=7 disagree=0
  logW=-10.564 tids=[41, 42]
  logW=-12.542 tids=[41, 42]
  logW=-20.116 tids=[41, 42]
  logW=-20.263 tids=[41, 42]
  logW=-20.483 tids=[41, 42]
cluster=5 tracks=[43] globals=1 comb_eval=1 comb_feas=1 disagree=0
  logW=-10.303 tids=[43]
SCAN scan=202 t=2025-12-10 17:40:29.086000+00:00 det=8 trees=10 leaves=68 clusters=6 comb_eval=603 comb_feas=123 rebuilt_globals=88 split_clusters=0 split_ops=0 hist_relax_attempts=0 hist_relax_ok=0 hist_relax_keys=0 nscan boundary=196 in_scope=6 committed_now=6 committed_total=40 disagree=14 births cand=0 tracks_created=0 tracks_kept=0 MAP tracks=10 used=6 unused=2 hit_rate=0.63
SCAN_NSCAN_COMMITTED scan=202 t=2025-12-10 17:40:29.086000+00:00 boundary=196 9->node28069@s196, 16->node28103@s196, 17->node28137@s196, 18->node28157@s196, 20->node28163@s196, 26->node28197@s196

Cluster rebuilds scan=203 t=2025-12-10 17:40:29.285000+00:00:
cluster=0 tracks=[9] globals=10 comb_eval=10 comb_feas=10 disagree=0
  logW=952.120 tids=[9]
  logW=940.018 tids=[9]
  logW=939.945 tids=[9]
  logW=939.917 tids=[9]
  logW=939.857 tids=[9]
cluster=1 tracks=[16] globals=20 comb_eval=20 comb_feas=20 disagree=0
  logW=677.841 tids=[16]
  logW=677.606 tids=[16]
  logW=667.010 tids=[16]
  logW=666.003 tids=[16]
  logW=665.930 tids=[16]
cluster=2 tracks=[17] globals=20 comb_eval=21 comb_feas=20 disagree=2
  logW=721.123 tids=[17]
  logW=720.098 tids=[17]
  logW=719.353 tids=[17]
  logW=719.228 tids=[17]
  logW=710.474 tids=[17]
cluster=3 tracks=[18, 20, 26, 40] globals=20 comb_eval=6356 comb_feas=100 disagree=2
  logW=1416.793 tids=[18, 20, 26, 40]
  logW=1412.044 tids=[18, 20, 26, 40]
  logW=1410.684 tids=[18, 20, 26, 40]
  logW=1406.312 tids=[18, 20, 26, 40]
  logW=1405.935 tids=[18, 20, 26, 40]
cluster=4 tracks=[41, 42] globals=7 comb_eval=12 comb_feas=7 disagree=0
  logW=-15.169 tids=[41, 42]
  logW=-17.147 tids=[41, 42]
  logW=-24.721 tids=[41, 42]
  logW=-24.868 tids=[41, 42]
  logW=-25.088 tids=[41, 42]
cluster=5 tracks=[43] globals=1 comb_eval=1 comb_feas=1 disagree=0
  logW=-12.605 tids=[43]
SCAN scan=203 t=2025-12-10 17:40:29.285000+00:00 det=6 trees=10 leaves=75 clusters=6 comb_eval=6420 comb_feas=158 rebuilt_globals=78 split_clusters=0 split_ops=0 hist_relax_attempts=0 hist_relax_ok=0 hist_relax_keys=0 nscan boundary=197 in_scope=6 committed_now=6 committed_total=40 disagree=4 births cand=0 tracks_created=0 tracks_kept=0 MAP tracks=10 used=6 unused=0 hit_rate=0.59
SCAN_NSCAN_COMMITTED scan=203 t=2025-12-10 17:40:29.285000+00:00 boundary=197 9->node28209@s197, 16->node28241@s197, 17->node28275@s197, 18->node28299@s197, 20->node28311@s197, 26->node28327@s197
OVERLOAD_SPLIT scan=204 cluster=2 track_ids=[17, 18, 20, 26, 40] projected_before=506880 threshold=500000 split_ops=1 stop=all_components_under_threshold removed_edges=[17-40:1] subclusters=[[17], [18, 20, 26, 40]] projected_after=[36, 14080]

Cluster rebuilds scan=204 t=2025-12-10 17:40:29.485000+00:00:
cluster=0 tracks=[9] globals=20 comb_eval=20 comb_feas=20 disagree=4
  logW=961.798 tids=[9]
  logW=949.818 tids=[9]
  logW=949.614 tids=[9]
  logW=949.609 tids=[9]
  logW=949.588 tids=[9]
cluster=1 tracks=[16] globals=20 comb_eval=21 comb_feas=20 disagree=2
  logW=687.347 tids=[16]
  logW=687.195 tids=[16]
  logW=685.698 tids=[16]
  logW=684.696 tids=[16]
  logW=676.693 tids=[16]
cluster=2 tracks=[17] split_from=2 globals=20 comb_eval=21 comb_feas=20 disagree=4
  logW=730.627 tids=[17]
  logW=729.722 tids=[17]
  logW=728.992 tids=[17]
  logW=728.950 tids=[17]
  logW=719.947 tids=[17]
cluster=3 tracks=[18, 20, 26, 40] split_from=2 globals=20 comb_eval=424 comb_feas=42 disagree=1
  logW=1450.929 tids=[18, 20, 26, 40]
  logW=1446.222 tids=[18, 20, 26, 40]
  logW=1442.549 tids=[18, 20, 26, 40]
  logW=1440.276 tids=[18, 20, 26, 40]
  logW=1440.019 tids=[18, 20, 26, 40]
cluster=4 tracks=[41, 42] globals=13 comb_eval=20 comb_feas=13 disagree=0
  logW=-19.774 tids=[41, 42]
  logW=-21.752 tids=[41, 42]
  logW=-24.314 tids=[41, 42]
  logW=-24.546 tids=[41, 42]
  logW=-24.681 tids=[41, 42]
cluster=5 tracks=[43] globals=1 comb_eval=1 comb_feas=1 disagree=0
  logW=-14.908 tids=[43]
SCAN scan=204 t=2025-12-10 17:40:29.485000+00:00 det=9 trees=10 leaves=114 clusters=6 comb_eval=507 comb_feas=116 rebuilt_globals=94 split_clusters=1 split_ops=1 hist_relax_attempts=0 hist_relax_ok=0 hist_relax_keys=0 nscan boundary=198 in_scope=6 committed_now=6 committed_total=40 disagree=11 births cand=0 tracks_created=0 tracks_kept=0 MAP tracks=10 used=7 unused=2 hit_rate=0.58
SCAN_NSCAN_COMMITTED scan=204 t=2025-12-10 17:40:29.485000+00:00 boundary=198 9->node28351@s198, 16->node28387@s198, 17->node28421@s198, 18->node28455@s198, 20->node28463@s198, 26->node28475@s198
OVERLOAD_SPLIT scan=205 cluster=1 track_ids=[17, 18, 20, 26, 40] projected_before=6773760 threshold=500000 split_ops=2 stop=all_components_under_threshold removed_edges=[20-40:1, 17-40:2] subclusters=[[17], [18, 26, 40], [20]] projected_after=[56, 12096, 10]

Cluster rebuilds scan=205 t=2025-12-10 17:40:29.685000+00:00:
cluster=0 tracks=[9, 16] globals=20 comb_eval=571 comb_feas=41 disagree=1
  logW=1668.601 tids=[9, 16]
  logW=1668.355 tids=[9, 16]
  logW=1666.993 tids=[9, 16]
  logW=1666.746 tids=[9, 16]
  logW=1666.234 tids=[9, 16]
cluster=1 tracks=[17] split_from=1 globals=20 comb_eval=21 comb_feas=20 disagree=12
  logW=739.844 tids=[17]
  logW=739.056 tids=[17]
  logW=738.643 tids=[17]
  logW=738.556 tids=[17]
  logW=729.178 tids=[17]
cluster=2 tracks=[18, 26, 40] split_from=1 globals=20 comb_eval=570 comb_feas=43 disagree=4
  logW=1101.185 tids=[18, 26, 40]
  logW=1096.492 tids=[18, 26, 40]
  logW=1091.133 tids=[18, 26, 40]
  logW=1091.033 tids=[18, 26, 40]
  logW=1090.450 tids=[18, 26, 40]
cluster=3 tracks=[20] split_from=1 globals=10 comb_eval=10 comb_feas=10 disagree=2
  logW=373.925 tids=[20]
  logW=362.528 tids=[20]
  logW=362.133 tids=[20]
  logW=362.016 tids=[20]
  logW=361.901 tids=[20]
cluster=4 tracks=[41, 42] globals=13 comb_eval=20 comb_feas=13 disagree=0
  logW=-24.380 tids=[41, 42]
  logW=-26.357 tids=[41, 42]
  logW=-28.920 tids=[41, 42]
  logW=-29.151 tids=[41, 42]
  logW=-29.286 tids=[41, 42]
cluster=5 tracks=[43] globals=1 comb_eval=1 comb_feas=1 disagree=0
  logW=-17.210 tids=[43]
SCAN scan=205 t=2025-12-10 17:40:29.685000+00:00 det=7 trees=10 leaves=106 clusters=6 comb_eval=1193 comb_feas=128 rebuilt_globals=84 split_clusters=1 split_ops=2 hist_relax_attempts=0 hist_relax_ok=0 hist_relax_keys=0 nscan boundary=199 in_scope=7 committed_now=7 committed_total=41 disagree=19 births cand=0 tracks_created=0 tracks_kept=0 MAP tracks=10 used=6 unused=1 hit_rate=0.57
SCAN_NSCAN_COMMITTED scan=205 t=2025-12-10 17:40:29.685000+00:00 boundary=199 9->node28493@s199, 16->node28527@s199, 17->node28559@s199, 18->node28610@s199, 20->node28626@s199, 26->node28643@s199, 40->node28657@s199
OVERLOAD_SPLIT scan=206 cluster=1 track_ids=[17, 20, 26, 40] projected_before=565248 threshold=500000 split_ops=1 stop=all_components_under_threshold removed_edges=[20-40:1] subclusters=[[17, 26, 40], [20]] projected_after=[35328, 16]

Cluster rebuilds scan=206 t=2025-12-10 17:40:29.885000+00:00:
cluster=0 tracks=[9, 16] globals=20 comb_eval=173 comb_feas=35 disagree=0
  logW=1687.600 tids=[9, 16]
  logW=1687.397 tids=[9, 16]
  logW=1685.455 tids=[9, 16]
  logW=1685.252 tids=[9, 16]
  logW=1684.387 tids=[9, 16]
cluster=1 tracks=[17, 26, 40] split_from=1 globals=20 comb_eval=1783 comb_feas=78 disagree=2
  logW=1165.833 tids=[17, 26, 40]
  logW=1164.146 tids=[17, 26, 40]
  logW=1155.781 tids=[17, 26, 40]
  logW=1155.681 tids=[17, 26, 40]
  logW=1154.726 tids=[17, 26, 40]
cluster=2 tracks=[20] split_from=1 globals=16 comb_eval=16 comb_feas=16 disagree=4
  logW=383.282 tids=[20]
  logW=371.797 tids=[20]
  logW=371.622 tids=[20]
  logW=371.447 tids=[20]
  logW=371.383 tids=[20]
cluster=3 tracks=[18] globals=20 comb_eval=21 comb_feas=20 disagree=4
  logW=700.623 tids=[18]
  logW=689.619 tids=[18]
  logW=689.153 tids=[18]
  logW=688.911 tids=[18]
  logW=688.850 tids=[18]
cluster=4 tracks=[41, 42] globals=13 comb_eval=20 comb_feas=13 disagree=0
  logW=-28.985 tids=[41, 42]
  logW=-30.962 tids=[41, 42]
  logW=-33.525 tids=[41, 42]
  logW=-33.757 tids=[41, 42]
  logW=-33.891 tids=[41, 42]
cluster=5 tracks=[43] globals=1 comb_eval=1 comb_feas=1 disagree=0
  logW=-19.513 tids=[43]
SCAN scan=206 t=2025-12-10 17:40:29.885000+00:00 det=6 trees=10 leaves=141 clusters=6 comb_eval=2014 comb_feas=163 rebuilt_globals=90 split_clusters=1 split_ops=1 hist_relax_attempts=0 hist_relax_ok=0 hist_relax_keys=0 nscan boundary=200 in_scope=9 committed_now=9 committed_total=43 disagree=10 births cand=0 tracks_created=0 tracks_kept=0 MAP tracks=10 used=6 unused=0 hit_rate=0.56
SCAN_NSCAN_COMMITTED scan=206 t=2025-12-10 17:40:29.885000+00:00 boundary=200 9->node28661@s200, 16->node28693@s200, 17->node28721@s200, 18->node28757@s200, 20->node28777@s200, 26->node28789@s200, 40->node28809@s200, 41->node28811@s200, 42->node28812@s200
OVERLOAD_SPLIT scan=207 cluster=1 track_ids=[17, 20, 26, 40] projected_before=1787520 threshold=500000 split_ops=2 stop=all_components_under_threshold removed_edges=[17-26:1, 20-40:1] subclusters=[[17, 26, 40], [20]] projected_after=[148960, 12]

Cluster rebuilds scan=207 t=2025-12-10 17:40:30.085000+00:00:
cluster=0 tracks=[9, 16] globals=20 comb_eval=114 comb_feas=33 disagree=1
  logW=1706.798 tids=[9, 16]
  logW=1706.582 tids=[9, 16]
  logW=1703.878 tids=[9, 16]
  logW=1703.662 tids=[9, 16]
  logW=1702.892 tids=[9, 16]
cluster=1 tracks=[17, 26, 40] split_from=1 globals=20 comb_eval=6646 comb_feas=102 disagree=1
  logW=1181.470 tids=[17, 26, 40]
  logW=1180.131 tids=[17, 26, 40]
  logW=1171.418 tids=[17, 26, 40]
  logW=1171.318 tids=[17, 26, 40]
  logW=1170.896 tids=[17, 26, 40]
cluster=2 tracks=[20] split_from=1 globals=12 comb_eval=12 comb_feas=12 disagree=4
  logW=380.980 tids=[20]
  logW=369.320 tids=[20]
  logW=369.144 tids=[20]
  logW=369.081 tids=[20]
  logW=368.615 tids=[20]
cluster=3 tracks=[18] globals=20 comb_eval=21 comb_feas=20 disagree=5
  logW=709.935 tids=[18]
  logW=698.530 tids=[18]
  logW=698.355 tids=[18]
  logW=698.320 tids=[18]
  logW=698.305 tids=[18]
cluster=4 tracks=[41, 42] globals=13 comb_eval=20 comb_feas=13 disagree=10
  logW=-33.590 tids=[41, 42]
  logW=-35.568 tids=[41, 42]
  logW=-38.130 tids=[41, 42]
  logW=-38.362 tids=[41, 42]
  logW=-38.496 tids=[41, 42]
cluster=5 tracks=[43] globals=1 comb_eval=1 comb_feas=1 disagree=0
  logW=-21.816 tids=[43]
SCAN scan=207 t=2025-12-10 17:40:30.085000+00:00 det=5 trees=10 leaves=195 clusters=6 comb_eval=6814 comb_feas=181 rebuilt_globals=86 split_clusters=1 split_ops=2 hist_relax_attempts=0 hist_relax_ok=0 hist_relax_keys=0 nscan boundary=201 in_scope=9 committed_now=9 committed_total=43 disagree=21 births cand=0 tracks_created=0 tracks_kept=0 MAP tracks=10 used=5 unused=0 hit_rate=0.54
SCAN_NSCAN_COMMITTED scan=207 t=2025-12-10 17:40:30.085000+00:00 boundary=201 9->node28813@s201, 16->node28851@s201, 17->node28887@s201, 18->node28919@s201, 20->node28941@s201, 26->node28953@s201, 40->node28981@s201, 41->node28983@s201, 42->node28986@s201
OVERLOAD_SPLIT scan=208 cluster=1 track_ids=[17, 20, 26, 40, 41, 42] projected_before=390426624 threshold=500000 split_ops=7 stop=all_components_under_threshold removed_edges=[41-42:1, 17-42:2, 20-40:2, 26-42:2, 40-42:2, 17-26:3, 17-40:5] subclusters=[[17], [20], [26, 40], [41], [42]] projected_after=[192, 16, 9078, 2, 7]
TRACK_LIFECYCLE mode=map_leaf miss_threshold=7 terminated=[43]

Cluster rebuilds scan=208 t=2025-12-10 17:40:30.285000+00:00:
cluster=0 tracks=[9, 16] globals=20 comb_eval=98 comb_feas=30 disagree=9
  logW=1725.785 tids=[9, 16]
  logW=1725.681 tids=[9, 16]
  logW=1722.841 tids=[9, 16]
  logW=1722.737 tids=[9, 16]
  logW=1722.026 tids=[9, 16]
cluster=1 tracks=[17] split_from=1 globals=20 comb_eval=21 comb_feas=20 disagree=8
  logW=766.328 tids=[17]
  logW=765.603 tids=[17]
  logW=764.890 tids=[17]
  logW=764.466 tids=[17]
  logW=756.344 tids=[17]
cluster=2 tracks=[20] split_from=1 globals=16 comb_eval=16 comb_feas=16 disagree=0
  logW=390.530 tids=[20]
  logW=378.677 tids=[20]
  logW=378.557 tids=[20]
  logW=378.477 tids=[20]
  logW=378.129 tids=[20]
cluster=3 tracks=[26, 40] split_from=1 globals=20 comb_eval=7535 comb_feas=69 disagree=0
  logW=431.991 tids=[26, 40]
  logW=429.776 tids=[26, 40]
  logW=428.555 tids=[26, 40]
  logW=428.454 tids=[26, 40]
  logW=427.875 tids=[26, 40]
cluster=4 tracks=[41] split_from=1 globals=2 comb_eval=2 comb_feas=2 disagree=0
  logW=-11.117 tids=[41]
  logW=-19.024 tids=[41]
cluster=5 tracks=[42] split_from=1 globals=7 comb_eval=7 comb_feas=7 disagree=5
  logW=-11.912 tids=[42]
  logW=-19.171 tids=[42]
  logW=-21.595 tids=[42]
  logW=-23.711 tids=[42]
  logW=-25.185 tids=[42]
cluster=6 tracks=[18] globals=15 comb_eval=15 comb_feas=15 disagree=1
  logW=707.633 tids=[18]
  logW=696.227 tids=[18]
  logW=696.052 tids=[18]
  logW=696.018 tids=[18]
  logW=696.002 tids=[18]
cluster=7 tracks=[43] globals=1 comb_eval=1 comb_feas=1 disagree=0
  logW=-24.118 tids=[43]
SCAN scan=208 t=2025-12-10 17:40:30.285000+00:00 det=7 trees=9 leaves=299 clusters=8 comb_eval=7695 comb_feas=160 rebuilt_globals=101 split_clusters=1 split_ops=7 hist_relax_attempts=0 hist_relax_ok=0 hist_relax_keys=0 nscan boundary=202 in_scope=10 committed_now=10 committed_total=44 disagree=23 births cand=0 tracks_created=0 tracks_kept=0 MAP tracks=9 used=6 unused=1 hit_rate=0.62
SCAN_NSCAN_COMMITTED scan=208 t=2025-12-10 17:40:30.285000+00:00 boundary=202 9->node28988@s202, 16->node29032@s202, 17->node29076@s202, 18->node29130@s202, 20->node29154@s202, 26->node29161@s202, 40->node29187@s202, 41->node29190@s202, 42->node29194@s202, 43->node29196@s202

INTERNAL_BIRTH_GUARDRAIL t=2025-12-10 17:40:30.486000+00:00 reason=active leaf count above cap (606>200) residual=1
OVERLOAD_SPLIT scan=209 cluster=1 track_ids=[17, 18, 20, 26, 40] projected_before=6738197760 threshold=500000 split_ops=5 stop=all_components_under_threshold removed_edges=[18-20:1, 18-40:2, 17-26:4, 20-40:4, 17-40:6] subclusters=[[17], [18], [20], [26, 40]] projected_after=[192, 42, 35, 23874]
TRACK_LIFECYCLE mode=map_leaf miss_threshold=7 terminated=[42]

Cluster rebuilds scan=209 t=2025-12-10 17:40:30.486000+00:00:
cluster=0 tracks=[9, 16] globals=20 comb_eval=92 comb_feas=28 disagree=0
  logW=1745.428 tids=[9, 16]
  logW=1742.493 tids=[9, 16]
  logW=1741.330 tids=[9, 16]
  logW=1740.817 tids=[9, 16]
  logW=1738.394 tids=[9, 16]
cluster=1 tracks=[17] split_from=1 globals=20 comb_eval=21 comb_feas=20 disagree=2
  logW=775.979 tids=[17]
  logW=774.515 tids=[17]
  logW=765.976 tids=[17]
  logW=764.382 tids=[17]
  logW=764.132 tids=[17]
cluster=2 tracks=[18] split_from=1 globals=20 comb_eval=21 comb_feas=20 disagree=2
  logW=716.763 tids=[18]
  logW=716.694 tids=[18]
  logW=705.411 tids=[18]
  logW=705.357 tids=[18]
  logW=705.330 tids=[18]
cluster=3 tracks=[20] split_from=1 globals=20 comb_eval=21 comb_feas=20 disagree=6
  logW=400.102 tids=[20]
  logW=388.227 tids=[20]
  logW=388.086 tids=[20]
  logW=388.008 tids=[20]
  logW=387.913 tids=[20]
cluster=4 tracks=[26, 40] split_from=1 globals=20 comb_eval=11210 comb_feas=48 disagree=8
  logW=447.590 tids=[26, 40]
  logW=446.593 tids=[26, 40]
  logW=446.535 tids=[26, 40]
  logW=446.119 tids=[26, 40]
  logW=445.884 tids=[26, 40]
cluster=5 tracks=[41, 42] globals=3 comb_eval=6 comb_feas=3 disagree=0
  logW=-34.893 tids=[41, 42]
  logW=-35.541 tids=[41, 42]
  logW=-42.800 tids=[41, 42]
SCAN scan=209 t=2025-12-10 17:40:30.486000+00:00 det=9 trees=8 leaves=352 clusters=6 comb_eval=11371 comb_feas=139 rebuilt_globals=103 split_clusters=1 split_ops=5 hist_relax_attempts=0 hist_relax_ok=0 hist_relax_keys=0 nscan boundary=203 in_scope=9 committed_now=9 committed_total=44 disagree=18 births cand=1 tracks_created=0 tracks_kept=0 MAP tracks=8 used=7 unused=2 hit_rate=0.64
SCAN_NSCAN_COMMITTED scan=209 t=2025-12-10 17:40:30.486000+00:00 boundary=203 9->node29197@s203, 16->node29209@s203, 17->node29227@s203, 18->node29263@s203, 20->node29281@s203, 26->node29293@s203, 40->node29314@s203, 41->node29321@s203, 42->node29325@s203
OVERLOAD_SPLIT scan=210 cluster=1 track_ids=[17, 18, 20, 26, 40] projected_before=26440888320 threshold=500000 split_ops=5 stop=all_components_under_threshold removed_edges=[18-20:2, 18-40:3, 17-26:4, 20-40:6, 17-40:8] subclusters=[[17], [18], [20], [26, 40]] projected_after=[288, 66, 35, 39744]

Cluster rebuilds scan=210 t=2025-12-10 17:40:30.686000+00:00:
cluster=0 tracks=[9, 16] globals=20 comb_eval=138 comb_feas=32 disagree=3
  logW=1764.703 tids=[9, 16]
  logW=1761.802 tids=[9, 16]
  logW=1760.557 tids=[9, 16]
  logW=1759.939 tids=[9, 16]
  logW=1757.656 tids=[9, 16]
cluster=1 tracks=[17] split_from=1 globals=20 comb_eval=21 comb_feas=20 disagree=1
  logW=785.461 tids=[17]
  logW=783.480 tids=[17]
  logW=783.330 tids=[17]
  logW=783.074 tids=[17]
  logW=775.346 tids=[17]
cluster=2 tracks=[18] split_from=1 globals=20 comb_eval=21 comb_feas=20 disagree=7
  logW=726.347 tids=[18]
  logW=726.247 tids=[18]
  logW=714.924 tids=[18]
  logW=714.836 tids=[18]
  logW=714.807 tids=[18]
cluster=3 tracks=[20] split_from=1 globals=20 comb_eval=21 comb_feas=20 disagree=7
  logW=409.625 tids=[20]
  logW=397.800 tids=[20]
  logW=397.629 tids=[20]
  logW=397.588 tids=[20]
  logW=397.472 tids=[20]
cluster=4 tracks=[26, 40] split_from=1 globals=20 comb_eval=8490 comb_feas=39 disagree=13
  logW=466.223 tids=[26, 40]
  logW=463.255 tids=[26, 40]
  logW=463.184 tids=[26, 40]
  logW=463.112 tids=[26, 40]
  logW=462.374 tids=[26, 40]
cluster=5 tracks=[41] globals=2 comb_eval=2 comb_feas=2 disagree=0
  logW=-15.722 tids=[41]
  logW=-23.629 tids=[41]
SCAN scan=210 t=2025-12-10 17:40:30.686000+00:00 det=8 trees=8 leaves=292 clusters=6 comb_eval=8693 comb_feas=133 rebuilt_globals=102 split_clusters=1 split_ops=5 hist_relax_attempts=0 hist_relax_ok=0 hist_relax_keys=0 nscan boundary=204 in_scope=8 committed_now=8 committed_total=44 disagree=31 births cand=0 tracks_created=0 tracks_kept=0 MAP tracks=8 used=7 unused=1 hit_rate=0.65
SCAN_NSCAN_COMMITTED scan=210 t=2025-12-10 17:40:30.686000+00:00 boundary=204 9->node29328@s204, 16->node29354@s204, 17->node29408@s204, 18->node29444@s204, 20->node29460@s204, 26->node29470@s204, 40->node29480@s204, 41->node29489@s204

Cluster rebuilds scan=211 t=2025-12-10 17:40:30.886000+00:00:
cluster=0 tracks=[9, 16] globals=20 comb_eval=140 comb_feas=31 disagree=8
  logW=1783.060 tids=[9, 16]
  logW=1780.169 tids=[9, 16]
  logW=1778.477 tids=[9, 16]
  logW=1772.034 tids=[9, 16]
  logW=1771.319 tids=[9, 16]
cluster=1 tracks=[17, 26, 41] globals=20 comb_eval=3282 comb_feas=35 disagree=1
  logW=1237.627 tids=[17, 26, 41]
  logW=1235.208 tids=[17, 26, 41]
  logW=1235.043 tids=[17, 26, 41]
  logW=1233.833 tids=[17, 26, 41]
  logW=1229.720 tids=[17, 26, 41]
cluster=2 tracks=[18] globals=20 comb_eval=21 comb_feas=20 disagree=4
  logW=734.952 tids=[18]
  logW=734.451 tids=[18]
  logW=724.044 tids=[18]
  logW=723.945 tids=[18]
  logW=723.426 tids=[18]
cluster=3 tracks=[20] globals=16 comb_eval=16 comb_feas=16 disagree=0
  logW=407.322 tids=[20]
  logW=395.497 tids=[20]
  logW=395.326 tids=[20]
  logW=395.169 tids=[20]
  logW=395.045 tids=[20]
cluster=4 tracks=[40] globals=16 comb_eval=16 comb_feas=16 disagree=8
  logW=24.516 tids=[40]
  logW=14.956 tids=[40]
  logW=13.027 tids=[40]
  logW=12.819 tids=[40]
  logW=12.483 tids=[40]
SCAN scan=211 t=2025-12-10 17:40:30.886000+00:00 det=6 trees=8 leaves=71 clusters=5 comb_eval=3475 comb_feas=118 rebuilt_globals=92 split_clusters=0 split_ops=0 hist_relax_attempts=0 hist_relax_ok=0 hist_relax_keys=0 nscan boundary=205 in_scope=8 committed_now=8 committed_total=44 disagree=21 births cand=0 tracks_created=0 tracks_kept=0 MAP tracks=8 used=6 unused=0 hit_rate=0.65
SCAN_NSCAN_COMMITTED scan=211 t=2025-12-10 17:40:30.886000+00:00 boundary=205 9->node29498@s205, 16->node29556@s205, 17->node29589@s205, 18->node29645@s205, 20->node29673@s205, 26->node29683@s205, 40->node29704@s205, 41->node29726@s205

Internal births at 2025-12-10 17:40:31.086000+00:00: kept=1
  birth_state=(x=104.1, vx=0.00, y=-21.3, vy=0.00)

Cluster rebuilds scan=212 t=2025-12-10 17:40:31.086000+00:00:
cluster=0 tracks=[9, 16, 17, 41] globals=20 comb_eval=571 comb_feas=52 disagree=0
  logW=2587.083 tids=[9, 16, 17, 41]
  logW=2586.704 tids=[9, 16, 17, 41]
  logW=2584.875 tids=[9, 16, 17, 41]
  logW=2584.738 tids=[9, 16, 17, 41]
  logW=2584.647 tids=[9, 16, 17, 41]
cluster=1 tracks=[18] globals=20 comb_eval=21 comb_feas=20 disagree=3
  logW=744.759 tids=[18]
  logW=744.086 tids=[18]
  logW=733.484 tids=[18]
  logW=733.200 tids=[18]
  logW=733.092 tids=[18]
cluster=2 tracks=[20] globals=20 comb_eval=21 comb_feas=20 disagree=7
  logW=416.525 tids=[20]
  logW=405.020 tids=[20]
  logW=404.639 tids=[20]
  logW=404.324 tids=[20]
  logW=404.288 tids=[20]
cluster=3 tracks=[26] globals=12 comb_eval=12 comb_feas=12 disagree=2
  logW=469.749 tids=[26]
  logW=458.643 tids=[26]
  logW=458.485 tids=[26]
  logW=458.362 tids=[26]
  logW=458.072 tids=[26]
cluster=4 tracks=[40] globals=16 comb_eval=16 comb_feas=16 disagree=0
  logW=33.997 tids=[40]
  logW=22.639 tids=[40]
  logW=22.214 tids=[40]
  logW=22.009 tids=[40]
  logW=21.853 tids=[40]
cluster=5 tracks=[44] globals=1 comb_eval=1 comb_feas=1 disagree=0
  logW=-8.000 tids=[44]
SCAN scan=212 t=2025-12-10 17:40:31.086000+00:00 det=10 trees=9 leaves=70 clusters=6 comb_eval=642 comb_feas=121 rebuilt_globals=89 split_clusters=0 split_ops=0 hist_relax_attempts=0 hist_relax_ok=0 hist_relax_keys=0 nscan boundary=206 in_scope=8 committed_now=8 committed_total=44 disagree=12 births cand=1 tracks_created=1 tracks_kept=1 MAP tracks=9 used=8 unused=2 hit_rate=0.69
SCAN_NSCAN_COMMITTED scan=212 t=2025-12-10 17:40:31.086000+00:00 boundary=206 9->node29735@s206, 16->node29756@s206, 17->node29768@s206, 18->node29816@s206, 20->node29856@s206, 26->node29872@s206, 40->node29912@s206, 41->node29927@s206

Cluster rebuilds scan=213 t=2025-12-10 17:40:31.286000+00:00:
cluster=0 tracks=[9, 16, 17, 26, 41] globals=20 comb_eval=666 comb_feas=60 disagree=2
  logW=3092.974 tids=[9, 16, 17, 26, 41]
  logW=3092.595 tids=[9, 16, 17, 26, 41]
  logW=3090.767 tids=[9, 16, 17, 26, 41]
  logW=3090.516 tids=[9, 16, 17, 26, 41]
  logW=3090.343 tids=[9, 16, 17, 26, 41]
cluster=1 tracks=[18] globals=20 comb_eval=21 comb_feas=20 disagree=4
  logW=753.878 tids=[18]
  logW=753.201 tids=[18]
  logW=742.962 tids=[18]
  logW=742.485 tids=[18]
  logW=742.456 tids=[18]
cluster=2 tracks=[20] globals=20 comb_eval=21 comb_feas=20 disagree=0
  logW=426.274 tids=[20]
  logW=414.426 tids=[20]
  logW=414.266 tids=[20]
  logW=414.223 tids=[20]
  logW=414.013 tids=[20]
cluster=3 tracks=[40] globals=20 comb_eval=21 comb_feas=20 disagree=0
  logW=43.159 tids=[40]
  logW=31.694 tids=[40]
  logW=31.592 tids=[40]
  logW=31.399 tids=[40]
  logW=31.076 tids=[40]
cluster=4 tracks=[44] globals=2 comb_eval=2 comb_feas=2 disagree=0
  logW=0.751 tids=[44]
  logW=-10.303 tids=[44]
SCAN scan=213 t=2025-12-10 17:40:31.286000+00:00 det=8 trees=9 leaves=72 clusters=5 comb_eval=731 comb_feas=122 rebuilt_globals=82 split_clusters=0 split_ops=0 hist_relax_attempts=0 hist_relax_ok=0 hist_relax_keys=0 nscan boundary=207 in_scope=8 committed_now=8 committed_total=44 disagree=6 births cand=0 tracks_created=0 tracks_kept=0 MAP tracks=9 used=8 unused=0 hit_rate=0.70
SCAN_NSCAN_COMMITTED scan=213 t=2025-12-10 17:40:31.286000+00:00 boundary=207 9->node29936@s207, 16->node29956@s207, 17->node29970@s207, 18->node30050@s207, 20->node30082@s207, 26->node30094@s207, 40->node30155@s207, 41->node30181@s207

Cluster rebuilds scan=214 t=2025-12-10 17:40:31.486000+00:00:
cluster=0 tracks=[9, 16, 17, 26, 41] globals=20 comb_eval=65 comb_feas=21 disagree=17
  logW=3128.294 tids=[9, 16, 17, 26, 41]
  logW=3127.915 tids=[9, 16, 17, 26, 41]
  logW=3126.087 tids=[9, 16, 17, 26, 41]
  logW=3125.703 tids=[9, 16, 17, 26, 41]
  logW=3125.324 tids=[9, 16, 17, 26, 41]
cluster=1 tracks=[18] globals=20 comb_eval=21 comb_feas=20 disagree=0
  logW=762.656 tids=[18]
  logW=762.053 tids=[18]
  logW=751.682 tids=[18]
  logW=751.576 tids=[18]
  logW=751.250 tids=[18]
cluster=2 tracks=[20] globals=20 comb_eval=21 comb_feas=20 disagree=5
  logW=436.038 tids=[20]
  logW=424.019 tids=[20]
  logW=423.971 tids=[20]
  logW=423.969 tids=[20]
  logW=423.791 tids=[20]
cluster=3 tracks=[40] globals=20 comb_eval=21 comb_feas=20 disagree=0
  logW=52.264 tids=[40]
  logW=41.127 tids=[40]
  logW=40.856 tids=[40]
  logW=40.664 tids=[40]
  logW=40.236 tids=[40]
cluster=4 tracks=[44] globals=4 comb_eval=4 comb_feas=4 disagree=0
  logW=7.999 tids=[44]
  logW=-1.551 tids=[44]
  logW=-2.614 tids=[44]
  logW=-12.605 tids=[44]
SCAN scan=214 t=2025-12-10 17:40:31.486000+00:00 det=9 trees=9 leaves=66 clusters=5 comb_eval=132 comb_feas=85 rebuilt_globals=84 split_clusters=0 split_ops=0 hist_relax_attempts=0 hist_relax_ok=0 hist_relax_keys=0 nscan boundary=208 in_scope=8 committed_now=8 committed_total=44 disagree=22 births cand=0 tracks_created=0 tracks_kept=0 MAP tracks=9 used=8 unused=1 hit_rate=0.70
SCAN_NSCAN_COMMITTED scan=214 t=2025-12-10 17:40:31.486000+00:00 boundary=208 9->node30190@s208, 16->node30208@s208, 17->node30222@s208, 18->node30414@s208, 20->node30429@s208, 26->node30445@s208, 40->node30575@s208, 41->node30636@s208

Internal births at 2025-12-10 17:40:31.686000+00:00: kept=1
  birth_state=(x=26.2, vx=0.00, y=-29.4, vy=0.00)
TRACK_LIFECYCLE mode=map_leaf miss_threshold=7 terminated=[41]

Cluster rebuilds scan=215 t=2025-12-10 17:40:31.686000+00:00:
cluster=0 tracks=[9] globals=2 comb_eval=2 comb_feas=2 disagree=0
  logW=1068.575 tids=[9]
  logW=1056.456 tids=[9]
cluster=1 tracks=[16] globals=2 comb_eval=2 comb_feas=2 disagree=0
  logW=792.130 tids=[16]
  logW=780.275 tids=[16]
cluster=2 tracks=[17] globals=6 comb_eval=6 comb_feas=6 disagree=0
  logW=832.448 tids=[17]
  logW=829.444 tids=[17]
  logW=821.569 tids=[17]
  logW=820.648 tids=[17]
  logW=817.518 tids=[17]
cluster=3 tracks=[18] globals=20 comb_eval=21 comb_feas=20 disagree=10
  logW=772.361 tids=[18]
  logW=771.780 tids=[18]
  logW=761.162 tids=[18]
  logW=761.016 tids=[18]
  logW=761.015 tids=[18]
cluster=4 tracks=[20] globals=20 comb_eval=21 comb_feas=20 disagree=5
  logW=444.410 tids=[20]
  logW=433.736 tids=[20]
  logW=432.594 tids=[20]
  logW=432.543 tids=[20]
  logW=432.256 tids=[20]
cluster=5 tracks=[26] globals=2 comb_eval=2 comb_feas=2 disagree=0
  logW=498.235 tids=[26]
  logW=486.638 tids=[26]
cluster=6 tracks=[40] globals=20 comb_eval=21 comb_feas=20 disagree=4
  logW=62.041 tids=[40]
  logW=50.652 tids=[40]
  logW=50.472 tids=[40]
  logW=50.413 tids=[40]
  logW=49.982 tids=[40]
cluster=7 tracks=[41] globals=1 comb_eval=1 comb_feas=1 disagree=0
  logW=-27.235 tids=[41]
cluster=8 tracks=[44] globals=4 comb_eval=4 comb_feas=4 disagree=0
  logW=5.696 tids=[44]
  logW=-3.854 tids=[44]
  logW=-4.917 tids=[44]
  logW=-14.908 tids=[44]
cluster=9 tracks=[45] globals=1 comb_eval=1 comb_feas=1 disagree=0
  logW=-8.000 tids=[45]
SCAN scan=215 t=2025-12-10 17:40:31.686000+00:00 det=8 trees=9 leaves=58 clusters=10 comb_eval=81 comb_feas=78 rebuilt_globals=78 split_clusters=0 split_ops=0 hist_relax_attempts=0 hist_relax_ok=0 hist_relax_keys=0 nscan boundary=209 in_scope=8 committed_now=8 committed_total=44 disagree=19 births cand=1 tracks_created=1 tracks_kept=1 MAP tracks=9 used=8 unused=0 hit_rate=0.77
SCAN_NSCAN_COMMITTED scan=215 t=2025-12-10 17:40:31.686000+00:00 boundary=209 9->node30646@s209, 16->node30654@s209, 17->node30668@s209, 18->node30861@s209, 20->node30902@s209, 26->node30937@s209, 40->node31125@s209, 41->node31248@s209

Cluster rebuilds scan=216 t=2025-12-10 17:40:31.886000+00:00:
cluster=0 tracks=[9] globals=4 comb_eval=4 comb_feas=4 disagree=0
  logW=1078.293 tids=[9]
  logW=1066.272 tids=[9]
  logW=1066.035 tids=[9]
  logW=1054.154 tids=[9]
cluster=1 tracks=[16] globals=4 comb_eval=4 comb_feas=4 disagree=0
  logW=801.826 tids=[16]
  logW=789.885 tids=[16]
  logW=789.828 tids=[16]
  logW=777.972 tids=[16]
cluster=2 tracks=[17] globals=12 comb_eval=12 comb_feas=12 disagree=4
  logW=841.955 tids=[17]
  logW=838.999 tids=[17]
  logW=831.252 tids=[17]
  logW=830.145 tids=[17]
  logW=829.768 tids=[17]
cluster=3 tracks=[18] globals=20 comb_eval=20 comb_feas=20 disagree=2
  logW=781.914 tids=[18]
  logW=770.700 tids=[18]
  logW=770.490 tids=[18]
  logW=770.272 tids=[18]
  logW=770.059 tids=[18]
cluster=4 tracks=[20] globals=20 comb_eval=21 comb_feas=20 disagree=5
  logW=453.840 tids=[20]
  logW=442.288 tids=[20]
  logW=442.118 tids=[20]
  logW=442.107 tids=[20]
  logW=442.098 tids=[20]
cluster=5 tracks=[26] globals=4 comb_eval=4 comb_feas=4 disagree=0
  logW=507.965 tids=[26]
  logW=496.221 tids=[26]
  logW=495.933 tids=[26]
  logW=484.335 tids=[26]
cluster=6 tracks=[40] globals=20 comb_eval=21 comb_feas=20 disagree=5
  logW=71.700 tids=[40]
  logW=60.179 tids=[40]
  logW=60.084 tids=[40]
  logW=60.052 tids=[40]
  logW=59.739 tids=[40]
cluster=7 tracks=[44] globals=8 comb_eval=8 comb_feas=8 disagree=0
  logW=10.858 tids=[44]
  logW=3.717 tids=[44]
  logW=3.394 tids=[44]
  logW=-0.517 tids=[44]
  logW=-6.157 tids=[44]
cluster=8 tracks=[45] globals=1 comb_eval=1 comb_feas=1 disagree=0
  logW=-10.303 tids=[45]
SCAN scan=216 t=2025-12-10 17:40:31.886000+00:00 det=8 trees=9 leaves=77 clusters=9 comb_eval=95 comb_feas=93 rebuilt_globals=93 split_clusters=0 split_ops=0 hist_relax_attempts=0 hist_relax_ok=0 hist_relax_keys=0 nscan boundary=210 in_scope=7 committed_now=7 committed_total=44 disagree=16 births cand=0 tracks_created=0 tracks_kept=0 MAP tracks=9 used=8 unused=0 hit_rate=0.72
SCAN_NSCAN_COMMITTED scan=216 t=2025-12-10 17:40:31.886000+00:00 boundary=210 9->node31252@s210, 16->node31264@s210, 17->node31282@s210, 18->node31572@s210, 20->node31636@s210, 26->node31671@s210, 40->node31809@s210

Internal births at 2025-12-10 17:40:32.086000+00:00: kept=1
  birth_state=(x=30.5, vx=0.00, y=25.6, vy=0.00)

Cluster rebuilds scan=217 t=2025-12-10 17:40:32.086000+00:00:
cluster=0 tracks=[9] globals=8 comb_eval=8 comb_feas=8 disagree=0
  logW=1088.009 tids=[9]
  logW=1075.990 tids=[9]
  logW=1075.881 tids=[9]
  logW=1075.679 tids=[9]
  logW=1063.970 tids=[9]
cluster=1 tracks=[16] globals=8 comb_eval=8 comb_feas=8 disagree=0
  logW=811.205 tids=[16]
  logW=799.524 tids=[16]
  logW=799.221 tids=[16]
  logW=799.164 tids=[16]
  logW=787.582 tids=[16]
cluster=2 tracks=[17] globals=16 comb_eval=16 comb_feas=16 disagree=0
  logW=850.886 tids=[17]
  logW=839.652 tids=[17]
  logW=839.644 tids=[17]
  logW=839.387 tids=[17]
  logW=838.838 tids=[17]
cluster=3 tracks=[18] globals=20 comb_eval=21 comb_feas=20 disagree=5
  logW=791.412 tids=[18]
  logW=780.017 tids=[18]
  logW=780.010 tids=[18]
  logW=779.903 tids=[18]
  logW=779.626 tids=[18]
cluster=4 tracks=[20] globals=15 comb_eval=15 comb_feas=15 disagree=0
  logW=451.537 tids=[20]
  logW=439.985 tids=[20]
  logW=439.815 tids=[20]
  logW=439.805 tids=[20]
  logW=439.796 tids=[20]
cluster=5 tracks=[26] globals=8 comb_eval=8 comb_feas=8 disagree=0
  logW=517.291 tids=[26]
  logW=505.662 tids=[26]
  logW=505.327 tids=[26]
  logW=505.296 tids=[26]
  logW=493.918 tids=[26]
cluster=6 tracks=[40] globals=20 comb_eval=21 comb_feas=20 disagree=2
  logW=81.067 tids=[40]
  logW=69.583 tids=[40]
  logW=69.397 tids=[40]
  logW=69.260 tids=[40]
  logW=69.189 tids=[40]
cluster=7 tracks=[44] globals=8 comb_eval=8 comb_feas=8 disagree=0
  logW=8.555 tids=[44]
  logW=1.415 tids=[44]
  logW=1.091 tids=[44]
  logW=-2.819 tids=[44]
  logW=-8.459 tids=[44]
cluster=8 tracks=[45] globals=1 comb_eval=1 comb_feas=1 disagree=0
  logW=-12.605 tids=[45]
cluster=9 tracks=[46] globals=1 comb_eval=1 comb_feas=1 disagree=0
  logW=-8.000 tids=[46]
SCAN scan=217 t=2025-12-10 17:40:32.086000+00:00 det=7 trees=10 leaves=98 clusters=10 comb_eval=107 comb_feas=105 rebuilt_globals=105 split_clusters=0 split_ops=0 hist_relax_attempts=0 hist_relax_ok=0 hist_relax_keys=0 nscan boundary=211 in_scope=7 committed_now=7 committed_total=44 disagree=7 births cand=1 tracks_created=1 tracks_kept=1 MAP tracks=10 used=7 unused=0 hit_rate=0.72
SCAN_NSCAN_COMMITTED scan=217 t=2025-12-10 17:40:32.086000+00:00 boundary=211 9->node32099@s211, 16->node32113@s211, 17->node32127@s211, 18->node32419@s211, 20->node32499@s211, 26->node32515@s211, 40->node32648@s211

Internal births at 2025-12-10 17:40:32.286000+00:00: kept=1
  birth_state=(x=21.5, vx=0.00, y=-13.8, vy=0.00)

Cluster rebuilds scan=218 t=2025-12-10 17:40:32.286000+00:00:
cluster=0 tracks=[9] globals=16 comb_eval=16 comb_feas=16 disagree=0
  logW=1097.846 tids=[9]
  logW=1085.707 tids=[9]
  logW=1085.640 tids=[9]
  logW=1085.625 tids=[9]
  logW=1085.479 tids=[9]
cluster=1 tracks=[16] globals=16 comb_eval=16 comb_feas=16 disagree=0
  logW=820.941 tids=[16]
  logW=809.116 tids=[16]
  logW=808.908 tids=[16]
  logW=808.902 tids=[16]
  logW=808.782 tids=[16]
cluster=2 tracks=[17] globals=20 comb_eval=21 comb_feas=20 disagree=0
  logW=860.693 tids=[17]
  logW=849.449 tids=[17]
  logW=849.231 tids=[17]
  logW=849.016 tids=[17]
  logW=848.583 tids=[17]
cluster=3 tracks=[18] globals=20 comb_eval=21 comb_feas=20 disagree=1
  logW=801.180 tids=[18]
  logW=789.734 tids=[18]
  logW=789.699 tids=[18]
  logW=789.376 tids=[18]
  logW=789.109 tids=[18]
cluster=4 tracks=[20] globals=20 comb_eval=21 comb_feas=20 disagree=6
  logW=461.099 tids=[20]
  logW=449.383 tids=[20]
  logW=449.350 tids=[20]
  logW=449.320 tids=[20]
  logW=449.235 tids=[20]
cluster=5 tracks=[26] globals=16 comb_eval=16 comb_feas=16 disagree=0
  logW=527.111 tids=[26]
  logW=515.311 tids=[26]
  logW=515.057 tids=[26]
  logW=515.002 tids=[26]
  logW=514.988 tids=[26]
cluster=6 tracks=[40] globals=20 comb_eval=21 comb_feas=20 disagree=4
  logW=90.552 tids=[40]
  logW=78.988 tids=[40]
  logW=78.975 tids=[40]
  logW=78.833 tids=[40]
  logW=78.765 tids=[40]
cluster=7 tracks=[44] globals=8 comb_eval=8 comb_feas=8 disagree=0
  logW=6.253 tids=[44]
  logW=-0.888 tids=[44]
  logW=-1.212 tids=[44]
  logW=-5.122 tids=[44]
  logW=-10.762 tids=[44]
cluster=8 tracks=[45] globals=2 comb_eval=2 comb_feas=2 disagree=0
  logW=-7.800 tids=[45]
  logW=-14.908 tids=[45]
cluster=9 tracks=[46] globals=1 comb_eval=1 comb_feas=1 disagree=0
  logW=-10.303 tids=[46]
cluster=10 tracks=[47] globals=1 comb_eval=1 comb_feas=1 disagree=0
  logW=-8.000 tids=[47]
SCAN scan=218 t=2025-12-10 17:40:32.286000+00:00 det=9 trees=11 leaves=129 clusters=11 comb_eval=144 comb_feas=140 rebuilt_globals=140 split_clusters=0 split_ops=0 hist_relax_attempts=0 hist_relax_ok=0 hist_relax_keys=0 nscan boundary=212 in_scope=7 committed_now=7 committed_total=44 disagree=11 births cand=1 tracks_created=1 tracks_kept=1 MAP tracks=11 used=9 unused=0 hit_rate=0.71
SCAN_NSCAN_COMMITTED scan=218 t=2025-12-10 17:40:32.286000+00:00 boundary=212 9->node32667@s212, 16->node32679@s212, 17->node32693@s212, 18->node32721@s212, 20->node32745@s212, 26->node32777@s212, 40->node32789@s212

Cluster rebuilds scan=219 t=2025-12-10 17:40:32.486000+00:00:
cluster=0 tracks=[9] globals=20 comb_eval=21 comb_feas=20 disagree=0
  logW=1107.602 tids=[9]
  logW=1095.544 tids=[9]
  logW=1095.340 tids=[9]
  logW=1095.311 tids=[9]
  logW=1095.296 tids=[9]
cluster=1 tracks=[16] globals=20 comb_eval=21 comb_feas=20 disagree=0
  logW=830.650 tids=[16]
  logW=818.751 tids=[16]
  logW=818.638 tids=[16]
  logW=818.540 tids=[16]
  logW=818.507 tids=[16]
cluster=2 tracks=[17] globals=20 comb_eval=21 comb_feas=20 disagree=0
  logW=870.237 tids=[17]
  logW=859.073 tids=[17]
  logW=858.919 tids=[17]
  logW=858.390 tids=[17]
  logW=858.332 tids=[17]
cluster=3 tracks=[18] globals=20 comb_eval=21 comb_feas=20 disagree=6
  logW=810.780 tids=[18]
  logW=799.361 tids=[18]
  logW=799.295 tids=[18]
  logW=799.065 tids=[18]
  logW=798.878 tids=[18]
cluster=4 tracks=[20] globals=20 comb_eval=21 comb_feas=20 disagree=4
  logW=470.761 tids=[20]
  logW=458.981 tids=[20]
  logW=458.936 tids=[20]
  logW=458.797 tids=[20]
  logW=458.705 tids=[20]
cluster=5 tracks=[26] globals=20 comb_eval=21 comb_feas=20 disagree=0
  logW=536.118 tids=[26]
  logW=524.808 tids=[26]
  logW=524.557 tids=[26]
  logW=524.169 tids=[26]
  logW=523.908 tids=[26]
cluster=6 tracks=[40] globals=20 comb_eval=21 comb_feas=20 disagree=6
  logW=100.351 tids=[40]
  logW=88.773 tids=[40]
  logW=88.638 tids=[40]
  logW=88.628 tids=[40]
  logW=88.362 tids=[40]
cluster=7 tracks=[44] globals=8 comb_eval=8 comb_feas=8 disagree=4
  logW=3.950 tids=[44]
  logW=-3.191 tids=[44]
  logW=-3.514 tids=[44]
  logW=-7.425 tids=[44]
  logW=-13.064 tids=[44]
cluster=8 tracks=[45] globals=2 comb_eval=2 comb_feas=2 disagree=0
  logW=-10.102 tids=[45]
  logW=-17.210 tids=[45]
cluster=9 tracks=[46] globals=1 comb_eval=1 comb_feas=1 disagree=0
  logW=-12.605 tids=[46]
cluster=10 tracks=[47] globals=1 comb_eval=1 comb_feas=1 disagree=0
  logW=-10.303 tids=[47]
SCAN scan=219 t=2025-12-10 17:40:32.486000+00:00 det=7 trees=11 leaves=132 clusters=11 comb_eval=159 comb_feas=152 rebuilt_globals=152 split_clusters=0 split_ops=0 hist_relax_attempts=0 hist_relax_ok=0 hist_relax_keys=0 nscan boundary=213 in_scope=8 committed_now=8 committed_total=45 disagree=20 births cand=0 tracks_created=0 tracks_kept=0 MAP tracks=11 used=7 unused=0 hit_rate=0.64
SCAN_NSCAN_COMMITTED scan=219 t=2025-12-10 17:40:32.486000+00:00 boundary=213 9->node32813@s213, 16->node32815@s213, 17->node32819@s213, 18->node32841@s213, 20->node32865@s213, 26->node32891@s213, 40->node32911@s213, 44->node32951@s213

INTERNAL_BIRTH_GUARDRAIL t=2025-12-10 17:40:32.686000+00:00 reason=active leaf count above cap (284>200) residual=1

Cluster rebuilds scan=220 t=2025-12-10 17:40:32.686000+00:00:
cluster=0 tracks=[9] globals=20 comb_eval=21 comb_feas=20 disagree=0
  logW=1117.424 tids=[9]
  logW=1105.299 tids=[9]
  logW=1105.223 tids=[9]
  logW=1105.110 tids=[9]
  logW=1105.103 tids=[9]
cluster=1 tracks=[16] globals=20 comb_eval=21 comb_feas=20 disagree=0
  logW=840.056 tids=[16]
  logW=828.347 tids=[16]
  logW=828.087 tids=[16]
  logW=827.992 tids=[16]
  logW=827.986 tids=[16]
cluster=2 tracks=[17] globals=20 comb_eval=21 comb_feas=20 disagree=7
  logW=879.969 tids=[17]
  logW=868.779 tids=[17]
  logW=868.462 tids=[17]
  logW=868.098 tids=[17]
  logW=868.045 tids=[17]
cluster=3 tracks=[18] globals=20 comb_eval=21 comb_feas=20 disagree=3
  logW=820.610 tids=[18]
  logW=820.269 tids=[18]
  logW=818.725 tids=[18]
  logW=809.184 tids=[18]
  logW=808.850 tids=[18]
cluster=4 tracks=[20] globals=20 comb_eval=21 comb_feas=20 disagree=4
  logW=477.149 tids=[20]
  logW=468.458 tids=[20]
  logW=465.628 tids=[20]
  logW=465.548 tids=[20]
  logW=465.509 tids=[20]
cluster=5 tracks=[26] globals=20 comb_eval=21 comb_feas=20 disagree=0
  logW=545.882 tids=[26]
  logW=534.454 tids=[26]
  logW=534.195 tids=[26]
  logW=533.894 tids=[26]
  logW=533.816 tids=[26]
cluster=6 tracks=[40] globals=20 comb_eval=21 comb_feas=20 disagree=5
  logW=110.019 tids=[40]
  logW=98.270 tids=[40]
  logW=98.133 tids=[40]
  logW=98.048 tids=[40]
  logW=98.031 tids=[40]
cluster=7 tracks=[44] globals=4 comb_eval=4 comb_feas=4 disagree=2
  logW=1.648 tids=[44]
  logW=-5.493 tids=[44]
  logW=-5.817 tids=[44]
  logW=-15.367 tids=[44]
cluster=8 tracks=[45] globals=2 comb_eval=2 comb_feas=2 disagree=0
  logW=-12.405 tids=[45]
  logW=-19.513 tids=[45]
cluster=9 tracks=[46] globals=1 comb_eval=1 comb_feas=1 disagree=0
  logW=-14.908 tids=[46]
cluster=10 tracks=[47] globals=1 comb_eval=1 comb_feas=1 disagree=0
  logW=-12.605 tids=[47]
SCAN scan=220 t=2025-12-10 17:40:32.686000+00:00 det=10 trees=11 leaves=127 clusters=11 comb_eval=155 comb_feas=148 rebuilt_globals=148 split_clusters=0 split_ops=0 hist_relax_attempts=0 hist_relax_ok=0 hist_relax_keys=0 nscan boundary=214 in_scope=8 committed_now=8 committed_total=45 disagree=21 births cand=1 tracks_created=0 tracks_kept=0 MAP tracks=11 used=7 unused=3 hit_rate=0.60
SCAN_NSCAN_COMMITTED scan=220 t=2025-12-10 17:40:32.686000+00:00 boundary=214 9->node32953@s214, 16->node32955@s214, 17->node32959@s214, 18->node32979@s214, 20->node32999@s214, 26->node33039@s214, 40->node33045@s214, 44->node33094@s214

Cluster rebuilds scan=221 t=2025-12-10 17:40:32.886000+00:00:
cluster=0 tracks=[9] globals=20 comb_eval=21 comb_feas=20 disagree=2
  logW=1127.262 tids=[9]
  logW=1115.121 tids=[9]
  logW=1114.977 tids=[9]
  logW=1114.973 tids=[9]
  logW=1114.943 tids=[9]
cluster=1 tracks=[16] globals=20 comb_eval=21 comb_feas=20 disagree=5
  logW=849.779 tids=[16]
  logW=837.807 tids=[16]
  logW=837.753 tids=[16]
  logW=837.738 tids=[16]
  logW=837.724 tids=[16]
cluster=2 tracks=[17] globals=20 comb_eval=21 comb_feas=20 disagree=3
  logW=889.730 tids=[17]
  logW=878.123 tids=[17]
  logW=877.883 tids=[17]
  logW=877.794 tids=[17]
  logW=877.667 tids=[17]
cluster=3 tracks=[18] globals=20 comb_eval=21 comb_feas=20 disagree=2
  logW=830.011 tids=[18]
  logW=829.274 tids=[18]
  logW=828.469 tids=[18]
  logW=818.307 tids=[18]
  logW=818.268 tids=[18]
cluster=4 tracks=[20] globals=20 comb_eval=21 comb_feas=20 disagree=6
  logW=486.593 tids=[20]
  logW=477.984 tids=[20]
  logW=475.012 tids=[20]
  logW=474.847 tids=[20]
  logW=474.776 tids=[20]
cluster=5 tracks=[26] globals=20 comb_eval=21 comb_feas=20 disagree=4
  logW=555.586 tids=[26]
  logW=544.089 tids=[26]
  logW=543.808 tids=[26]
  logW=543.598 tids=[26]
  logW=543.579 tids=[26]
cluster=6 tracks=[40] globals=20 comb_eval=21 comb_feas=20 disagree=1
  logW=119.778 tids=[40]
  logW=107.912 tids=[40]
  logW=107.716 tids=[40]
  logW=107.712 tids=[40]
  logW=107.682 tids=[40]
cluster=7 tracks=[44] globals=2 comb_eval=2 comb_feas=2 disagree=0
  logW=-0.655 tids=[44]
  logW=-8.119 tids=[44]
cluster=8 tracks=[45, 47] globals=10 comb_eval=15 comb_feas=10 disagree=0
  logW=-12.494 tids=[45, 47]
  logW=-20.332 tids=[45, 47]
  logW=-20.362 tids=[45, 47]
  logW=-21.777 tids=[45, 47]
  logW=-23.213 tids=[45, 47]
cluster=9 tracks=[46] globals=1 comb_eval=1 comb_feas=1 disagree=0
  logW=-17.210 tids=[46]
SCAN scan=221 t=2025-12-10 17:40:32.886000+00:00 det=9 trees=11 leaves=127 clusters=10 comb_eval=165 comb_feas=153 rebuilt_globals=153 split_clusters=0 split_ops=0 hist_relax_attempts=0 hist_relax_ok=0 hist_relax_keys=0 nscan boundary=215 in_scope=8 committed_now=8 committed_total=45 disagree=23 births cand=0 tracks_created=0 tracks_kept=0 MAP tracks=11 used=9 unused=0 hit_rate=0.62
SCAN_NSCAN_COMMITTED scan=221 t=2025-12-10 17:40:32.886000+00:00 boundary=215 9->node33098@s215, 16->node33100@s215, 17->node33102@s215, 18->node33124@s215, 20->node33148@s215, 26->node33178@s215, 40->node33180@s215, 44->node33221@s215

Cluster rebuilds scan=222 t=2025-12-10 17:40:33.086000+00:00:
cluster=0 tracks=[9] globals=20 comb_eval=21 comb_feas=20 disagree=4
  logW=1136.993 tids=[9]
  logW=1124.960 tids=[9]
  logW=1124.704 tids=[9]
  logW=1124.699 tids=[9]
  logW=1124.678 tids=[9]
cluster=1 tracks=[16] globals=20 comb_eval=21 comb_feas=20 disagree=2
  logW=859.189 tids=[16]
  logW=847.477 tids=[16]
  logW=847.240 tids=[16]
  logW=847.158 tids=[16]
  logW=847.090 tids=[16]
cluster=2 tracks=[17] globals=20 comb_eval=21 comb_feas=20 disagree=5
  logW=899.147 tids=[17]
  logW=887.621 tids=[17]
  logW=887.427 tids=[17]
  logW=887.260 tids=[17]
  logW=887.104 tids=[17]
cluster=3 tracks=[18] globals=18 comb_eval=18 comb_feas=18 disagree=3
  logW=827.708 tids=[18]
  logW=826.972 tids=[18]
  logW=826.166 tids=[18]
  logW=816.004 tids=[18]
  logW=815.966 tids=[18]
cluster=4 tracks=[20] globals=20 comb_eval=21 comb_feas=20 disagree=5
  logW=496.206 tids=[20]
  logW=487.716 tids=[20]
  logW=484.291 tids=[20]
  logW=484.281 tids=[20]
  logW=484.272 tids=[20]
cluster=5 tracks=[26] globals=20 comb_eval=21 comb_feas=20 disagree=2
  logW=565.390 tids=[26]
  logW=553.797 tids=[26]
  logW=553.618 tids=[26]
  logW=553.284 tids=[26]
  logW=553.257 tids=[26]
cluster=6 tracks=[40] globals=20 comb_eval=21 comb_feas=20 disagree=3
  logW=129.239 tids=[40]
  logW=117.476 tids=[40]
  logW=117.438 tids=[40]
  logW=117.230 tids=[40]
  logW=117.035 tids=[40]
cluster=7 tracks=[44] globals=2 comb_eval=2 comb_feas=2 disagree=1
  logW=-2.958 tids=[44]
  logW=-10.422 tids=[44]
cluster=8 tracks=[45, 47] globals=10 comb_eval=15 comb_feas=10 disagree=0
  logW=-17.099 tids=[45, 47]
  logW=-24.937 tids=[45, 47]
  logW=-24.967 tids=[45, 47]
  logW=-26.383 tids=[45, 47]
  logW=-27.818 tids=[45, 47]
cluster=9 tracks=[46] globals=1 comb_eval=1 comb_feas=1 disagree=0
  logW=-19.513 tids=[46]
SCAN scan=222 t=2025-12-10 17:40:33.086000+00:00 det=6 trees=11 leaves=123 clusters=10 comb_eval=162 comb_feas=151 rebuilt_globals=151 split_clusters=0 split_ops=0 hist_relax_attempts=0 hist_relax_ok=0 hist_relax_keys=0 nscan boundary=216 in_scope=9 committed_now=9 committed_total=46 disagree=25 births cand=0 tracks_created=0 tracks_kept=0 MAP tracks=11 used=6 unused=0 hit_rate=0.60
SCAN_NSCAN_COMMITTED scan=222 t=2025-12-10 17:40:33.086000+00:00 boundary=216 9->node33226@s216, 16->node33230@s216, 17->node33234@s216, 18->node33246@s216, 20->node33266@s216, 26->node33296@s216, 40->node33300@s216, 44->node33332@s216, 45->node33340@s216
TRACK_LIFECYCLE mode=map_leaf miss_threshold=7 terminated=[44]

Cluster rebuilds scan=223 t=2025-12-10 17:40:33.286000+00:00:
cluster=0 tracks=[9] globals=20 comb_eval=21 comb_feas=20 disagree=4
  logW=1146.817 tids=[9]
  logW=1134.690 tids=[9]
  logW=1134.587 tids=[9]
  logW=1134.520 tids=[9]
  logW=1134.463 tids=[9]
cluster=1 tracks=[16, 45, 47] globals=20 comb_eval=488 comb_feas=40 disagree=1
  logW=847.305 tids=[16, 45, 47]
  logW=839.467 tids=[16, 45, 47]
  logW=839.437 tids=[16, 45, 47]
  logW=838.021 tids=[16, 45, 47]
  logW=836.585 tids=[16, 45, 47]
cluster=2 tracks=[17] globals=20 comb_eval=21 comb_feas=20 disagree=4
  logW=908.445 tids=[17]
  logW=907.872 tids=[17]
  logW=896.897 tids=[17]
  logW=896.872 tids=[17]
  logW=896.845 tids=[17]
cluster=3 tracks=[18] globals=20 comb_eval=21 comb_feas=20 disagree=2
  logW=837.276 tids=[18]
  logW=836.417 tids=[18]
  logW=835.909 tids=[18]
  logW=835.827 tids=[18]
  logW=835.594 tids=[18]
cluster=4 tracks=[20] globals=20 comb_eval=21 comb_feas=20 disagree=0
  logW=505.895 tids=[20]
  logW=497.506 tids=[20]
  logW=493.932 tids=[20]
  logW=493.903 tids=[20]
  logW=493.677 tids=[20]
cluster=5 tracks=[26] globals=20 comb_eval=21 comb_feas=20 disagree=6
  logW=575.026 tids=[26]
  logW=563.493 tids=[26]
  logW=563.223 tids=[26]
  logW=563.087 tids=[26]
  logW=562.832 tids=[26]
cluster=6 tracks=[40] globals=20 comb_eval=21 comb_feas=20 disagree=4
  logW=138.620 tids=[40]
  logW=127.002 tids=[40]
  logW=126.937 tids=[40]
  logW=126.775 tids=[40]
  logW=126.462 tids=[40]
cluster=7 tracks=[44] globals=1 comb_eval=1 comb_feas=1 disagree=0
  logW=-5.260 tids=[44]
cluster=8 tracks=[46] globals=1 comb_eval=1 comb_feas=1 disagree=0
  logW=-21.816 tids=[46]
SCAN scan=223 t=2025-12-10 17:40:33.286000+00:00 det=9 trees=10 leaves=116 clusters=9 comb_eval=616 comb_feas=162 rebuilt_globals=142 split_clusters=0 split_ops=0 hist_relax_attempts=0 hist_relax_ok=0 hist_relax_keys=0 nscan boundary=217 in_scope=9 committed_now=9 committed_total=46 disagree=21 births cand=0 tracks_created=0 tracks_kept=0 MAP tracks=10 used=7 unused=2 hit_rate=0.62
SCAN_NSCAN_COMMITTED scan=223 t=2025-12-10 17:40:33.286000+00:00 boundary=217 9->node33341@s217, 16->node33349@s217, 17->node33357@s217, 18->node33373@s217, 20->node33409@s217, 26->node33424@s217, 40->node33432@s217, 44->node33462@s217, 45->node33470@s217
OVERLOAD_SPLIT scan=224 cluster=0 track_ids=[9, 16, 17, 45, 47] projected_before=573440 threshold=500000 split_ops=1 stop=all_components_under_threshold removed_edges=[9-47:1] subclusters=[[9], [16, 17, 45, 47]] projected_after=[32, 17920]
TRACK_LIFECYCLE mode=map_leaf miss_threshold=7 terminated=[46]

Cluster rebuilds scan=224 t=2025-12-10 17:40:33.486000+00:00:
cluster=0 tracks=[9] split_from=0 globals=20 comb_eval=21 comb_feas=20 disagree=2
  logW=1156.637 tids=[9]
  logW=1144.514 tids=[9]
  logW=1144.363 tids=[9]
  logW=1144.339 tids=[9]
  logW=1144.326 tids=[9]
cluster=1 tracks=[16, 17, 45, 47] split_from=0 globals=20 comb_eval=795 comb_feas=59 disagree=2
  logW=1770.520 tids=[16, 17, 45, 47]
  logW=1769.558 tids=[16, 17, 45, 47]
  logW=1766.069 tids=[16, 17, 45, 47]
  logW=1765.107 tids=[16, 17, 45, 47]
  logW=1762.682 tids=[16, 17, 45, 47]
cluster=2 tracks=[18, 46] globals=20 comb_eval=74 comb_feas=32 disagree=1
  logW=822.877 tids=[18, 46]
  logW=821.984 tids=[18, 46]
  logW=821.450 tids=[18, 46]
  logW=820.856 tids=[18, 46]
  logW=820.323 tids=[18, 46]
cluster=3 tracks=[20] globals=20 comb_eval=21 comb_feas=20 disagree=3
  logW=515.477 tids=[20]
  logW=515.204 tids=[20]
  logW=507.099 tids=[20]
  logW=506.751 tids=[20]
  logW=503.592 tids=[20]
cluster=4 tracks=[26] globals=20 comb_eval=21 comb_feas=20 disagree=2
  logW=584.653 tids=[26]
  logW=573.042 tids=[26]
  logW=572.723 tids=[26]
  logW=572.689 tids=[26]
  logW=572.339 tids=[26]
cluster=5 tracks=[40] globals=20 comb_eval=21 comb_feas=20 disagree=4
  logW=148.352 tids=[40]
  logW=136.726 tids=[40]
  logW=136.322 tids=[40]
  logW=136.317 tids=[40]
  logW=136.204 tids=[40]
SCAN scan=224 t=2025-12-10 17:40:33.486000+00:00 det=8 trees=9 leaves=146 clusters=6 comb_eval=953 comb_feas=171 rebuilt_globals=120 split_clusters=1 split_ops=1 hist_relax_attempts=0 hist_relax_ok=0 hist_relax_keys=0 nscan boundary=218 in_scope=9 committed_now=9 committed_total=47 disagree=14 births cand=0 tracks_created=0 tracks_kept=0 MAP tracks=9 used=7 unused=1 hit_rate=0.66
SCAN_NSCAN_COMMITTED scan=224 t=2025-12-10 17:40:33.486000+00:00 boundary=218 9->node33472@s218, 16->node33488@s218, 17->node33504@s218, 18->node33536@s218, 20->node33566@s218, 26->node33596@s218, 40->node33612@s218, 45->node33656@s218, 46->node33658@s218

INTERNAL_BIRTH_GUARDRAIL t=2025-12-10 17:40:33.685000+00:00 reason=active leaf count above cap (306>200) residual=2
OVERLOAD_SPLIT scan=225 cluster=0 track_ids=[9, 16, 17, 26, 45, 47] projected_before=81285120 threshold=500000 split_ops=3 stop=all_components_under_threshold removed_edges=[26-47:1, 45-47:1, 9-47:2] subclusters=[[9], [16, 17, 47], [26], [45]] projected_after=[56, 20160, 36, 2]

Cluster rebuilds scan=225 t=2025-12-10 17:40:33.685000+00:00:
cluster=0 tracks=[9] split_from=0 globals=20 comb_eval=21 comb_feas=20 disagree=5
  logW=1166.303 tids=[9]
  logW=1154.335 tids=[9]
  logW=1154.007 tids=[9]
  logW=1153.994 tids=[9]
  logW=1153.993 tids=[9]
cluster=1 tracks=[16, 17, 47] split_from=0 globals=20 comb_eval=1583 comb_feas=64 disagree=2
  logW=1805.942 tids=[16, 17, 47]
  logW=1805.299 tids=[16, 17, 47]
  logW=1800.863 tids=[16, 17, 47]
  logW=1800.220 tids=[16, 17, 47]
  logW=1797.981 tids=[16, 17, 47]
cluster=2 tracks=[26] split_from=0 globals=20 comb_eval=21 comb_feas=20 disagree=7
  logW=594.197 tids=[26]
  logW=582.562 tids=[26]
  logW=582.350 tids=[26]
  logW=582.297 tids=[26]
  logW=582.000 tids=[26]
cluster=3 tracks=[45] split_from=0 globals=2 comb_eval=2 comb_feas=2 disagree=0
  logW=-16.080 tids=[45]
  logW=-23.918 tids=[45]
cluster=4 tracks=[18] globals=20 comb_eval=21 comb_feas=20 disagree=1
  logW=856.756 tids=[18]
  logW=855.831 tids=[18]
  logW=855.332 tids=[18]
  logW=854.254 tids=[18]
  logW=853.809 tids=[18]
cluster=5 tracks=[20] globals=20 comb_eval=21 comb_feas=20 disagree=2
  logW=525.091 tids=[20]
  logW=525.003 tids=[20]
  logW=516.860 tids=[20]
  logW=516.479 tids=[20]
  logW=513.200 tids=[20]
cluster=6 tracks=[40] globals=20 comb_eval=21 comb_feas=20 disagree=2
  logW=158.142 tids=[40]
  logW=146.456 tids=[40]
  logW=146.049 tids=[40]
  logW=145.998 tids=[40]
  logW=145.961 tids=[40]
SCAN scan=225 t=2025-12-10 17:40:33.685000+00:00 det=10 trees=9 leaves=200 clusters=7 comb_eval=1690 comb_feas=166 rebuilt_globals=122 split_clusters=1 split_ops=3 hist_relax_attempts=0 hist_relax_ok=0 hist_relax_keys=0 nscan boundary=219 in_scope=9 committed_now=9 committed_total=48 disagree=19 births cand=2 tracks_created=0 tracks_kept=0 MAP tracks=9 used=7 unused=3 hit_rate=0.67
SCAN_NSCAN_COMMITTED scan=225 t=2025-12-10 17:40:33.685000+00:00 boundary=219 9->node33660@s219, 16->node33692@s219, 17->node33724@s219, 18->node33764@s219, 20->node33802@s219, 26->node33830@s219, 40->node33862@s219, 45->node33902@s219, 47->node33905@s219
OVERLOAD_SPLIT scan=226 cluster=0 track_ids=[9, 16, 17, 26, 45, 47] projected_before=1405747200 threshold=500000 split_ops=4 stop=all_components_under_threshold removed_edges=[9-45:1, 16-45:1, 26-47:2, 9-47:3] subclusters=[[9], [16, 17, 45, 47], [26]] projected_after=[80, 366080, 48]

Cluster rebuilds scan=226 t=2025-12-10 17:40:33.885000+00:00:
cluster=0 tracks=[9] split_from=0 globals=20 comb_eval=21 comb_feas=20 disagree=3
  logW=1175.300 tids=[9]
  logW=1164.001 tids=[9]
  logW=1163.539 tids=[9]
  logW=1162.970 tids=[9]
  logW=1162.921 tids=[9]
cluster=1 tracks=[16, 17, 45, 47] split_from=0 globals=20 comb_eval=13772 comb_feas=109 disagree=0
  logW=1804.360 tids=[16, 17, 45, 47]
  logW=1803.415 tids=[16, 17, 45, 47]
  logW=1803.108 tids=[16, 17, 45, 47]
  logW=1802.162 tids=[16, 17, 45, 47]
  logW=1799.736 tids=[16, 17, 45, 47]
cluster=2 tracks=[26] split_from=0 globals=20 comb_eval=21 comb_feas=20 disagree=3
  logW=603.855 tids=[26]
  logW=591.967 tids=[26]
  logW=591.895 tids=[26]
  logW=591.791 tids=[26]
  logW=591.638 tids=[26]
cluster=3 tracks=[18] globals=20 comb_eval=21 comb_feas=20 disagree=11
  logW=865.396 tids=[18]
  logW=864.456 tids=[18]
  logW=864.095 tids=[18]
  logW=862.705 tids=[18]
  logW=862.021 tids=[18]
cluster=4 tracks=[20] globals=20 comb_eval=21 comb_feas=20 disagree=7
  logW=534.059 tids=[20]
  logW=533.122 tids=[20]
  logW=525.308 tids=[20]
  logW=524.775 tids=[20]
  logW=522.788 tids=[20]
cluster=5 tracks=[40] globals=20 comb_eval=21 comb_feas=20 disagree=3
  logW=167.815 tids=[40]
  logW=156.166 tids=[40]
  logW=155.839 tids=[40]
  logW=155.619 tids=[40]
  logW=155.574 tids=[40]
SCAN scan=226 t=2025-12-10 17:40:33.885000+00:00 det=8 trees=9 leaves=269 clusters=6 comb_eval=13877 comb_feas=209 rebuilt_globals=120 split_clusters=1 split_ops=4 hist_relax_attempts=0 hist_relax_ok=0 hist_relax_keys=0 nscan boundary=220 in_scope=9 committed_now=9 committed_total=48 disagree=27 births cand=0 tracks_created=0 tracks_kept=0 MAP tracks=9 used=7 unused=1 hit_rate=0.67
SCAN_NSCAN_COMMITTED scan=226 t=2025-12-10 17:40:33.885000+00:00 boundary=220 9->node33906@s220, 16->node33946@s220, 17->node33986@s220, 18->node34026@s220, 20->node34082@s220, 26->node34114@s220, 40->node34154@s220, 45->node34186@s220, 47->node34189@s220

INTERNAL_BIRTH_GUARDRAIL t=2025-12-10 17:40:34.086000+00:00 reason=active leaf count above cap (537>200) residual=2
OVERLOAD_SPLIT scan=227 cluster=0 track_ids=[9, 16, 17, 18, 26, 45, 47] projected_before=578829680640 threshold=500000 split_ops=7 stop=all_components_under_threshold removed_edges=[9-16:1, 18-47:1, 16-45:2, 9-45:3, 26-47:3, 17-47:4, 9-47:5] subclusters=[[9], [16, 45, 47], [17], [18], [26]] projected_after=[116, 24064, 144, 18, 80]

Cluster rebuilds scan=227 t=2025-12-10 17:40:34.086000+00:00:
cluster=0 tracks=[9] split_from=0 globals=20 comb_eval=21 comb_feas=20 disagree=3
  logW=1184.910 tids=[9]
  logW=1173.582 tids=[9]
  logW=1172.998 tids=[9]
  logW=1172.920 tids=[9]
  logW=1172.544 tids=[9]
cluster=1 tracks=[16, 45, 47] split_from=0 globals=20 comb_eval=5120 comb_feas=91 disagree=2
  logW=902.402 tids=[16, 45, 47]
  logW=892.683 tids=[16, 45, 47]
  logW=892.658 tids=[16, 45, 47]
  logW=892.344 tids=[16, 45, 47]
  logW=892.120 tids=[16, 45, 47]
cluster=2 tracks=[17] split_from=0 globals=20 comb_eval=21 comb_feas=20 disagree=2
  logW=946.993 tids=[17]
  logW=946.062 tids=[17]
  logW=935.295 tids=[17]
  logW=935.102 tids=[17]
  logW=934.972 tids=[17]
cluster=3 tracks=[18] split_from=0 globals=18 comb_eval=18 comb_feas=18 disagree=2
  logW=872.954 tids=[18]
  logW=870.484 tids=[18]
  logW=869.239 tids=[18]
  logW=867.207 tids=[18]
  logW=863.140 tids=[18]
cluster=4 tracks=[26] split_from=0 globals=20 comb_eval=21 comb_feas=20 disagree=3
  logW=613.306 tids=[26]
  logW=601.553 tids=[26]
  logW=601.481 tids=[26]
  logW=601.178 tids=[26]
  logW=601.161 tids=[26]
cluster=5 tracks=[20] globals=20 comb_eval=21 comb_feas=20 disagree=2
  logW=543.433 tids=[20]
  logW=542.040 tids=[20]
  logW=531.935 tids=[20]
  logW=531.757 tids=[20]
  logW=531.519 tids=[20]
cluster=6 tracks=[40] globals=20 comb_eval=21 comb_feas=20 disagree=3
  logW=177.197 tids=[40]
  logW=165.512 tids=[40]
  logW=165.450 tids=[40]
  logW=165.196 tids=[40]
  logW=165.017 tids=[40]
SCAN scan=227 t=2025-12-10 17:40:34.086000+00:00 det=11 trees=9 leaves=369 clusters=7 comb_eval=5243 comb_feas=209 rebuilt_globals=138 split_clusters=1 split_ops=7 hist_relax_attempts=0 hist_relax_ok=0 hist_relax_keys=0 nscan boundary=221 in_scope=9 committed_now=9 committed_total=48 disagree=17 births cand=2 tracks_created=0 tracks_kept=0 MAP tracks=9 used=7 unused=4 hit_rate=0.69
SCAN_NSCAN_COMMITTED scan=227 t=2025-12-10 17:40:34.086000+00:00 boundary=221 9->node34190@s221, 16->node34230@s221, 17->node34270@s221, 18->node34296@s221, 20->node34330@s221, 26->node34362@s221, 40->node34402@s221, 45->node34435@s221, 47->node34441@s221
OVERLOAD_SPLIT scan=228 cluster=0 track_ids=[9, 16, 17, 18, 26, 40, 45, 47] projected_before=251236765925376 threshold=500000 split_ops=9 stop=all_components_under_threshold removed_edges=[40-47:1, 18-47:2, 9-16:3, 16-45:4, 26-47:4, 9-45:5, 17-47:5, 45-47:6, 9-47:7] subclusters=[[9], [16, 47], [17], [18], [26], [40], [45]] projected_after=[148, 6596, 192, 32, 112, 34, 11]

Cluster rebuilds scan=228 t=2025-12-10 17:40:34.286000+00:00:
cluster=0 tracks=[9] split_from=0 globals=20 comb_eval=21 comb_feas=20 disagree=4
  logW=1194.641 tids=[9]
  logW=1183.320 tids=[9]
  logW=1182.607 tids=[9]
  logW=1182.548 tids=[9]
  logW=1182.439 tids=[9]
cluster=1 tracks=[16, 47] split_from=0 globals=20 comb_eval=1523 comb_feas=42 disagree=1
  logW=920.730 tids=[16, 47]
  logW=918.546 tids=[16, 47]
  logW=917.934 tids=[16, 47]
  logW=917.764 tids=[16, 47]
  logW=912.837 tids=[16, 47]
cluster=2 tracks=[17] split_from=0 globals=20 comb_eval=21 comb_feas=20 disagree=7
  logW=956.782 tids=[17]
  logW=955.806 tids=[17]
  logW=945.073 tids=[17]
  logW=944.833 tids=[17]
  logW=944.729 tids=[17]
cluster=3 tracks=[18] split_from=0 globals=20 comb_eval=21 comb_feas=20 disagree=0
  logW=882.146 tids=[18]
  logW=879.779 tids=[18]
  logW=877.927 tids=[18]
  logW=875.948 tids=[18]
  logW=872.369 tids=[18]
cluster=4 tracks=[26] split_from=0 globals=20 comb_eval=21 comb_feas=20 disagree=1
  logW=622.934 tids=[26]
  logW=611.027 tids=[26]
  logW=611.003 tids=[26]
  logW=610.909 tids=[26]
  logW=610.827 tids=[26]
cluster=5 tracks=[40] split_from=0 globals=20 comb_eval=21 comb_feas=20 disagree=7
  logW=186.881 tids=[40]
  logW=175.109 tids=[40]
  logW=174.903 tids=[40]
  logW=174.894 tids=[40]
  logW=174.854 tids=[40]
cluster=6 tracks=[45] split_from=0 globals=11 comb_eval=11 comb_feas=11 disagree=0
  logW=-13.200 tids=[45]
  logW=-13.268 tids=[45]
  logW=-13.669 tids=[45]
  logW=-14.460 tids=[45]
  logW=-22.169 tids=[45]
cluster=7 tracks=[20] globals=20 comb_eval=21 comb_feas=20 disagree=2
  logW=553.061 tids=[20]
  logW=551.792 tids=[20]
  logW=541.384 tids=[20]
  logW=541.333 tids=[20]
  logW=541.205 tids=[20]
SCAN scan=228 t=2025-12-10 17:40:34.286000+00:00 det=7 trees=9 leaves=450 clusters=8 comb_eval=1660 comb_feas=173 rebuilt_globals=151 split_clusters=1 split_ops=9 hist_relax_attempts=0 hist_relax_ok=0 hist_relax_keys=0 nscan boundary=222 in_scope=9 committed_now=9 committed_total=48 disagree=22 births cand=0 tracks_created=0 tracks_kept=0 MAP tracks=9 used=7 unused=0 hit_rate=0.69
SCAN_NSCAN_COMMITTED scan=228 t=2025-12-10 17:40:34.286000+00:00 boundary=222 9->node34442@s222, 16->node34478@s222, 17->node34508@s222, 18->node34542@s222, 20->node34560@s222, 26->node34588@s222, 40->node34620@s222, 45->node34661@s222, 47->node34667@s222

INTERNAL_BIRTH_GUARDRAIL t=2025-12-10 17:40:34.486000+00:00 reason=active leaf count above cap (858>200) residual=1
OVERLOAD_SPLIT scan=229 cluster=0 track_ids=[9, 16, 17, 18, 26, 40, 45, 47] projected_before=1782910298357760 threshold=500000 split_ops=9 stop=all_components_under_threshold removed_edges=[40-47:2, 18-47:3, 9-16:4, 16-45:5, 26-47:5, 9-45:6, 17-47:6, 45-47:7, 9-47:8] subclusters=[[9], [16, 47], [17], [18], [26], [40], [45]] projected_after=[148, 13390, 192, 64, 128, 44, 13]

Cluster rebuilds scan=229 t=2025-12-10 17:40:34.486000+00:00:
cluster=0 tracks=[9] split_from=0 globals=20 comb_eval=21 comb_feas=20 disagree=3
  logW=1201.159 tids=[9]
  logW=1192.338 tids=[9]
  logW=1189.802 tids=[9]
  logW=1189.663 tids=[9]
  logW=1189.349 tids=[9]
cluster=1 tracks=[16, 47] split_from=0 globals=20 comb_eval=1663 comb_feas=42 disagree=1
  logW=935.224 tids=[16, 47]
  logW=932.267 tids=[16, 47]
  logW=926.935 tids=[16, 47]
  logW=926.707 tids=[16, 47]
  logW=925.996 tids=[16, 47]
cluster=2 tracks=[17] split_from=0 globals=20 comb_eval=21 comb_feas=20 disagree=11
  logW=966.549 tids=[17]
  logW=965.552 tids=[17]
  logW=954.576 tids=[17]
  logW=954.495 tids=[17]
  logW=954.480 tids=[17]
cluster=3 tracks=[18] split_from=0 globals=20 comb_eval=21 comb_feas=20 disagree=9
  logW=891.963 tids=[18]
  logW=889.612 tids=[18]
  logW=887.699 tids=[18]
  logW=885.719 tids=[18]
  logW=881.892 tids=[18]
cluster=4 tracks=[26] split_from=0 globals=20 comb_eval=21 comb_feas=20 disagree=4
  logW=632.694 tids=[26]
  logW=620.798 tids=[26]
  logW=620.658 tids=[26]
  logW=620.631 tids=[26]
  logW=620.573 tids=[26]
cluster=5 tracks=[40] split_from=0 globals=20 comb_eval=21 comb_feas=20 disagree=5
  logW=196.508 tids=[40]
  logW=184.578 tids=[40]
  logW=184.495 tids=[40]
  logW=184.441 tids=[40]
  logW=184.376 tids=[40]
cluster=6 tracks=[45] split_from=0 globals=13 comb_eval=13 comb_feas=13 disagree=0
  logW=-15.503 tids=[45]
  logW=-15.571 tids=[45]
  logW=-15.971 tids=[45]
  logW=-15.992 tids=[45]
  logW=-16.762 tids=[45]
cluster=7 tracks=[20] globals=20 comb_eval=21 comb_feas=20 disagree=2
  logW=562.621 tids=[20]
  logW=561.269 tids=[20]
  logW=550.957 tids=[20]
  logW=550.758 tids=[20]
  logW=550.697 tids=[20]
SCAN scan=229 t=2025-12-10 17:40:34.486000+00:00 det=8 trees=9 leaves=468 clusters=8 comb_eval=1802 comb_feas=175 rebuilt_globals=153 split_clusters=1 split_ops=9 hist_relax_attempts=0 hist_relax_ok=0 hist_relax_keys=0 nscan boundary=223 in_scope=9 committed_now=9 committed_total=48 disagree=35 births cand=1 tracks_created=0 tracks_kept=0 MAP tracks=9 used=6 unused=2 hit_rate=0.69
SCAN_NSCAN_COMMITTED scan=229 t=2025-12-10 17:40:34.486000+00:00 boundary=223 9->node34668@s223, 16->node34700@s223, 17->node34736@s223, 18->node34781@s223, 20->node34826@s223, 26->node34856@s223, 40->node34892@s223, 45->node34928@s223, 47->node34935@s223
OVERLOAD_SPLIT scan=230 cluster=0 track_ids=[9, 16, 17, 18, 26, 40, 45, 47] projected_before=8486339771105280 threshold=500000 split_ops=10 stop=all_components_under_threshold removed_edges=[18-45:1, 40-47:3, 9-16:4, 18-47:5, 16-45:6, 26-47:6, 9-45:7, 17-47:7, 16-47:8, 9-47:9] subclusters=[[9], [16], [17], [18], [26], [40], [45, 47]] projected_after=[183, 133, 128, 120, 128, 64, 2771]

Cluster rebuilds scan=230 t=2025-12-10 17:40:34.686000+00:00:
cluster=0 tracks=[9] split_from=0 globals=20 comb_eval=21 comb_feas=20 disagree=2
  logW=1210.033 tids=[9]
  logW=1201.947 tids=[9]
  logW=1198.857 tids=[9]
  logW=1198.651 tids=[9]
  logW=1197.995 tids=[9]
cluster=1 tracks=[16] split_from=0 globals=20 comb_eval=21 comb_feas=20 disagree=3
  logW=935.251 tids=[16]
  logW=924.485 tids=[16]
  logW=923.412 tids=[16]
  logW=923.315 tids=[16]
  logW=923.157 tids=[16]
cluster=2 tracks=[17] split_from=0 globals=20 comb_eval=21 comb_feas=20 disagree=3
  logW=976.048 tids=[17]
  logW=964.247 tids=[17]
  logW=964.029 tids=[17]
  logW=963.948 tids=[17]
  logW=963.916 tids=[17]
cluster=3 tracks=[18] split_from=0 globals=20 comb_eval=21 comb_feas=20 disagree=2
  logW=901.319 tids=[18]
  logW=901.208 tids=[18]
  logW=897.157 tids=[18]
  logW=896.850 tids=[18]
  logW=891.397 tids=[18]
cluster=4 tracks=[26] split_from=0 globals=20 comb_eval=21 comb_feas=20 disagree=3
  logW=642.307 tids=[26]
  logW=630.440 tids=[26]
  logW=630.392 tids=[26]
  logW=630.116 tids=[26]
  logW=630.110 tids=[26]
cluster=5 tracks=[40] split_from=0 globals=20 comb_eval=21 comb_feas=20 disagree=2
  logW=206.233 tids=[40]
  logW=194.239 tids=[40]
  logW=194.205 tids=[40]
  logW=194.125 tids=[40]
  logW=194.080 tids=[40]
cluster=6 tracks=[45, 47] split_from=0 globals=20 comb_eval=1158 comb_feas=47 disagree=5
  logW=-0.028 tids=[45, 47]
  logW=-0.268 tids=[45, 47]
  logW=-0.336 tids=[45, 47]
  logW=-0.737 tids=[45, 47]
  logW=-0.758 tids=[45, 47]
cluster=7 tracks=[20] globals=20 comb_eval=21 comb_feas=20 disagree=8
  logW=572.244 tids=[20]
  logW=570.846 tids=[20]
  logW=560.632 tids=[20]
  logW=560.369 tids=[20]
  logW=560.318 tids=[20]
SCAN scan=230 t=2025-12-10 17:40:34.686000+00:00 det=9 trees=9 leaves=502 clusters=8 comb_eval=1305 comb_feas=187 rebuilt_globals=160 split_clusters=1 split_ops=10 hist_relax_attempts=0 hist_relax_ok=0 hist_relax_keys=0 nscan boundary=224 in_scope=9 committed_now=9 committed_total=48 disagree=28 births cand=0 tracks_created=0 tracks_kept=0 MAP tracks=9 used=7 unused=2 hit_rate=0.70
SCAN_NSCAN_COMMITTED scan=230 t=2025-12-10 17:40:34.686000+00:00 boundary=224 9->node34936@s224, 16->node34968@s224, 17->node34982@s224, 18->node35014@s224, 20->node35050@s224, 26->node35110@s224, 40->node35138@s224, 45->node35171@s224, 47->node35183@s224

INTERNAL_BIRTH_GUARDRAIL t=2025-12-10 17:40:34.886000+00:00 reason=active leaf count above cap (1086>200) residual=3
OVERLOAD_SPLIT scan=231 cluster=0 track_ids=[9, 16, 18, 45] projected_before=149013504 threshold=500000 split_ops=3 stop=all_components_under_threshold removed_edges=[18-45:2, 9-16:6, 16-45:8] subclusters=[[9, 45], [16], [18]] projected_after=[5106, 152, 192]
OVERLOAD_SPLIT scan=231 cluster=1 track_ids=[17, 26, 40, 47] projected_before=133152768 threshold=500000 split_ops=3 stop=all_components_under_threshold removed_edges=[17-26:1, 17-47:2, 26-47:4] subclusters=[[17], [26], [40, 47]] projected_after=[192, 129, 5376]

Cluster rebuilds scan=231 t=2025-12-10 17:40:34.886000+00:00:
cluster=0 tracks=[9, 45] split_from=0 globals=20 comb_eval=4463 comb_feas=55 disagree=1
  logW=1200.841 tids=[9, 45]
  logW=1199.467 tids=[9, 45]
  logW=1199.458 tids=[9, 45]
  logW=1198.989 tids=[9, 45]
  logW=1196.488 tids=[9, 45]
cluster=1 tracks=[16] split_from=0 globals=20 comb_eval=21 comb_feas=20 disagree=5
  logW=944.820 tids=[16]
  logW=934.203 tids=[16]
  logW=932.955 tids=[16]
  logW=932.949 tids=[16]
  logW=932.709 tids=[16]
cluster=2 tracks=[18] split_from=0 globals=20 comb_eval=21 comb_feas=20 disagree=7
  logW=910.357 tids=[18]
  logW=909.023 tids=[18]
  logW=905.817 tids=[18]
  logW=904.818 tids=[18]
  logW=900.502 tids=[18]
cluster=3 tracks=[17] split_from=1 globals=20 comb_eval=21 comb_feas=20 disagree=3
  logW=985.172 tids=[17]
  logW=984.880 tids=[17]
  logW=973.745 tids=[17]
  logW=973.307 tids=[17]
  logW=973.225 tids=[17]
cluster=4 tracks=[26] split_from=1 globals=20 comb_eval=21 comb_feas=20 disagree=6
  logW=651.768 tids=[26]
  logW=640.004 tids=[26]
  logW=639.869 tids=[26]
  logW=639.756 tids=[26]
  logW=639.590 tids=[26]
cluster=5 tracks=[40, 47] split_from=1 globals=20 comb_eval=3896 comb_feas=65 disagree=2
  logW=212.763 tids=[40, 47]
  logW=212.090 tids=[40, 47]
  logW=209.967 tids=[40, 47]
  logW=208.963 tids=[40, 47]
  logW=208.941 tids=[40, 47]
cluster=6 tracks=[20] globals=20 comb_eval=21 comb_feas=20 disagree=7
  logW=581.457 tids=[20]
  logW=569.942 tids=[20]
  logW=569.793 tids=[20]
  logW=569.688 tids=[20]
  logW=569.447 tids=[20]
SCAN scan=231 t=2025-12-10 17:40:34.886000+00:00 det=11 trees=9 leaves=567 clusters=7 comb_eval=8464 comb_feas=220 rebuilt_globals=140 split_clusters=2 split_ops=6 hist_relax_attempts=0 hist_relax_ok=0 hist_relax_keys=0 nscan boundary=225 in_scope=9 committed_now=9 committed_total=48 disagree=31 births cand=3 tracks_created=0 tracks_kept=0 MAP tracks=9 used=7 unused=4 hit_rate=0.68
SCAN_NSCAN_COMMITTED scan=231 t=2025-12-10 17:40:34.886000+00:00 boundary=225 9->node35185@s225, 16->node35241@s225, 17->node35265@s225, 18->node35321@s225, 20->node35372@s225, 26->node35406@s225, 40->node35442@s225, 45->node35475@s225, 47->node35484@s225

INTERNAL_BIRTH_GUARDRAIL t=2025-12-10 17:40:35.086000+00:00 reason=active leaf count above cap (1065>200) residual=1
OVERLOAD_SPLIT scan=232 cluster=0 track_ids=[9, 16, 18, 20, 45] projected_before=3591020160 threshold=500000 split_ops=4 stop=all_components_under_threshold removed_edges=[18-20:1, 18-45:3, 9-16:7, 16-45:9] subclusters=[[9, 45], [16], [18], [20]] projected_after=[6944, 153, 130, 26]
OVERLOAD_SPLIT scan=232 cluster=1 track_ids=[17, 26, 40, 47] projected_before=100663296 threshold=500000 split_ops=2 stop=all_components_under_threshold removed_edges=[17-47:2, 26-47:3] subclusters=[[17], [26], [40, 47]] projected_after=[192, 128, 4096]

Cluster rebuilds scan=232 t=2025-12-10 17:40:35.086000+00:00:
cluster=0 tracks=[9, 45] split_from=0 globals=20 comb_eval=5484 comb_feas=57 disagree=4
  logW=1207.966 tids=[9, 45]
  logW=1206.875 tids=[9, 45]
  logW=1206.583 tids=[9, 45]
  logW=1206.177 tids=[9, 45]
  logW=1206.114 tids=[9, 45]
cluster=1 tracks=[16] split_from=0 globals=20 comb_eval=21 comb_feas=20 disagree=4
  logW=954.266 tids=[16]
  logW=943.785 tids=[16]
  logW=942.517 tids=[16]
  logW=942.139 tids=[16]
  logW=942.128 tids=[16]
cluster=2 tracks=[18] split_from=0 globals=20 comb_eval=21 comb_feas=20 disagree=4
  logW=908.054 tids=[18]
  logW=906.720 tids=[18]
  logW=904.570 tids=[18]
  logW=898.199 tids=[18]
  logW=897.139 tids=[18]
cluster=3 tracks=[20] split_from=0 globals=20 comb_eval=21 comb_feas=20 disagree=3
  logW=590.029 tids=[20]
  logW=579.154 tids=[20]
  logW=578.622 tids=[20]
  logW=578.131 tids=[20]
  logW=578.068 tids=[20]
cluster=4 tracks=[17] split_from=1 globals=20 comb_eval=21 comb_feas=20 disagree=3
  logW=994.541 tids=[17]
  logW=994.055 tids=[17]
  logW=983.057 tids=[17]
  logW=982.967 tids=[17]
  logW=982.869 tids=[17]
cluster=5 tracks=[26] split_from=1 globals=20 comb_eval=21 comb_feas=20 disagree=3
  logW=661.354 tids=[26]
  logW=649.545 tids=[26]
  logW=649.466 tids=[26]
  logW=649.297 tids=[26]
  logW=649.154 tids=[26]
cluster=6 tracks=[40, 47] split_from=1 globals=20 comb_eval=3616 comb_feas=67 disagree=9
  logW=220.129 tids=[40, 47]
  logW=219.453 tids=[40, 47]
  logW=217.333 tids=[40, 47]
  logW=216.182 tids=[40, 47]
  logW=216.176 tids=[40, 47]
SCAN scan=232 t=2025-12-10 17:40:35.086000+00:00 det=8 trees=9 leaves=526 clusters=7 comb_eval=9205 comb_feas=224 rebuilt_globals=140 split_clusters=2 split_ops=6 hist_relax_attempts=0 hist_relax_ok=0 hist_relax_keys=0 nscan boundary=226 in_scope=9 committed_now=9 committed_total=48 disagree=30 births cand=1 tracks_created=0 tracks_kept=0 MAP tracks=9 used=6 unused=2 hit_rate=0.67
SCAN_NSCAN_COMMITTED scan=232 t=2025-12-10 17:40:35.086000+00:00 boundary=226 9->node35491@s226, 16->node35571@s226, 17->node35611@s226, 18->node35699@s226, 20->node35737@s226, 26->node35773@s226, 40->node35821@s226, 45->node35860@s226, 47->node35869@s226

INTERNAL_BIRTH_GUARDRAIL t=2025-12-10 17:40:35.286000+00:00 reason=active leaf count above cap (1137>200) residual=2
OVERLOAD_SPLIT scan=233 cluster=0 track_ids=[9, 16, 18, 20, 45] projected_before=11531108160 threshold=500000 split_ops=4 stop=all_components_under_threshold removed_edges=[18-20:2, 18-45:5, 9-16:8, 16-45:10] subclusters=[[9, 45], [16], [18], [20]] projected_after=[8296, 162, 195, 44]
OVERLOAD_SPLIT scan=233 cluster=1 track_ids=[17, 26, 40, 47] projected_before=28532736 threshold=500000 split_ops=2 stop=all_components_under_threshold removed_edges=[17-26:1, 17-47:2] subclusters=[[17], [26, 40, 47]] projected_after=[192, 148608]
HIST_RELAX scan=233 cluster=5 track_ids=[26, 40, 47] relaxed_keys=1 relaxed_sample=[(226, 5)] feasible_before=0 feasible_after=96 status=enabled
TRACK_LIFECYCLE mode=map_leaf miss_threshold=7 terminated=[47]

Cluster rebuilds scan=233 t=2025-12-10 17:40:35.286000+00:00:
cluster=0 tracks=[9, 45] split_from=0 globals=20 comb_eval=3938 comb_feas=54 disagree=2
  logW=1221.402 tids=[9, 45]
  logW=1215.101 tids=[9, 45]
  logW=1214.451 tids=[9, 45]
  logW=1214.141 tids=[9, 45]
  logW=1213.805 tids=[9, 45]
cluster=1 tracks=[16] split_from=0 globals=20 comb_eval=21 comb_feas=20 disagree=3
  logW=964.040 tids=[16]
  logW=953.424 tids=[16]
  logW=952.188 tids=[16]
  logW=951.963 tids=[16]
  logW=951.844 tids=[16]
cluster=2 tracks=[18] split_from=0 globals=20 comb_eval=21 comb_feas=20 disagree=4
  logW=917.274 tids=[18]
  logW=915.687 tids=[18]
  logW=915.469 tids=[18]
  logW=915.348 tids=[18]
  logW=913.321 tids=[18]
cluster=3 tracks=[20] split_from=0 globals=20 comb_eval=21 comb_feas=20 disagree=4
  logW=599.831 tids=[20]
  logW=588.578 tids=[20]
  logW=588.389 tids=[20]
  logW=587.931 tids=[20]
  logW=587.872 tids=[20]
cluster=4 tracks=[17] split_from=1 globals=20 comb_eval=21 comb_feas=20 disagree=2
  logW=1004.363 tids=[17]
  logW=1003.423 tids=[17]
  logW=992.736 tids=[17]
  logW=992.679 tids=[17]
  logW=992.238 tids=[17]
cluster=5 tracks=[26, 40, 47] split_from=1 globals=20 comb_eval=98685 comb_feas=96 disagree=7
  logW=887.780 tids=[26, 40, 47]
  logW=886.189 tids=[26, 40, 47]
  logW=886.083 tids=[26, 40, 47]
  logW=885.386 tids=[26, 40, 47]
  logW=885.314 tids=[26, 40, 47]
SCAN scan=233 t=2025-12-10 17:40:35.286000+00:00 det=10 trees=8 leaves=566 clusters=6 comb_eval=102707 comb_feas=230 rebuilt_globals=120 split_clusters=2 split_ops=6 hist_relax_attempts=1 hist_relax_ok=1 hist_relax_keys=1 nscan boundary=227 in_scope=9 committed_now=9 committed_total=48 disagree=22 births cand=2 tracks_created=0 tracks_kept=0 MAP tracks=8 used=7 unused=3 hit_rate=0.72
SCAN_NSCAN_COMMITTED scan=233 t=2025-12-10 17:40:35.286000+00:00 boundary=227 9->node35887@s227, 16->node36003@s227, 17->node36067@s227, 18->node36211@s227, 20->node36229@s227, 26->node36255@s227, 40->node36335@s227, 45->node36376@s227, 47->node36389@s227
OVERLOAD_SPLIT scan=234 cluster=0 track_ids=[9, 16, 18, 45] projected_before=489969984 threshold=500000 split_ops=3 stop=all_components_under_threshold removed_edges=[18-45:7, 9-16:10, 16-45:11] subclusters=[[9, 45], [16], [18]] projected_after=[11328, 167, 259]

Cluster rebuilds scan=234 t=2025-12-10 17:40:35.486000+00:00:
cluster=0 tracks=[9, 45] split_from=0 globals=20 comb_eval=5240 comb_feas=50 disagree=0
  logW=1231.269 tids=[9, 45]
  logW=1231.014 tids=[9, 45]
  logW=1228.932 tids=[9, 45]
  logW=1227.038 tids=[9, 45]
  logW=1225.295 tids=[9, 45]
cluster=1 tracks=[16] split_from=0 globals=20 comb_eval=21 comb_feas=20 disagree=2
  logW=973.772 tids=[16]
  logW=963.207 tids=[16]
  logW=961.737 tids=[16]
  logW=961.736 tids=[16]
  logW=961.592 tids=[16]
cluster=2 tracks=[18] split_from=0 globals=20 comb_eval=21 comb_feas=20 disagree=1
  logW=926.462 tids=[18]
  logW=925.197 tids=[18]
  logW=925.104 tids=[18]
  logW=924.597 tids=[18]
  logW=924.290 tids=[18]
cluster=3 tracks=[17] globals=20 comb_eval=21 comb_feas=20 disagree=2
  logW=1014.066 tids=[17]
  logW=1013.119 tids=[17]
  logW=1002.406 tids=[17]
  logW=1002.402 tids=[17]
  logW=1002.061 tids=[17]
cluster=4 tracks=[20] globals=20 comb_eval=21 comb_feas=20 disagree=2
  logW=609.571 tids=[20]
  logW=598.176 tids=[20]
  logW=597.993 tids=[20]
  logW=597.633 tids=[20]
  logW=597.529 tids=[20]
cluster=5 tracks=[26] globals=20 comb_eval=21 comb_feas=20 disagree=3
  logW=680.915 tids=[26]
  logW=668.886 tids=[26]
  logW=668.869 tids=[26]
  logW=668.797 tids=[26]
  logW=668.774 tids=[26]
cluster=6 tracks=[40] globals=20 comb_eval=21 comb_feas=20 disagree=3
  logW=244.678 tids=[40]
  logW=232.850 tids=[40]
  logW=232.802 tids=[40]
  logW=232.530 tids=[40]
  logW=232.505 tids=[40]
SCAN scan=234 t=2025-12-10 17:40:35.486000+00:00 det=8 trees=8 leaves=422 clusters=7 comb_eval=5366 comb_feas=170 rebuilt_globals=140 split_clusters=1 split_ops=3 hist_relax_attempts=0 hist_relax_ok=0 hist_relax_keys=0 nscan boundary=228 in_scope=8 committed_now=8 committed_total=48 disagree=13 births cand=0 tracks_created=0 tracks_kept=0 MAP tracks=8 used=7 unused=1 hit_rate=0.72
SCAN_NSCAN_COMMITTED scan=234 t=2025-12-10 17:40:35.486000+00:00 boundary=228 9->node36424@s228, 16->node36572@s228, 17->node36669@s228, 18->node36861@s228, 20->node36893@s228, 26->node36929@s228, 40->node37041@s228, 45->node37085@s228

INTERNAL_BIRTH_GUARDRAIL t=2025-12-10 17:40:35.686000+00:00 reason=active leaf count above cap (944>200) residual=1
OVERLOAD_SPLIT scan=235 cluster=0 track_ids=[9, 16, 18, 45] projected_before=717766704 threshold=500000 split_ops=3 stop=all_components_under_threshold removed_edges=[18-45:9, 9-16:10, 16-45:11] subclusters=[[9, 45], [16], [18]] projected_after=[12006, 159, 376]

Cluster rebuilds scan=235 t=2025-12-10 17:40:35.686000+00:00:
cluster=0 tracks=[9, 45] split_from=0 globals=20 comb_eval=4819 comb_feas=52 disagree=5
  logW=1238.368 tids=[9, 45]
  logW=1238.114 tids=[9, 45]
  logW=1236.274 tids=[9, 45]
  logW=1236.031 tids=[9, 45]
  logW=1234.137 tids=[9, 45]
cluster=1 tracks=[16] split_from=0 globals=20 comb_eval=21 comb_feas=20 disagree=7
  logW=983.473 tids=[16]
  logW=972.920 tids=[16]
  logW=971.470 tids=[16]
  logW=971.309 tids=[16]
  logW=971.261 tids=[16]
cluster=2 tracks=[18] split_from=0 globals=20 comb_eval=21 comb_feas=20 disagree=0
  logW=936.219 tids=[18]
  logW=934.597 tids=[18]
  logW=934.474 tids=[18]
  logW=933.951 tids=[18]
  logW=933.419 tids=[18]
cluster=3 tracks=[17] globals=20 comb_eval=21 comb_feas=20 disagree=2
  logW=1023.625 tids=[17]
  logW=1022.774 tids=[17]
  logW=1012.034 tids=[17]
  logW=1011.944 tids=[17]
  logW=1011.763 tids=[17]
cluster=4 tracks=[20] globals=20 comb_eval=21 comb_feas=20 disagree=3
  logW=617.424 tids=[20]
  logW=607.269 tids=[20]
  logW=606.338 tids=[20]
  logW=605.823 tids=[20]
  logW=605.810 tids=[20]
cluster=5 tracks=[26] globals=20 comb_eval=21 comb_feas=20 disagree=1
  logW=690.693 tids=[26]
  logW=678.655 tids=[26]
  logW=678.612 tids=[26]
  logW=678.550 tids=[26]
  logW=678.544 tids=[26]
cluster=6 tracks=[40] globals=20 comb_eval=21 comb_feas=20 disagree=4
  logW=254.254 tids=[40]
  logW=242.422 tids=[40]
  logW=242.376 tids=[40]
  logW=242.189 tids=[40]
  logW=242.141 tids=[40]
SCAN scan=235 t=2025-12-10 17:40:35.686000+00:00 det=10 trees=8 leaves=546 clusters=7 comb_eval=4945 comb_feas=172 rebuilt_globals=140 split_clusters=1 split_ops=3 hist_relax_attempts=0 hist_relax_ok=0 hist_relax_keys=0 nscan boundary=229 in_scope=8 committed_now=8 committed_total=48 disagree=22 births cand=1 tracks_created=0 tracks_kept=0 MAP tracks=8 used=7 unused=3 hit_rate=0.72
SCAN_NSCAN_COMMITTED scan=235 t=2025-12-10 17:40:35.686000+00:00 boundary=229 9->node37154@s229, 16->node37302@s229, 17->node37432@s229, 18->node37624@s229, 20->node37688@s229, 26->node37724@s229, 40->node37852@s229, 45->node37908@s229

INTERNAL_BIRTH_GUARDRAIL t=2025-12-10 17:40:35.886000+00:00 reason=active leaf count above cap (943>200) residual=1
OVERLOAD_SPLIT scan=236 cluster=0 track_ids=[9, 16, 18, 45] projected_before=858823392 threshold=500000 split_ops=3 stop=all_components_under_threshold removed_edges=[18-45:10, 9-16:11, 16-45:11] subclusters=[[9, 45], [16], [18]] projected_after=[13359, 164, 392]

Cluster rebuilds scan=236 t=2025-12-10 17:40:35.886000+00:00:
cluster=0 tracks=[9, 45] split_from=0 globals=20 comb_eval=3565 comb_feas=51 disagree=6
  logW=1233.763 tids=[9, 45]
  logW=1233.508 tids=[9, 45]
  logW=1231.757 tids=[9, 45]
  logW=1231.668 tids=[9, 45]
  logW=1231.426 tids=[9, 45]
cluster=1 tracks=[16] split_from=0 globals=20 comb_eval=21 comb_feas=20 disagree=2
  logW=993.134 tids=[16]
  logW=981.170 tids=[16]
  logW=981.016 tids=[16]
  logW=980.989 tids=[16]
  logW=980.904 tids=[16]
cluster=2 tracks=[18] split_from=0 globals=20 comb_eval=21 comb_feas=20 disagree=12
  logW=943.625 tids=[18]
  logW=943.597 tids=[18]
  logW=943.298 tids=[18]
  logW=942.046 tids=[18]
  logW=941.830 tids=[18]
cluster=3 tracks=[17] globals=20 comb_eval=21 comb_feas=20 disagree=3
  logW=1033.376 tids=[17]
  logW=1032.402 tids=[17]
  logW=1021.740 tids=[17]
  logW=1021.713 tids=[17]
  logW=1021.364 tids=[17]
cluster=4 tracks=[20] globals=17 comb_eval=17 comb_feas=17 disagree=4
  logW=615.121 tids=[20]
  logW=604.966 tids=[20]
  logW=604.036 tids=[20]
  logW=603.521 tids=[20]
  logW=603.508 tids=[20]
cluster=5 tracks=[26] globals=20 comb_eval=21 comb_feas=20 disagree=5
  logW=700.426 tids=[26]
  logW=688.410 tids=[26]
  logW=688.390 tids=[26]
  logW=688.284 tids=[26]
  logW=688.248 tids=[26]
cluster=6 tracks=[40] globals=16 comb_eval=16 comb_feas=16 disagree=2
  logW=251.952 tids=[40]
  logW=240.120 tids=[40]
  logW=240.073 tids=[40]
  logW=239.886 tids=[40]
  logW=239.839 tids=[40]
SCAN scan=236 t=2025-12-10 17:40:35.886000+00:00 det=6 trees=8 leaves=368 clusters=7 comb_eval=3682 comb_feas=164 rebuilt_globals=133 split_clusters=1 split_ops=3 hist_relax_attempts=0 hist_relax_ok=0 hist_relax_keys=0 nscan boundary=230 in_scope=8 committed_now=8 committed_total=48 disagree=34 births cand=1 tracks_created=0 tracks_kept=0 MAP tracks=8 used=4 unused=2 hit_rate=0.72
SCAN_NSCAN_COMMITTED scan=236 t=2025-12-10 17:40:35.886000+00:00 boundary=230 9->node38012@s230, 16->node38195@s230, 17->node38328@s230, 18->node38457@s230, 20->node38576@s230, 26->node38612@s230, 40->node38740@s230, 45->node38820@s230

INTERNAL_BIRTH_GUARDRAIL t=2025-12-10 17:40:36.086000+00:00 reason=active leaf count above cap (683>200) residual=1
OVERLOAD_SPLIT scan=237 cluster=0 track_ids=[9, 16, 18, 20, 45] projected_before=4711449600 threshold=500000 split_ops=5 stop=all_components_under_threshold removed_edges=[18-20:1, 20-45:1, 18-45:8, 9-16:9, 16-45:10] subclusters=[[9, 45], [16], [18], [20]] projected_after=[11440, 143, 192, 15]

Cluster rebuilds scan=237 t=2025-12-10 17:40:36.086000+00:00:
cluster=0 tracks=[9, 45] split_from=0 globals=20 comb_eval=2705 comb_feas=46 disagree=2
  logW=1247.954 tids=[9, 45]
  logW=1241.105 tids=[9, 45]
  logW=1240.851 tids=[9, 45]
  logW=1240.767 tids=[9, 45]
  logW=1239.099 tids=[9, 45]
cluster=1 tracks=[16] split_from=0 globals=20 comb_eval=21 comb_feas=20 disagree=3
  logW=1002.810 tids=[16]
  logW=990.831 tids=[16]
  logW=990.801 tids=[16]
  logW=990.640 tids=[16]
  logW=990.568 tids=[16]
cluster=2 tracks=[18] split_from=0 globals=20 comb_eval=21 comb_feas=20 disagree=1
  logW=950.150 tids=[18]
  logW=948.664 tids=[18]
  logW=947.794 tids=[18]
  logW=947.652 tids=[18]
  logW=945.872 tids=[18]
cluster=3 tracks=[20] split_from=0 globals=15 comb_eval=15 comb_feas=15 disagree=3
  logW=612.818 tids=[20]
  logW=602.663 tids=[20]
  logW=601.733 tids=[20]
  logW=601.205 tids=[20]
  logW=600.552 tids=[20]
cluster=4 tracks=[17] globals=20 comb_eval=21 comb_feas=20 disagree=13
  logW=1043.076 tids=[17]
  logW=1042.116 tids=[17]
  logW=1031.437 tids=[17]
  logW=1031.074 tids=[17]
  logW=1031.012 tids=[17]
cluster=5 tracks=[26] globals=20 comb_eval=21 comb_feas=20 disagree=6
  logW=710.197 tids=[26]
  logW=698.168 tids=[26]
  logW=698.123 tids=[26]
  logW=698.054 tids=[26]
  logW=697.949 tids=[26]
cluster=6 tracks=[40] globals=20 comb_eval=21 comb_feas=20 disagree=4
  logW=261.618 tids=[40]
  logW=249.649 tids=[40]
  logW=249.628 tids=[40]
  logW=249.539 tids=[40]
  logW=249.523 tids=[40]
SCAN scan=237 t=2025-12-10 17:40:36.086000+00:00 det=8 trees=8 leaves=361 clusters=7 comb_eval=2825 comb_feas=161 rebuilt_globals=135 split_clusters=1 split_ops=5 hist_relax_attempts=0 hist_relax_ok=0 hist_relax_keys=0 nscan boundary=231 in_scope=8 committed_now=8 committed_total=48 disagree=32 births cand=1 tracks_created=0 tracks_kept=0 MAP tracks=8 used=6 unused=2 hit_rate=0.72
SCAN_NSCAN_COMMITTED scan=237 t=2025-12-10 17:40:36.086000+00:00 boundary=231 9->node38984@s231, 16->node39206@s231, 17->node39359@s231, 18->node39552@s231, 20->node39742@s231, 26->node39766@s231, 40->node39895@s231, 45->node40013@s231

INTERNAL_BIRTH_GUARDRAIL t=2025-12-10 17:40:36.286000+00:00 reason=active leaf count above cap (699>200) residual=1
OVERLOAD_SPLIT scan=238 cluster=0 track_ids=[9, 16, 18, 20, 45] projected_before=8868714624 threshold=500000 split_ops=5 stop=all_components_under_threshold removed_edges=[18-20:2, 20-45:2, 9-16:9, 16-45:9, 18-45:9] subclusters=[[9, 45], [16], [18], [20]] projected_after=[13662, 138, 196, 24]

Cluster rebuilds scan=238 t=2025-12-10 17:40:36.286000+00:00:
cluster=0 tracks=[9, 45] split_from=0 globals=20 comb_eval=2643 comb_feas=45 disagree=5
  logW=1255.904 tids=[9, 45]
  logW=1255.154 tids=[9, 45]
  logW=1248.304 tids=[9, 45]
  logW=1248.050 tids=[9, 45]
  logW=1247.967 tids=[9, 45]
cluster=1 tracks=[16] split_from=0 globals=20 comb_eval=21 comb_feas=20 disagree=4
  logW=1012.566 tids=[16]
  logW=1000.507 tids=[16]
  logW=1000.494 tids=[16]
  logW=1000.396 tids=[16]
  logW=1000.385 tids=[16]
cluster=2 tracks=[18] split_from=0 globals=20 comb_eval=21 comb_feas=20 disagree=0
  logW=958.430 tids=[18]
  logW=957.499 tids=[18]
  logW=956.732 tids=[18]
  logW=956.422 tids=[18]
  logW=955.078 tids=[18]
cluster=3 tracks=[20] split_from=0 globals=20 comb_eval=21 comb_feas=20 disagree=6
  logW=622.177 tids=[20]
  logW=611.207 tids=[20]
  logW=611.132 tids=[20]
  logW=610.532 tids=[20]
  logW=610.516 tids=[20]
cluster=4 tracks=[17] globals=14 comb_eval=14 comb_feas=14 disagree=2
  logW=1052.687 tids=[17]
  logW=1040.773 tids=[17]
  logW=1040.683 tids=[17]
  logW=1040.464 tids=[17]
  logW=1040.450 tids=[17]
cluster=5 tracks=[26] globals=20 comb_eval=21 comb_feas=20 disagree=4
  logW=719.594 tids=[26]
  logW=707.894 tids=[26]
  logW=707.507 tids=[26]
  logW=707.395 tids=[26]
  logW=707.330 tids=[26]
cluster=6 tracks=[40] globals=20 comb_eval=21 comb_feas=20 disagree=6
  logW=270.958 tids=[40]
  logW=259.315 tids=[40]
  logW=259.072 tids=[40]
  logW=258.850 tids=[40]
  logW=258.841 tids=[40]
SCAN scan=238 t=2025-12-10 17:40:36.286000+00:00 det=8 trees=8 leaves=418 clusters=7 comb_eval=2762 comb_feas=159 rebuilt_globals=134 split_clusters=1 split_ops=5 hist_relax_attempts=0 hist_relax_ok=0 hist_relax_keys=0 nscan boundary=232 in_scope=8 committed_now=8 committed_total=48 disagree=27 births cand=1 tracks_created=0 tracks_kept=0 MAP tracks=8 used=7 unused=1 hit_rate=0.72
SCAN_NSCAN_COMMITTED scan=238 t=2025-12-10 17:40:36.286000+00:00 boundary=232 9->node40070@s232, 16->node40318@s232, 17->node40473@s232, 18->node40666@s232, 20->node40793@s232, 26->node40819@s232, 40->node40947@s232, 45->node41102@s232

INTERNAL_BIRTH_GUARDRAIL t=2025-12-10 17:40:36.486000+00:00 reason=active leaf count above cap (817>200) residual=1
OVERLOAD_SPLIT scan=239 cluster=0 track_ids=[9, 16, 18, 20, 45] projected_before=12987442944 threshold=500000 split_ops=5 stop=all_components_under_threshold removed_edges=[20-45:3, 18-20:4, 9-16:8, 9-45:10, 16-45:10] subclusters=[[9], [16], [18, 45], [20]] projected_after=[98, 144, 27068, 34]

Cluster rebuilds scan=239 t=2025-12-10 17:40:36.486000+00:00:
cluster=0 tracks=[9] split_from=0 globals=20 comb_eval=21 comb_feas=20 disagree=6
  logW=1284.227 tids=[9]
  logW=1272.246 tids=[9]
  logW=1272.208 tids=[9]
  logW=1272.207 tids=[9]
  logW=1272.099 tids=[9]
cluster=1 tracks=[16] split_from=0 globals=20 comb_eval=21 comb_feas=20 disagree=3
  logW=1022.289 tids=[16]
  logW=1010.263 tids=[16]
  logW=1010.200 tids=[16]
  logW=1010.027 tids=[16]
  logW=1010.008 tids=[16]
cluster=2 tracks=[18, 45] split_from=0 globals=20 comb_eval=1683 comb_feas=32 disagree=9
  logW=955.215 tids=[18, 45]
  logW=954.422 tids=[18, 45]
  logW=953.741 tids=[18, 45]
  logW=953.320 tids=[18, 45]
  logW=952.158 tids=[18, 45]
cluster=3 tracks=[20] split_from=0 globals=20 comb_eval=21 comb_feas=20 disagree=7
  logW=630.468 tids=[20]
  logW=620.056 tids=[20]
  logW=619.874 tids=[20]
  logW=619.106 tids=[20]
  logW=618.505 tids=[20]
cluster=4 tracks=[17] globals=20 comb_eval=21 comb_feas=20 disagree=3
  logW=1062.195 tids=[17]
  logW=1050.384 tids=[17]
  logW=1050.216 tids=[17]
  logW=1050.055 tids=[17]
  logW=1049.989 tids=[17]
cluster=5 tracks=[26] globals=20 comb_eval=21 comb_feas=20 disagree=2
  logW=729.363 tids=[26]
  logW=717.362 tids=[26]
  logW=717.292 tids=[26]
  logW=717.208 tids=[26]
  logW=717.171 tids=[26]
cluster=6 tracks=[40] globals=14 comb_eval=14 comb_feas=14 disagree=4
  logW=268.656 tids=[40]
  logW=257.012 tids=[40]
  logW=256.769 tids=[40]
  logW=256.547 tids=[40]
  logW=256.539 tids=[40]
SCAN scan=239 t=2025-12-10 17:40:36.486000+00:00 det=7 trees=8 leaves=373 clusters=7 comb_eval=1802 comb_feas=146 rebuilt_globals=134 split_clusters=1 split_ops=5 hist_relax_attempts=0 hist_relax_ok=0 hist_relax_keys=0 nscan boundary=233 in_scope=8 committed_now=8 committed_total=48 disagree=34 births cand=1 tracks_created=0 tracks_kept=0 MAP tracks=8 used=6 unused=1 hit_rate=0.73
SCAN_NSCAN_COMMITTED scan=239 t=2025-12-10 17:40:36.486000+00:00 boundary=233 9->node41135@s233, 16->node41379@s233, 17->node41545@s233, 18->node41743@s233, 20->node41928@s233, 26->node41972@s233, 40->node42101@s233, 45->node42262@s233

INTERNAL_BIRTH_GUARDRAIL t=2025-12-10 17:40:36.686000+00:00 reason=active leaf count above cap (911>200) residual=1
OVERLOAD_SPLIT scan=240 cluster=0 track_ids=[9, 16, 18, 20, 45] projected_before=26466639276 threshold=500000 split_ops=5 stop=all_components_under_threshold removed_edges=[20-45:5, 9-16:6, 18-20:8, 9-45:9, 16-45:9] subclusters=[[9], [16], [18, 45], [20]] projected_after=[77, 137, 38014, 66]

Cluster rebuilds scan=240 t=2025-12-10 17:40:36.686000+00:00:
cluster=0 tracks=[9] split_from=0 globals=20 comb_eval=21 comb_feas=20 disagree=4
  logW=1293.974 tids=[9]
  logW=1281.924 tids=[9]
  logW=1281.828 tids=[9]
  logW=1281.826 tids=[9]
  logW=1281.819 tids=[9]
cluster=1 tracks=[16] split_from=0 globals=20 comb_eval=21 comb_feas=20 disagree=3
  logW=1032.111 tids=[16]
  logW=1019.986 tids=[16]
  logW=1019.947 tids=[16]
  logW=1019.928 tids=[16]
  logW=1019.821 tids=[16]
cluster=2 tracks=[18, 45] split_from=0 globals=20 comb_eval=1915 comb_feas=29 disagree=8
  logW=971.106 tids=[18, 45]
  logW=970.417 tids=[18, 45]
  logW=969.432 tids=[18, 45]
  logW=968.468 tids=[18, 45]
  logW=968.351 tids=[18, 45]
cluster=3 tracks=[20] split_from=0 globals=20 comb_eval=21 comb_feas=20 disagree=5
  logW=639.706 tids=[20]
  logW=639.087 tids=[20]
  logW=629.263 tids=[20]
  logW=629.050 tids=[20]
  logW=629.031 tids=[20]
cluster=4 tracks=[17] globals=20 comb_eval=21 comb_feas=20 disagree=3
  logW=1071.934 tids=[17]
  logW=1059.981 tids=[17]
  logW=1059.892 tids=[17]
  logW=1059.869 tids=[17]
  logW=1059.695 tids=[17]
cluster=5 tracks=[26] globals=20 comb_eval=21 comb_feas=20 disagree=3
  logW=735.949 tids=[26]
  logW=727.061 tids=[26]
  logW=724.629 tids=[26]
  logW=724.389 tids=[26]
  logW=723.691 tids=[26]
cluster=6 tracks=[40] globals=20 comb_eval=20 comb_feas=20 disagree=8
  logW=278.098 tids=[40]
  logW=266.397 tids=[40]
  logW=266.353 tids=[40]
  logW=266.141 tids=[40]
  logW=265.811 tids=[40]
SCAN scan=240 t=2025-12-10 17:40:36.686000+00:00 det=10 trees=8 leaves=407 clusters=7 comb_eval=2040 comb_feas=149 rebuilt_globals=140 split_clusters=1 split_ops=5 hist_relax_attempts=0 hist_relax_ok=0 hist_relax_keys=0 nscan boundary=234 in_scope=8 committed_now=8 committed_total=48 disagree=34 births cand=1 tracks_created=0 tracks_kept=0 MAP tracks=8 used=7 unused=3 hit_rate=0.73
SCAN_NSCAN_COMMITTED scan=240 t=2025-12-10 17:40:36.686000+00:00 boundary=234 9->node42272@s234, 16->node42508@s234, 17->node42683@s234, 18->node42897@s234, 20->node43126@s234, 26->node43198@s234, 40->node43326@s234, 45->node43501@s234

INTERNAL_BIRTH_GUARDRAIL t=2025-12-10 17:40:36.886000+00:00 reason=active leaf count above cap (803>200) residual=3
OVERLOAD_SPLIT scan=241 cluster=0 track_ids=[9, 16, 18, 20, 45] projected_before=17431167600 threshold=500000 split_ops=5 stop=all_components_under_threshold removed_edges=[20-45:2, 18-20:6, 9-16:7, 9-45:9, 18-45:9] subclusters=[[9], [16, 45], [18], [20]] projected_after=[72, 14385, 330, 51]

Cluster rebuilds scan=241 t=2025-12-10 17:40:36.886000+00:00:
cluster=0 tracks=[9] split_from=0 globals=20 comb_eval=21 comb_feas=20 disagree=6
  logW=1303.757 tids=[9]
  logW=1291.672 tids=[9]
  logW=1291.599 tids=[9]
  logW=1291.561 tids=[9]
  logW=1291.521 tids=[9]
cluster=1 tracks=[16, 45] split_from=0 globals=20 comb_eval=3530 comb_feas=62 disagree=11
  logW=1030.947 tids=[16, 45]
  logW=1023.983 tids=[16, 45]
  logW=1022.188 tids=[16, 45]
  logW=1018.858 tids=[16, 45]
  logW=1018.775 tids=[16, 45]
cluster=2 tracks=[18] split_from=0 globals=20 comb_eval=21 comb_feas=20 disagree=7
  logW=986.633 tids=[18]
  logW=984.772 tids=[18]
  logW=983.773 tids=[18]
  logW=981.295 tids=[18]
  logW=976.268 tids=[18]
cluster=3 tracks=[20] split_from=0 globals=20 comb_eval=21 comb_feas=20 disagree=9
  logW=649.289 tids=[20]
  logW=648.688 tids=[20]
  logW=638.674 tids=[20]
  logW=638.524 tids=[20]
  logW=638.267 tids=[20]
cluster=4 tracks=[17] globals=20 comb_eval=21 comb_feas=20 disagree=4
  logW=1081.670 tids=[17]
  logW=1079.471 tids=[17]
  logW=1069.712 tids=[17]
  logW=1069.631 tids=[17]
  logW=1069.597 tids=[17]
cluster=5 tracks=[26] globals=20 comb_eval=21 comb_feas=20 disagree=3
  logW=742.669 tids=[26]
  logW=735.842 tids=[26]
  logW=733.647 tids=[26]
  logW=730.693 tids=[26]
  logW=730.453 tids=[26]
cluster=6 tracks=[40] globals=20 comb_eval=21 comb_feas=20 disagree=6
  logW=286.494 tids=[40]
  logW=275.795 tids=[40]
  logW=275.195 tids=[40]
  logW=274.296 tids=[40]
  logW=274.260 tids=[40]
SCAN scan=241 t=2025-12-10 17:40:36.886000+00:00 det=12 trees=8 leaves=291 clusters=7 comb_eval=3656 comb_feas=182 rebuilt_globals=140 split_clusters=1 split_ops=5 hist_relax_attempts=0 hist_relax_ok=0 hist_relax_keys=0 nscan boundary=235 in_scope=8 committed_now=8 committed_total=48 disagree=46 births cand=3 tracks_created=0 tracks_kept=0 MAP tracks=8 used=7 unused=5 hit_rate=0.73
SCAN_NSCAN_COMMITTED scan=241 t=2025-12-10 17:40:36.886000+00:00 boundary=235 9->node43502@s235, 16->node43709@s235, 17->node43879@s235, 18->node43992@s235, 20->node44284@s235, 26->node44320@s235, 40->node44354@s235, 45->node44443@s235

INTERNAL_BIRTH_GUARDRAIL t=2025-12-10 17:40:37.086000+00:00 reason=active leaf count above cap (590>200) residual=1
HIST_RELAX scan=242 cluster=0 track_ids=[9, 16, 45] relaxed_keys=2 relaxed_sample=[(229, 2), (235, 2)] feasible_before=0 feasible_after=111 status=enabled

Cluster rebuilds scan=242 t=2025-12-10 17:40:37.086000+00:00:
cluster=0 tracks=[9, 16, 45] globals=20 comb_eval=7034 comb_feas=111 disagree=1
  logW=2312.616 tids=[9, 16, 45]
  logW=2310.103 tids=[9, 16, 45]
  logW=2307.833 tids=[9, 16, 45]
  logW=2307.477 tids=[9, 16, 45]
  logW=2305.102 tids=[9, 16, 45]
cluster=1 tracks=[17] globals=20 comb_eval=21 comb_feas=20 disagree=3
  logW=1091.346 tids=[17]
  logW=1089.156 tids=[17]
  logW=1079.368 tids=[17]
  logW=1079.246 tids=[17]
  logW=1079.146 tids=[17]
cluster=2 tracks=[18, 20] globals=20 comb_eval=1936 comb_feas=35 disagree=2
  logW=1655.521 tids=[18, 20]
  logW=1654.613 tids=[18, 20]
  logW=1653.025 tids=[18, 20]
  logW=1652.118 tids=[18, 20]
  logW=1645.148 tids=[18, 20]
cluster=3 tracks=[26] globals=20 comb_eval=21 comb_feas=20 disagree=3
  logW=752.473 tids=[26]
  logW=744.921 tids=[26]
  logW=743.040 tids=[26]
  logW=740.505 tids=[26]
  logW=740.366 tids=[26]
cluster=4 tracks=[40] globals=20 comb_eval=21 comb_feas=20 disagree=0
  logW=296.199 tids=[40]
  logW=285.304 tids=[40]
  logW=284.517 tids=[40]
  logW=284.191 tids=[40]
  logW=284.009 tids=[40]
SCAN scan=242 t=2025-12-10 17:40:37.086000+00:00 det=9 trees=8 leaves=95 clusters=5 comb_eval=9033 comb_feas=206 rebuilt_globals=100 split_clusters=0 split_ops=0 hist_relax_attempts=1 hist_relax_ok=1 hist_relax_keys=2 nscan boundary=236 in_scope=8 committed_now=8 committed_total=48 disagree=9 births cand=1 tracks_created=0 tracks_kept=0 MAP tracks=8 used=8 unused=1 hit_rate=0.72
SCAN_NSCAN_COMMITTED scan=242 t=2025-12-10 17:40:37.086000+00:00 boundary=236 9->node44446@s236, 16->node44665@s236, 17->node44845@s236, 18->node45033@s236, 20->node45257@s236, 26->node45274@s236, 40->node45312@s236, 45->node45383@s236

Internal births at 2025-12-10 17:40:37.286000+00:00: kept=2
  birth_state=(x=6.1, vx=0.00, y=18.4, vy=0.00)
  birth_state=(x=31.0, vx=0.00, y=-8.1, vy=0.00)
HIST_RELAX scan=243 cluster=0 track_ids=[9, 16, 45] relaxed_keys=2 relaxed_sample=[(229, 2), (235, 2)] feasible_before=0 feasible_after=104 status=enabled

Cluster rebuilds scan=243 t=2025-12-10 17:40:37.286000+00:00:
cluster=0 tracks=[9, 16, 45] globals=20 comb_eval=780 comb_feas=104 disagree=3
  logW=2329.647 tids=[9, 16, 45]
  logW=2328.607 tids=[9, 16, 45]
  logW=2327.134 tids=[9, 16, 45]
  logW=2326.094 tids=[9, 16, 45]
  logW=2324.869 tids=[9, 16, 45]
cluster=1 tracks=[17] globals=20 comb_eval=21 comb_feas=20 disagree=2
  logW=1101.158 tids=[17]
  logW=1098.516 tids=[17]
  logW=1089.044 tids=[17]
  logW=1089.037 tids=[17]
  logW=1088.947 tids=[17]
cluster=2 tracks=[18] globals=16 comb_eval=16 comb_feas=16 disagree=2
  logW=1006.195 tids=[18]
  logW=1003.661 tids=[18]
  logW=995.794 tids=[18]
  logW=994.624 tids=[18]
  logW=994.512 tids=[18]
cluster=3 tracks=[20] globals=16 comb_eval=16 comb_feas=16 disagree=0
  logW=668.951 tids=[20]
  logW=667.917 tids=[20]
  logW=657.749 tids=[20]
  logW=657.241 tids=[20]
  logW=657.006 tids=[20]
cluster=4 tracks=[26] globals=20 comb_eval=21 comb_feas=20 disagree=3
  logW=761.998 tids=[26]
  logW=753.768 tids=[26]
  logW=752.773 tids=[26]
  logW=750.171 tids=[26]
  logW=750.082 tids=[26]
cluster=5 tracks=[40] globals=20 comb_eval=21 comb_feas=20 disagree=4
  logW=305.397 tids=[40]
  logW=294.870 tids=[40]
  logW=293.896 tids=[40]
  logW=293.386 tids=[40]
  logW=293.273 tids=[40]
cluster=6 tracks=[48] globals=1 comb_eval=1 comb_feas=1 disagree=0
  logW=-8.000 tids=[48]
cluster=7 tracks=[49] globals=1 comb_eval=1 comb_feas=1 disagree=0
  logW=-8.000 tids=[49]
SCAN scan=243 t=2025-12-10 17:40:37.286000+00:00 det=10 trees=10 leaves=100 clusters=8 comb_eval=877 comb_feas=198 rebuilt_globals=114 split_clusters=0 split_ops=0 hist_relax_attempts=1 hist_relax_ok=1 hist_relax_keys=2 nscan boundary=237 in_scope=8 committed_now=8 committed_total=48 disagree=14 births cand=2 tracks_created=2 tracks_kept=2 MAP tracks=10 used=9 unused=1 hit_rate=0.78
SCAN_NSCAN_COMMITTED scan=243 t=2025-12-10 17:40:37.286000+00:00 boundary=237 9->node45390@s237, 16->node45565@s237, 17->node45726@s237, 18->node45773@s237, 20->node45934@s237, 26->node45949@s237, 40->node45979@s237, 45->node46059@s237
HIST_RELAX scan=244 cluster=0 track_ids=[9, 16, 45] relaxed_keys=2 relaxed_sample=[(229, 2), (235, 2)] feasible_before=0 feasible_after=69 status=enabled

Cluster rebuilds scan=244 t=2025-12-10 17:40:37.486000+00:00:
cluster=0 tracks=[9, 16, 45] globals=20 comb_eval=1488 comb_feas=69 disagree=11
  logW=2332.526 tids=[9, 16, 45]
  logW=2332.142 tids=[9, 16, 45]
  logW=2331.487 tids=[9, 16, 45]
  logW=2330.423 tids=[9, 16, 45]
  logW=2330.027 tids=[9, 16, 45]
cluster=1 tracks=[17, 49] globals=20 comb_eval=74 comb_feas=30 disagree=3
  logW=1100.327 tids=[17, 49]
  logW=1097.994 tids=[17, 49]
  logW=1097.241 tids=[17, 49]
  logW=1095.352 tids=[17, 49]
  logW=1088.553 tids=[17, 49]
cluster=2 tracks=[18, 20] globals=20 comb_eval=321 comb_feas=44 disagree=0
  logW=1681.669 tids=[18, 20]
  logW=1680.636 tids=[18, 20]
  logW=1679.497 tids=[18, 20]
  logW=1678.790 tids=[18, 20]
  logW=1678.464 tids=[18, 20]
cluster=3 tracks=[26] globals=20 comb_eval=21 comb_feas=20 disagree=3
  logW=771.724 tids=[26]
  logW=763.572 tids=[26]
  logW=762.133 tids=[26]
  logW=759.839 tids=[26]
  logW=759.788 tids=[26]
cluster=4 tracks=[40] globals=20 comb_eval=21 comb_feas=20 disagree=5
  logW=315.205 tids=[40]
  logW=304.469 tids=[40]
  logW=303.531 tids=[40]
  logW=303.194 tids=[40]
  logW=303.094 tids=[40]
cluster=5 tracks=[48] globals=1 comb_eval=1 comb_feas=1 disagree=0
  logW=-10.303 tids=[48]
SCAN scan=244 t=2025-12-10 17:40:37.486000+00:00 det=7 trees=10 leaves=69 clusters=6 comb_eval=1926 comb_feas=184 rebuilt_globals=101 split_clusters=0 split_ops=0 hist_relax_attempts=1 hist_relax_ok=1 hist_relax_keys=2 nscan boundary=238 in_scope=8 committed_now=8 committed_total=48 disagree=22 births cand=0 tracks_created=0 tracks_kept=0 MAP tracks=10 used=5 unused=2 hit_rate=0.67
SCAN_NSCAN_COMMITTED scan=244 t=2025-12-10 17:40:37.486000+00:00 boundary=238 9->node46074@s238, 16->node46270@s238, 17->node46408@s238, 18->node46484@s238, 20->node46618@s238, 26->node46642@s238, 40->node46670@s238, 45->node46751@s238

Internal births at 2025-12-10 17:40:37.686000+00:00: kept=2
  birth_state=(x=9.5, vx=0.00, y=-36.1, vy=0.00)
  birth_state=(x=9.7, vx=0.00, y=-17.2, vy=0.00)
HIST_RELAX scan=245 cluster=0 track_ids=[9, 16, 45] relaxed_keys=2 relaxed_sample=[(229, 2), (235, 2)] feasible_before=0 feasible_after=29 status=enabled

Cluster rebuilds scan=245 t=2025-12-10 17:40:37.686000+00:00:
cluster=0 tracks=[9, 16, 45] globals=20 comb_eval=76 comb_feas=29 disagree=0
  logW=2348.887 tids=[9, 16, 45]
  logW=2348.763 tids=[9, 16, 45]
  logW=2347.471 tids=[9, 16, 45]
  logW=2347.192 tids=[9, 16, 45]
  logW=2341.374 tids=[9, 16, 45]
cluster=1 tracks=[17, 49] globals=20 comb_eval=124 comb_feas=37 disagree=2
  logW=1107.852 tids=[17, 49]
  logW=1105.259 tids=[17, 49]
  logW=1105.122 tids=[17, 49]
  logW=1104.649 tids=[17, 49]
  logW=1104.591 tids=[17, 49]
cluster=2 tracks=[18, 20] globals=20 comb_eval=63 comb_feas=33 disagree=3
  logW=1689.163 tids=[18, 20]
  logW=1688.130 tids=[18, 20]
  logW=1686.180 tids=[18, 20]
  logW=1685.746 tids=[18, 20]
  logW=1685.445 tids=[18, 20]
cluster=3 tracks=[26] globals=20 comb_eval=21 comb_feas=20 disagree=3
  logW=781.379 tids=[26]
  logW=773.226 tids=[26]
  logW=771.696 tids=[26]
  logW=769.463 tids=[26]
  logW=769.422 tids=[26]
cluster=4 tracks=[40] globals=20 comb_eval=21 comb_feas=20 disagree=0
  logW=324.978 tids=[40]
  logW=314.157 tids=[40]
  logW=313.229 tids=[40]
  logW=312.969 tids=[40]
  logW=312.902 tids=[40]
cluster=5 tracks=[48] globals=2 comb_eval=2 comb_feas=2 disagree=0
  logW=-2.434 tids=[48]
  logW=-12.605 tids=[48]
cluster=6 tracks=[50] globals=1 comb_eval=1 comb_feas=1 disagree=0
  logW=-8.000 tids=[50]
cluster=7 tracks=[51] globals=1 comb_eval=1 comb_feas=1 disagree=0
  logW=-8.000 tids=[51]
SCAN scan=245 t=2025-12-10 17:40:37.686000+00:00 det=13 trees=12 leaves=83 clusters=8 comb_eval=309 comb_feas=143 rebuilt_globals=104 split_clusters=0 split_ops=0 hist_relax_attempts=1 hist_relax_ok=1 hist_relax_keys=2 nscan boundary=239 in_scope=8 committed_now=8 committed_total=48 disagree=8 births cand=6 tracks_created=6 tracks_kept=2 MAP tracks=12 used=9 unused=4 hit_rate=0.73
SCAN_NSCAN_COMMITTED scan=245 t=2025-12-10 17:40:37.686000+00:00 boundary=239 9->node46775@s239, 16->node46869@s239, 17->node47013@s239, 18->node47161@s239, 20->node47441@s239, 26->node47475@s239, 40->node47507@s239, 45->node47556@s239

Internal births at 2025-12-10 17:40:37.886000+00:00: kept=1
  birth_state=(x=14.0, vx=0.00, y=-15.7, vy=0.00)
HIST_RELAX scan=246 cluster=0 track_ids=[9, 16, 45] relaxed_keys=2 relaxed_sample=[(229, 2), (235, 2)] feasible_before=0 feasible_after=32 status=enabled

Cluster rebuilds scan=246 t=2025-12-10 17:40:37.886000+00:00:
cluster=0 tracks=[9, 16, 45] globals=20 comb_eval=238 comb_feas=32 disagree=0
  logW=2365.887 tids=[9, 16, 45]
  logW=2365.863 tids=[9, 16, 45]
  logW=2364.556 tids=[9, 16, 45]
  logW=2364.237 tids=[9, 16, 45]
  logW=2358.373 tids=[9, 16, 45]
cluster=1 tracks=[17, 26, 49] globals=20 comb_eval=1725 comb_feas=85 disagree=3
  logW=1912.439 tids=[17, 26, 49]
  logW=1912.260 tids=[17, 26, 49]
  logW=1911.694 tids=[17, 26, 49]
  logW=1910.978 tids=[17, 26, 49]
  logW=1909.292 tids=[17, 26, 49]
cluster=2 tracks=[18, 20] globals=20 comb_eval=64 comb_feas=30 disagree=12
  logW=1707.773 tids=[18, 20]
  logW=1706.590 tids=[18, 20]
  logW=1704.920 tids=[18, 20]
  logW=1704.592 tids=[18, 20]
  logW=1703.737 tids=[18, 20]
cluster=3 tracks=[40] globals=20 comb_eval=21 comb_feas=20 disagree=4
  logW=333.822 tids=[40]
  logW=323.185 tids=[40]
  logW=322.675 tids=[40]
  logW=321.824 tids=[40]
  logW=321.765 tids=[40]
cluster=4 tracks=[48] globals=2 comb_eval=2 comb_feas=2 disagree=0
  logW=-4.736 tids=[48]
  logW=-14.908 tids=[48]
cluster=5 tracks=[50] globals=1 comb_eval=1 comb_feas=1 disagree=0
  logW=-10.303 tids=[50]
cluster=6 tracks=[51] globals=1 comb_eval=1 comb_feas=1 disagree=0
  logW=-10.303 tids=[51]
cluster=7 tracks=[52] globals=1 comb_eval=1 comb_feas=1 disagree=0
  logW=-8.000 tids=[52]
SCAN scan=246 t=2025-12-10 17:40:37.886000+00:00 det=10 trees=13 leaves=59 clusters=8 comb_eval=2053 comb_feas=172 rebuilt_globals=85 split_clusters=0 split_ops=0 hist_relax_attempts=1 hist_relax_ok=1 hist_relax_keys=2 nscan boundary=240 in_scope=8 committed_now=8 committed_total=48 disagree=19 births cand=1 tracks_created=1 tracks_kept=1 MAP tracks=13 used=9 unused=1 hit_rate=0.67
SCAN_NSCAN_COMMITTED scan=246 t=2025-12-10 17:40:37.886000+00:00 boundary=240 9->node47596@s240, 16->node47665@s240, 17->node47802@s240, 18->node47836@s240, 20->node48294@s240, 26->node48360@s240, 40->node48396@s240, 45->node48442@s240

Internal births at 2025-12-10 17:40:38.086000+00:00: kept=2
  birth_state=(x=15.4, vx=0.00, y=-8.1, vy=0.00)
  birth_state=(x=17.9, vx=0.00, y=-20.1, vy=0.00)
OVERLOAD_SPLIT scan=247 cluster=0 track_ids=[9, 16, 17, 26, 45, 49] projected_before=912384 threshold=500000 split_ops=1 stop=all_components_under_threshold removed_edges=[9-45:1] subclusters=[[9, 16, 17, 26, 49], [45]] projected_after=[304128, 3]
HIST_RELAX scan=247 cluster=0 track_ids=[9, 16, 17, 26, 49] relaxed_keys=1 relaxed_sample=[(229, 2)] feasible_before=0 feasible_after=69 status=enabled

Cluster rebuilds scan=247 t=2025-12-10 17:40:38.086000+00:00:
cluster=0 tracks=[9, 16, 17, 26, 49] split_from=0 globals=20 comb_eval=9698 comb_feas=69 disagree=2
  logW=4365.767 tids=[9, 16, 17, 26, 49]
  logW=4365.533 tids=[9, 16, 17, 26, 49]
  logW=4365.320 tids=[9, 16, 17, 26, 49]
  logW=4365.086 tids=[9, 16, 17, 26, 49]
  logW=4364.085 tids=[9, 16, 17, 26, 49]
cluster=1 tracks=[45] split_from=0 globals=3 comb_eval=3 comb_feas=3 disagree=0
  logW=-51.335 tids=[45]
  logW=-51.801 tids=[45]
  logW=-59.315 tids=[45]
cluster=2 tracks=[18] globals=4 comb_eval=4 comb_feas=4 disagree=0
  logW=1042.649 tids=[18]
  logW=1040.323 tids=[18]
  logW=1031.690 tids=[18]
  logW=1028.509 tids=[18]
cluster=3 tracks=[20] globals=4 comb_eval=4 comb_feas=4 disagree=1
  logW=671.478 tids=[20]
  logW=666.407 tids=[20]
  logW=666.395 tids=[20]
  logW=666.194 tids=[20]
cluster=4 tracks=[40] globals=20 comb_eval=21 comb_feas=20 disagree=7
  logW=343.486 tids=[40]
  logW=332.807 tids=[40]
  logW=332.332 tids=[40]
  logW=331.520 tids=[40]
  logW=331.445 tids=[40]
cluster=5 tracks=[48] globals=2 comb_eval=2 comb_feas=2 disagree=0
  logW=-7.039 tids=[48]
  logW=-17.210 tids=[48]
cluster=6 tracks=[50] globals=1 comb_eval=1 comb_feas=1 disagree=0
  logW=-12.605 tids=[50]
cluster=7 tracks=[51] globals=1 comb_eval=1 comb_feas=1 disagree=0
  logW=-12.605 tids=[51]
cluster=8 tracks=[52] globals=1 comb_eval=1 comb_feas=1 disagree=0
  logW=-10.303 tids=[52]
cluster=9 tracks=[53] globals=1 comb_eval=1 comb_feas=1 disagree=0
  logW=-8.000 tids=[53]
cluster=10 tracks=[54] globals=1 comb_eval=1 comb_feas=1 disagree=0
  logW=-8.000 tids=[54]
SCAN scan=247 t=2025-12-10 17:40:38.086000+00:00 det=13 trees=15 leaves=96 clusters=11 comb_eval=9737 comb_feas=107 rebuilt_globals=58 split_clusters=1 split_ops=1 hist_relax_attempts=1 hist_relax_ok=1 hist_relax_keys=1 nscan boundary=241 in_scope=8 committed_now=8 committed_total=48 disagree=10 births cand=5 tracks_created=5 tracks_kept=2 MAP tracks=15 used=10 unused=3 hit_rate=0.65
SCAN_NSCAN_COMMITTED scan=247 t=2025-12-10 17:40:38.086000+00:00 boundary=241 9->node48515@s241, 16->node48571@s241, 17->node48708@s241, 18->node48759@s241, 20->node49089@s241, 26->node49140@s241, 40->node49173@s241, 45->node49215@s241
OVERLOAD_SPLIT scan=248 cluster=0 track_ids=[9, 16, 17, 18, 20, 26, 40, 45, 49] projected_before=29259988992 threshold=500000 split_ops=6 stop=all_components_under_threshold removed_edges=[9-45:1, 16-49:1, 18-49:1, 20-49:1, 40-49:1, 9-49:2] subclusters=[[9, 16], [17, 26, 49], [18], [20], [40], [45]] projected_after=[768, 10176, 8, 6, 26, 3]
HIST_RELAX scan=248 cluster=0 track_ids=[9, 16] relaxed_keys=1 relaxed_sample=[(229, 2)] feasible_before=0 feasible_after=46 status=enabled

Cluster rebuilds scan=248 t=2025-12-10 17:40:38.286000+00:00:
cluster=0 tracks=[9, 16] split_from=0 globals=20 comb_eval=1392 comb_feas=46 disagree=0
  logW=2440.830 tids=[9, 16]
  logW=2439.810 tids=[9, 16]
  logW=2439.338 tids=[9, 16]
  logW=2439.158 tids=[9, 16]
  logW=2438.993 tids=[9, 16]
cluster=1 tracks=[17, 26, 49] split_from=0 globals=20 comb_eval=4970 comb_feas=45 disagree=0
  logW=1954.512 tids=[17, 26, 49]
  logW=1954.339 tids=[17, 26, 49]
  logW=1953.285 tids=[17, 26, 49]
  logW=1952.723 tids=[17, 26, 49]
  logW=1952.358 tids=[17, 26, 49]
cluster=2 tracks=[18] split_from=0 globals=8 comb_eval=8 comb_feas=8 disagree=0
  logW=1051.518 tids=[18]
  logW=1049.729 tids=[18]
  logW=1040.346 tids=[18]
  logW=1039.610 tids=[18]
  logW=1038.021 tids=[18]
cluster=3 tracks=[20] split_from=0 globals=6 comb_eval=6 comb_feas=6 disagree=2
  logW=680.437 tids=[20]
  logW=675.901 tids=[20]
  logW=675.697 tids=[20]
  logW=669.175 tids=[20]
  logW=664.104 tids=[20]
cluster=4 tracks=[40] split_from=0 globals=20 comb_eval=21 comb_feas=20 disagree=3
  logW=353.257 tids=[40]
  logW=341.919 tids=[40]
  logW=341.205 tids=[40]
  logW=341.184 tids=[40]
  logW=341.146 tids=[40]
cluster=5 tracks=[45] split_from=0 globals=3 comb_eval=3 comb_feas=3 disagree=1
  logW=-53.638 tids=[45]
  logW=-54.104 tids=[45]
  logW=-61.618 tids=[45]
cluster=6 tracks=[48] globals=2 comb_eval=2 comb_feas=2 disagree=0
  logW=-9.341 tids=[48]
  logW=-19.513 tids=[48]
cluster=7 tracks=[50] globals=2 comb_eval=2 comb_feas=2 disagree=0
  logW=-5.907 tids=[50]
  logW=-14.908 tids=[50]
cluster=8 tracks=[51] globals=1 comb_eval=1 comb_feas=1 disagree=0
  logW=-14.908 tids=[51]
cluster=9 tracks=[52] globals=1 comb_eval=1 comb_feas=1 disagree=0
  logW=-12.605 tids=[52]
cluster=10 tracks=[53] globals=1 comb_eval=1 comb_feas=1 disagree=0
  logW=-10.303 tids=[53]
cluster=11 tracks=[54] globals=1 comb_eval=1 comb_feas=1 disagree=0
  logW=-10.303 tids=[54]
SCAN scan=248 t=2025-12-10 17:40:38.286000+00:00 det=7 trees=15 leaves=185 clusters=12 comb_eval=6408 comb_feas=136 rebuilt_globals=85 split_clusters=1 split_ops=6 hist_relax_attempts=1 hist_relax_ok=1 hist_relax_keys=1 nscan boundary=242 in_scope=8 committed_now=8 committed_total=48 disagree=6 births cand=0 tracks_created=0 tracks_kept=0 MAP tracks=15 used=7 unused=0 hit_rate=0.58
SCAN_NSCAN_COMMITTED scan=248 t=2025-12-10 17:40:38.286000+00:00 boundary=242 9->node49336@s242, 16->node49372@s242, 17->node49502@s242, 18->node49534@s242, 20->node49770@s242, 26->node49818@s242, 40->node49852@s242, 45->node49890@s242

INTERNAL_BIRTH_GUARDRAIL t=2025-12-10 17:40:38.486000+00:00 reason=active leaf count above cap (421>200) residual=1
OVERLOAD_SPLIT scan=249 cluster=0 track_ids=[9, 16, 17, 18, 20, 26, 40, 45, 49] projected_before=6166256025600 threshold=500000 split_ops=6 stop=all_components_under_threshold removed_edges=[9-45:1, 18-49:2, 20-49:2, 40-49:2, 9-49:4, 16-49:4] subclusters=[[9, 16], [17, 26, 49], [18], [20], [40], [45]] projected_after=[5940, 92160, 16, 8, 44, 2]
HIST_RELAX scan=249 cluster=0 track_ids=[9, 16] relaxed_keys=1 relaxed_sample=[(229, 2)] feasible_before=0 feasible_after=47 status=enabled

Cluster rebuilds scan=249 t=2025-12-10 17:40:38.486000+00:00:
cluster=0 tracks=[9, 16] split_from=0 globals=20 comb_eval=8832 comb_feas=47 disagree=9
  logW=2459.761 tids=[9, 16]
  logW=2458.834 tids=[9, 16]
  logW=2458.135 tids=[9, 16]
  logW=2457.935 tids=[9, 16]
  logW=2457.766 tids=[9, 16]
cluster=1 tracks=[17, 26, 49] split_from=0 globals=20 comb_eval=18328 comb_feas=50 disagree=0
  logW=1981.402 tids=[17, 26, 49]
  logW=1981.182 tids=[17, 26, 49]
  logW=1979.169 tids=[17, 26, 49]
  logW=1978.746 tids=[17, 26, 49]
  logW=1978.020 tids=[17, 26, 49]
cluster=2 tracks=[18] split_from=0 globals=16 comb_eval=16 comb_feas=16 disagree=0
  logW=1060.965 tids=[18]
  logW=1059.001 tids=[18]
  logW=1049.886 tids=[18]
  logW=1049.215 tids=[18]
  logW=1049.112 tids=[18]
cluster=3 tracks=[20] split_from=0 globals=8 comb_eval=8 comb_feas=8 disagree=4
  logW=689.900 tids=[20]
  logW=684.906 tids=[20]
  logW=678.505 tids=[20]
  logW=678.134 tids=[20]
  logW=673.598 tids=[20]
cluster=4 tracks=[40] split_from=0 globals=20 comb_eval=21 comb_feas=20 disagree=3
  logW=362.919 tids=[40]
  logW=351.398 tids=[40]
  logW=350.954 tids=[40]
  logW=350.853 tids=[40]
  logW=350.821 tids=[40]
cluster=5 tracks=[45] split_from=0 globals=2 comb_eval=2 comb_feas=2 disagree=0
  logW=-55.941 tids=[45]
  logW=-63.920 tids=[45]
cluster=6 tracks=[48] globals=2 comb_eval=2 comb_feas=2 disagree=0
  logW=-11.644 tids=[48]
  logW=-21.816 tids=[48]
cluster=7 tracks=[50] globals=2 comb_eval=2 comb_feas=2 disagree=0
  logW=-8.210 tids=[50]
  logW=-17.210 tids=[50]
cluster=8 tracks=[51] globals=1 comb_eval=1 comb_feas=1 disagree=0
  logW=-17.210 tids=[51]
cluster=9 tracks=[52] globals=1 comb_eval=1 comb_feas=1 disagree=0
  logW=-14.908 tids=[52]
cluster=10 tracks=[53] globals=1 comb_eval=1 comb_feas=1 disagree=0
  logW=-12.605 tids=[53]
cluster=11 tracks=[54] globals=1 comb_eval=1 comb_feas=1 disagree=0
  logW=-12.605 tids=[54]
SCAN scan=249 t=2025-12-10 17:40:38.486000+00:00 det=9 trees=15 leaves=385 clusters=12 comb_eval=27215 comb_feas=151 rebuilt_globals=94 split_clusters=1 split_ops=6 hist_relax_attempts=1 hist_relax_ok=1 hist_relax_keys=1 nscan boundary=243 in_scope=8 committed_now=8 committed_total=48 disagree=16 births cand=1 tracks_created=0 tracks_kept=0 MAP tracks=15 used=7 unused=2 hit_rate=0.54
SCAN_NSCAN_COMMITTED scan=249 t=2025-12-10 17:40:38.486000+00:00 boundary=243 9->node49894@s243, 16->node49911@s243, 17->node49932@s243, 18->node49966@s243, 20->node49982@s243, 26->node49998@s243, 40->node50032@s243, 45->node50079@s243

INTERNAL_BIRTH_GUARDRAIL t=2025-12-10 17:40:38.686000+00:00 reason=active leaf count above cap (943>200) residual=1
OVERLOAD_SPLIT scan=250 cluster=0 track_ids=[9, 16, 17, 18, 20, 26, 40, 45, 49] projected_before=2650516102840320 threshold=500000 split_ops=7 stop=all_components_under_threshold removed_edges=[9-45:1, 20-49:3, 40-49:3, 18-49:4, 9-49:6, 16-49:6, 26-49:7] subclusters=[[9, 16], [17, 49], [18], [20], [26], [40], [45]] projected_after=[22737, 43920, 48, 8, 48, 72, 2]
HIST_RELAX scan=250 cluster=0 track_ids=[9, 16] relaxed_keys=1 relaxed_sample=[(229, 2)] feasible_before=0 feasible_after=55 status=enabled

Cluster rebuilds scan=250 t=2025-12-10 17:40:38.686000+00:00:
cluster=0 tracks=[9, 16] split_from=0 globals=20 comb_eval=30655 comb_feas=55 disagree=9
  logW=2479.118 tids=[9, 16]
  logW=2478.189 tids=[9, 16]
  logW=2477.353 tids=[9, 16]
  logW=2476.568 tids=[9, 16]
  logW=2476.555 tids=[9, 16]
cluster=1 tracks=[17, 49] split_from=0 globals=20 comb_eval=8684 comb_feas=58 disagree=8
  logW=1186.898 tids=[17, 49]
  logW=1185.907 tids=[17, 49]
  logW=1185.740 tids=[17, 49]
  logW=1184.723 tids=[17, 49]
  logW=1183.615 tids=[17, 49]
cluster=2 tracks=[18] split_from=0 globals=20 comb_eval=21 comb_feas=20 disagree=9
  logW=1069.745 tids=[18]
  logW=1068.773 tids=[18]
  logW=1067.965 tids=[18]
  logW=1066.502 tids=[18]
  logW=1058.663 tids=[18]
cluster=3 tracks=[20] split_from=0 globals=8 comb_eval=8 comb_feas=8 disagree=0
  logW=699.081 tids=[20]
  logW=687.598 tids=[20]
  logW=687.461 tids=[20]
  logW=687.079 tids=[20]
  logW=676.202 tids=[20]
cluster=4 tracks=[26] split_from=0 globals=20 comb_eval=21 comb_feas=20 disagree=0
  logW=827.916 tids=[26]
  logW=827.822 tids=[26]
  logW=827.702 tids=[26]
  logW=827.339 tids=[26]
  logW=817.155 tids=[26]
cluster=5 tracks=[40] split_from=0 globals=20 comb_eval=21 comb_feas=20 disagree=3
  logW=371.309 tids=[40]
  logW=360.616 tids=[40]
  logW=360.063 tids=[40]
  logW=359.665 tids=[40]
  logW=359.015 tids=[40]
cluster=6 tracks=[45] split_from=0 globals=2 comb_eval=2 comb_feas=2 disagree=0
  logW=-58.243 tids=[45]
  logW=-66.223 tids=[45]
cluster=7 tracks=[48] globals=2 comb_eval=2 comb_feas=2 disagree=0
  logW=-13.947 tids=[48]
  logW=-24.118 tids=[48]
cluster=8 tracks=[50] globals=2 comb_eval=2 comb_feas=2 disagree=0
  logW=-10.513 tids=[50]
  logW=-19.513 tids=[50]
cluster=9 tracks=[51, 52, 54] globals=13 comb_eval=33 comb_feas=13 disagree=0
  logW=-33.810 tids=[51, 52, 54]
  logW=-33.885 tids=[51, 52, 54]
  logW=-35.658 tids=[51, 52, 54]
  logW=-36.069 tids=[51, 52, 54]
  logW=-38.110 tids=[51, 52, 54]
cluster=10 tracks=[53] globals=1 comb_eval=1 comb_feas=1 disagree=0
  logW=-14.908 tids=[53]
SCAN scan=250 t=2025-12-10 17:40:38.686000+00:00 det=13 trees=15 leaves=629 clusters=11 comb_eval=39450 comb_feas=201 rebuilt_globals=128 split_clusters=1 split_ops=7 hist_relax_attempts=1 hist_relax_ok=1 hist_relax_keys=1 nscan boundary=244 in_scope=10 committed_now=10 committed_total=50 disagree=29 births cand=1 tracks_created=0 tracks_kept=0 MAP tracks=15 used=9 unused=4 hit_rate=0.56
SCAN_NSCAN_COMMITTED scan=250 t=2025-12-10 17:40:38.686000+00:00 boundary=244 9->node50084@s244, 16->node50095@s244, 17->node50105@s244, 18->node50141@s244, 20->node50183@s244, 26->node50210@s244, 40->node50244@s244, 45->node50281@s244, 48->node50282@s244, 49->node50284@s244

INTERNAL_BIRTH_GUARDRAIL t=2025-12-10 17:40:38.886000+00:00 reason=active leaf count above cap (1397>200) residual=1
OVERLOAD_SPLIT scan=251 cluster=0 track_ids=[9, 16, 17, 18, 20, 26, 40, 45, 48, 49, 53] projected_before=1072096395322982400 threshold=500000 split_ops=16 stop=all_components_under_threshold removed_edges=[9-45:1, 9-48:1, 16-48:1, 18-20:1, 48-49:1, 48-53:1, 9-53:3, 16-53:3, 49-53:3, 20-49:4, 40-49:4, 18-49:5, 26-49:8, 9-16:9, 9-49:9, 16-49:9] subclusters=[[9], [16], [17, 49], [18], [20], [26], [40], [45], [48], [53]] projected_after=[215, 271, 84888, 63, 10, 96, 112, 2, 4, 4]

Cluster rebuilds scan=251 t=2025-12-10 17:40:38.886000+00:00:
cluster=0 tracks=[9] split_from=0 globals=20 comb_eval=21 comb_feas=20 disagree=2
  logW=1372.269 tids=[9]
  logW=1371.376 tids=[9]
  logW=1364.318 tids=[9]
  logW=1362.388 tids=[9]
  logW=1360.324 tids=[9]
cluster=1 tracks=[16] split_from=0 globals=20 comb_eval=21 comb_feas=20 disagree=1
  logW=1133.798 tids=[16]
  logW=1132.422 tids=[16]
  logW=1132.229 tids=[16]
  logW=1129.603 tids=[16]
  logW=1123.515 tids=[16]
cluster=2 tracks=[17, 49] split_from=0 globals=20 comb_eval=33621 comb_feas=49 disagree=5
  logW=1193.801 tids=[17, 49]
  logW=1192.676 tids=[17, 49]
  logW=1190.519 tids=[17, 49]
  logW=1189.542 tids=[17, 49]
  logW=1189.394 tids=[17, 49]
cluster=3 tracks=[18] split_from=0 globals=20 comb_eval=21 comb_feas=20 disagree=0
  logW=1078.755 tids=[18]
  logW=1078.479 tids=[18]
  logW=1075.981 tids=[18]
  logW=1068.114 tids=[18]
  logW=1068.017 tids=[18]
cluster=4 tracks=[20] split_from=0 globals=10 comb_eval=10 comb_feas=10 disagree=0
  logW=696.778 tids=[20]
  logW=685.295 tids=[20]
  logW=685.158 tids=[20]
  logW=684.777 tids=[20]
  logW=681.916 tids=[20]
cluster=5 tracks=[26] split_from=0 globals=20 comb_eval=21 comb_feas=20 disagree=0
  logW=837.228 tids=[26]
  logW=837.224 tids=[26]
  logW=837.131 tids=[26]
  logW=836.934 tids=[26]
  logW=826.677 tids=[26]
cluster=6 tracks=[40] split_from=0 globals=20 comb_eval=21 comb_feas=20 disagree=3
  logW=381.087 tids=[40]
  logW=370.236 tids=[40]
  logW=369.787 tids=[40]
  logW=369.213 tids=[40]
  logW=369.007 tids=[40]
cluster=7 tracks=[45] split_from=0 globals=2 comb_eval=2 comb_feas=2 disagree=0
  logW=-60.546 tids=[45]
  logW=-68.525 tids=[45]
cluster=8 tracks=[48] split_from=0 globals=4 comb_eval=4 comb_feas=4 disagree=3
  logW=-16.249 tids=[48]
  logW=-19.555 tids=[48]
  logW=-22.607 tids=[48]
  logW=-26.421 tids=[48]
cluster=9 tracks=[53] split_from=0 globals=4 comb_eval=4 comb_feas=4 disagree=0
  logW=-10.942 tids=[53]
  logW=-11.730 tids=[53]
  logW=-12.525 tids=[53]
  logW=-17.210 tids=[53]
cluster=10 tracks=[50] globals=2 comb_eval=2 comb_feas=2 disagree=0
  logW=-12.815 tids=[50]
  logW=-21.816 tids=[50]
cluster=11 tracks=[51, 52, 54] globals=13 comb_eval=33 comb_feas=13 disagree=0
  logW=-40.717 tids=[51, 52, 54]
  logW=-40.793 tids=[51, 52, 54]
  logW=-42.565 tids=[51, 52, 54]
  logW=-42.977 tids=[51, 52, 54]
  logW=-45.018 tids=[51, 52, 54]
SCAN scan=251 t=2025-12-10 17:40:38.886000+00:00 det=10 trees=15 leaves=987 clusters=12 comb_eval=33781 comb_feas=184 rebuilt_globals=155 split_clusters=1 split_ops=16 hist_relax_attempts=0 hist_relax_ok=0 hist_relax_keys=0 nscan boundary=245 in_scope=10 committed_now=10 committed_total=50 disagree=14 births cand=1 tracks_created=0 tracks_kept=0 MAP tracks=15 used=6 unused=4 hit_rate=0.55
SCAN_NSCAN_COMMITTED scan=251 t=2025-12-10 17:40:38.886000+00:00 boundary=245 9->node50287@s245, 16->node50289@s245, 17->node50297@s245, 18->node50327@s245, 20->node50335@s245, 26->node50342@s245, 40->node50376@s245, 45->node50407@s245, 48->node50408@s245, 49->node50413@s245
OVERLOAD_SPLIT scan=252 cluster=0 track_ids=[9, 16, 17, 18, 20, 26, 40, 45, 49, 51, 52, 53, 54] projected_before=1752287352698437632000 threshold=500000 split_ops=20 stop=all_components_under_threshold removed_edges=[9-45:1, 9-51:1, 9-52:1, 16-51:1, 16-52:1, 49-51:1, 49-52:1, 51-53:1, 52-53:1, 18-20:2, 18-49:4, 9-53:5, 16-53:5, 40-49:5, 49-53:5, 20-49:6, 17-49:9, 26-49:9, 9-16:11, 9-49:11] subclusters=[[9], [16, 49], [17], [18], [20], [26], [40], [45], [51, 52, 54], [53]] projected_after=[343, 206000, 288, 158, 21, 192, 128, 2, 48, 11]
TRACK_LIFECYCLE mode=map_leaf miss_threshold=7 terminated=[48]

Cluster rebuilds scan=252 t=2025-12-10 17:40:39.086000+00:00:
cluster=0 tracks=[9] split_from=0 globals=20 comb_eval=21 comb_feas=20 disagree=2
  logW=1381.416 tids=[9]
  logW=1379.970 tids=[9]
  logW=1377.755 tids=[9]
  logW=1373.473 tids=[9]
  logW=1371.266 tids=[9]
cluster=1 tracks=[16, 49] split_from=0 globals=20 comb_eval=2912 comb_feas=34 disagree=1
  logW=1188.833 tids=[16, 49]
  logW=1187.612 tids=[16, 49]
  logW=1187.401 tids=[16, 49]
  logW=1187.230 tids=[16, 49]
  logW=1187.126 tids=[16, 49]
cluster=2 tracks=[17] split_from=0 globals=20 comb_eval=21 comb_feas=20 disagree=2
  logW=1186.900 tids=[17]
  logW=1185.608 tids=[17]
  logW=1182.453 tids=[17]
  logW=1181.836 tids=[17]
  logW=1175.372 tids=[17]
cluster=3 tracks=[18] split_from=0 globals=20 comb_eval=21 comb_feas=20 disagree=0
  logW=1087.923 tids=[18]
  logW=1087.747 tids=[18]
  logW=1085.611 tids=[18]
  logW=1084.424 tids=[18]
  logW=1077.499 tids=[18]
cluster=4 tracks=[20] split_from=0 globals=20 comb_eval=21 comb_feas=20 disagree=0
  logW=705.764 tids=[20]
  logW=694.584 tids=[20]
  logW=694.476 tids=[20]
  logW=693.926 tids=[20]
  logW=693.647 tids=[20]
cluster=5 tracks=[26] split_from=0 globals=20 comb_eval=21 comb_feas=20 disagree=9
  logW=847.054 tids=[26]
  logW=846.960 tids=[26]
  logW=846.595 tids=[26]
  logW=846.326 tids=[26]
  logW=836.351 tids=[26]
cluster=6 tracks=[40] split_from=0 globals=20 comb_eval=21 comb_feas=20 disagree=7
  logW=390.923 tids=[40]
  logW=379.870 tids=[40]
  logW=379.622 tids=[40]
  logW=378.988 tids=[40]
  logW=378.784 tids=[40]
cluster=7 tracks=[45] split_from=0 globals=2 comb_eval=2 comb_feas=2 disagree=0
  logW=-62.848 tids=[45]
  logW=-70.828 tids=[45]
cluster=8 tracks=[51, 52, 54] split_from=0 globals=20 comb_eval=51 comb_feas=22 disagree=0
  logW=-43.655 tids=[51, 52, 54]
  logW=-44.215 tids=[51, 52, 54]
  logW=-47.625 tids=[51, 52, 54]
  logW=-47.701 tids=[51, 52, 54]
  logW=-48.291 tids=[51, 52, 54]
cluster=9 tracks=[53] split_from=0 globals=11 comb_eval=11 comb_feas=11 disagree=0
  logW=-2.478 tids=[53]
  logW=-2.521 tids=[53]
  logW=-4.847 tids=[53]
  logW=-6.076 tids=[53]
  logW=-6.847 tids=[53]
cluster=10 tracks=[48] globals=1 comb_eval=1 comb_feas=1 disagree=0
  logW=-18.552 tids=[48]
cluster=11 tracks=[50] globals=2 comb_eval=2 comb_feas=2 disagree=0
  logW=-15.118 tids=[50]
  logW=-24.118 tids=[50]
SCAN scan=252 t=2025-12-10 17:40:39.086000+00:00 det=8 trees=14 leaves=1062 clusters=12 comb_eval=3105 comb_feas=192 rebuilt_globals=176 split_clusters=1 split_ops=20 hist_relax_attempts=0 hist_relax_ok=0 hist_relax_keys=0 nscan boundary=246 in_scope=12 committed_now=12 committed_total=52 disagree=21 births cand=0 tracks_created=0 tracks_kept=0 MAP tracks=14 used=7 unused=1 hit_rate=0.59
SCAN_NSCAN_COMMITTED scan=252 t=2025-12-10 17:40:39.086000+00:00 boundary=246 9->node50421@s246, 16->node50425@s246, 17->node50443@s246, 18->node50471@s246, 20->node50479@s246, 26->node50493@s246, 40->node50544@s246, 45->node50585@s246, 48->node50586@s246, 49->node50596@s246, 50->node50600@s246, 51->node50601@s246
OVERLOAD_SPLIT scan=253 cluster=0 track_ids=[9, 16, 17, 18, 20, 26, 40, 45, 49, 51, 52, 53, 54] projected_before=319519845277632000000000 threshold=500000 split_ops=22 stop=all_components_under_threshold removed_edges=[9-45:1, 17-51:1, 17-52:1, 20-49:1, 26-53:1, 49-51:1, 49-52:1, 17-26:2, 17-53:2, 40-49:2, 49-53:2, 51-54:2, 52-54:2, 9-51:4, 9-52:4, 16-51:4, 16-52:4, 51-53:5, 52-53:5, 9-53:8, 16-53:8, 26-49:9] subclusters=[[9, 16], [17, 49], [18, 20], [26], [40], [45], [51, 52], [53], [54]] projected_after=[250000, 215500, 13502, 307, 128, 2, 81, 23, 3]
HIST_RELAX scan=253 cluster=0 track_ids=[9, 16] relaxed_keys=1 relaxed_sample=[(229, 2)] feasible_before=0 feasible_after=44 status=enabled
HIST_RELAX scan=253 cluster=1 track_ids=[17, 49] relaxed_keys=1 relaxed_sample=[(246, 3)] feasible_before=0 feasible_after=66 status=enabled

Cluster rebuilds scan=253 t=2025-12-10 17:40:39.286000+00:00:
cluster=0 tracks=[9, 16] split_from=0 globals=20 comb_eval=259500 comb_feas=44 disagree=0
  logW=2536.221 tids=[9, 16]
  logW=2535.610 tids=[9, 16]
  logW=2534.724 tids=[9, 16]
  logW=2534.524 tids=[9, 16]
  logW=2534.347 tids=[9, 16]
cluster=1 tracks=[17, 49] split_from=0 globals=20 comb_eval=286362 comb_feas=66 disagree=6
  logW=1229.715 tids=[17, 49]
  logW=1229.166 tids=[17, 49]
  logW=1227.684 tids=[17, 49]
  logW=1226.238 tids=[17, 49]
  logW=1224.139 tids=[17, 49]
cluster=2 tracks=[18, 20] split_from=0 globals=20 comb_eval=1927 comb_feas=28 disagree=2
  logW=1813.080 tids=[18, 20]
  logW=1812.453 tids=[18, 20]
  logW=1809.384 tids=[18, 20]
  logW=1808.193 tids=[18, 20]
  logW=1802.499 tids=[18, 20]
cluster=3 tracks=[26] split_from=0 globals=20 comb_eval=21 comb_feas=20 disagree=2
  logW=856.326 tids=[26]
  logW=856.119 tids=[26]
  logW=855.036 tids=[26]
  logW=854.677 tids=[26]
  logW=845.779 tids=[26]
cluster=4 tracks=[40] split_from=0 globals=20 comb_eval=21 comb_feas=20 disagree=3
  logW=400.732 tids=[40]
  logW=389.512 tids=[40]
  logW=388.801 tids=[40]
  logW=388.621 tids=[40]
  logW=388.434 tids=[40]
cluster=5 tracks=[45] split_from=0 globals=2 comb_eval=2 comb_feas=2 disagree=1
  logW=-65.151 tids=[45]
  logW=-73.130 tids=[45]
cluster=6 tracks=[51, 52] split_from=0 globals=20 comb_eval=90 comb_feas=29 disagree=0
  logW=-29.367 tids=[51, 52]
  logW=-29.989 tids=[51, 52]
  logW=-30.935 tids=[51, 52]
  logW=-31.146 tids=[51, 52]
  logW=-33.513 tids=[51, 52]
cluster=7 tracks=[53] split_from=0 globals=20 comb_eval=21 comb_feas=20 disagree=0
  logW=3.541 tids=[53]
  logW=-1.418 tids=[53]
  logW=-4.781 tids=[53]
  logW=-4.824 tids=[53]
  logW=-4.980 tids=[53]
cluster=8 tracks=[54] split_from=0 globals=3 comb_eval=3 comb_feas=3 disagree=0
  logW=-12.597 tids=[54]
  logW=-15.665 tids=[54]
  logW=-21.816 tids=[54]
cluster=9 tracks=[50] globals=2 comb_eval=2 comb_feas=2 disagree=0
  logW=-17.420 tids=[50]
  logW=-26.421 tids=[50]
SCAN scan=253 t=2025-12-10 17:40:39.286000+00:00 det=10 trees=14 leaves=1321 clusters=10 comb_eval=547949 comb_feas=234 rebuilt_globals=147 split_clusters=1 split_ops=22 hist_relax_attempts=2 hist_relax_ok=2 hist_relax_keys=2 nscan boundary=247 in_scope=12 committed_now=12 committed_total=53 disagree=14 births cand=0 tracks_created=0 tracks_kept=0 MAP tracks=14 used=8 unused=2 hit_rate=0.59
SCAN_NSCAN_COMMITTED scan=253 t=2025-12-10 17:40:39.286000+00:00 boundary=247 9->node50609@s247, 16->node50615@s247, 17->node50632@s247, 18->node50649@s247, 20->node50653@s247, 26->node50657@s247, 40->node50661@s247, 45->node50694@s247, 49->node50709@s247, 50->node50720@s247, 51->node50721@s247, 52->node50722@s247

INTERNAL_BIRTH_GUARDRAIL t=2025-12-10 17:40:39.486000+00:00 reason=active leaf count above cap (2643>200) residual=2
OVERLOAD_SPLIT scan=254 cluster=0 track_ids=[9, 16, 17, 18, 20, 26, 40, 45, 49, 51, 52, 53, 54] projected_before=2848011013545984000000000 threshold=500000 split_ops=32 stop=all_components_under_threshold removed_edges=[9-45:1, 9-54:1, 16-54:1, 17-54:1, 18-53:1, 20-53:1, 26-51:1, 26-52:1, 26-54:1, 40-49:1, 49-54:1, 17-26:2, 17-51:2, 17-52:2, 20-49:2, 49-51:2, 49-52:2, 17-53:3, 26-53:3, 53-54:3, 49-53:4, 51-54:5, 52-54:5, 9-51:6, 9-52:6, 16-51:6, 16-52:6, 51-53:9, 52-53:9, 9-53:10, 16-53:10, 17-49:10] subclusters=[[9, 16], [17], [18, 20], [26, 49], [40], [45], [51, 52], [53], [54]] projected_after=[250000, 284, 27200, 131703, 128, 1, 324, 45, 6]
HIST_RELAX scan=254 cluster=0 track_ids=[9, 16] relaxed_keys=1 relaxed_sample=[(229, 2)] feasible_before=0 feasible_after=43 status=enabled
TRACK_LIFECYCLE mode=map_leaf miss_threshold=7 terminated=[45]

Cluster rebuilds scan=254 t=2025-12-10 17:40:39.486000+00:00:
cluster=0 tracks=[9, 16] split_from=0 globals=20 comb_eval=261000 comb_feas=43 disagree=7
  logW=2555.725 tids=[9, 16]
  logW=2554.826 tids=[9, 16]
  logW=2554.066 tids=[9, 16]
  logW=2553.302 tids=[9, 16]
  logW=2553.239 tids=[9, 16]
cluster=1 tracks=[17] split_from=0 globals=20 comb_eval=21 comb_feas=20 disagree=2
  logW=1201.718 tids=[17]
  logW=1201.031 tids=[17]
  logW=1199.310 tids=[17]
  logW=1197.976 tids=[17]
  logW=1190.551 tids=[17]
cluster=2 tracks=[18, 20] split_from=0 globals=20 comb_eval=2005 comb_feas=28 disagree=3
  logW=1831.279 tids=[18, 20]
  logW=1831.112 tids=[18, 20]
  logW=1827.517 tids=[18, 20]
  logW=1826.199 tids=[18, 20]
  logW=1820.860 tids=[18, 20]
cluster=3 tracks=[26, 49] split_from=0 globals=20 comb_eval=2881 comb_feas=40 disagree=0
  logW=928.918 tids=[26, 49]
  logW=928.668 tids=[26, 49]
  logW=927.909 tids=[26, 49]
  logW=927.659 tids=[26, 49]
  logW=927.547 tids=[26, 49]
cluster=4 tracks=[40] split_from=0 globals=20 comb_eval=21 comb_feas=20 disagree=3
  logW=410.472 tids=[40]
  logW=399.305 tids=[40]
  logW=398.498 tids=[40]
  logW=398.429 tids=[40]
  logW=398.248 tids=[40]
cluster=5 tracks=[45] split_from=0 globals=1 comb_eval=1 comb_feas=1 disagree=0
  logW=-67.453 tids=[45]
cluster=6 tracks=[51, 52] split_from=0 globals=20 comb_eval=126 comb_feas=41 disagree=0
  logW=-27.374 tids=[51, 52]
  logW=-27.719 tids=[51, 52]
  logW=-27.796 tids=[51, 52]
  logW=-27.995 tids=[51, 52]
  logW=-28.243 tids=[51, 52]
cluster=7 tracks=[53] split_from=0 globals=20 comb_eval=21 comb_feas=20 disagree=0
  logW=1.534 tids=[53]
  logW=1.238 tids=[53]
  logW=0.916 tids=[53]
  logW=0.790 tids=[53]
  logW=-0.782 tids=[53]
cluster=8 tracks=[54] split_from=0 globals=6 comb_eval=6 comb_feas=6 disagree=0
  logW=-14.900 tids=[54]
  logW=-17.576 tids=[54]
  logW=-17.967 tids=[54]
  logW=-20.030 tids=[54]
  logW=-20.473 tids=[54]
cluster=9 tracks=[50] globals=2 comb_eval=2 comb_feas=2 disagree=1
  logW=-19.723 tids=[50]
  logW=-28.723 tids=[50]
SCAN scan=254 t=2025-12-10 17:40:39.486000+00:00 det=10 trees=13 leaves=1309 clusters=10 comb_eval=266084 comb_feas=221 rebuilt_globals=149 split_clusters=1 split_ops=32 hist_relax_attempts=1 hist_relax_ok=1 hist_relax_keys=1 nscan boundary=248 in_scope=14 committed_now=14 committed_total=55 disagree=16 births cand=2 tracks_created=0 tracks_kept=0 MAP tracks=13 used=7 unused=3 hit_rate=0.62
SCAN_NSCAN_COMMITTED scan=254 t=2025-12-10 17:40:39.486000+00:00 boundary=248 9->node50738@s248, 16->node50749@s248, 17->node50783@s248, 18->node50805@s248, 20->node50813@s248, 26->node50819@s248, 40->node50827@s248, 45->node50854@s248, 49->node50884@s248, 50->node50911@s248, 51->node50913@s248, 52->node50914@s248, 53->node50915@s248, 54->node50916@s248

INTERNAL_BIRTH_GUARDRAIL t=2025-12-10 17:40:39.686000+00:00 reason=active leaf count above cap (2528>200) residual=1
OVERLOAD_SPLIT scan=255 cluster=0 track_ids=[9, 16, 17, 18, 20, 26, 49, 51, 52, 53, 54] projected_before=54881441866944000000000 threshold=500000 split_ops=29 stop=all_components_under_threshold removed_edges=[18-20:1, 20-53:1, 17-54:2, 18-53:2, 26-54:2, 49-54:2, 9-54:3, 16-54:3, 17-26:3, 17-51:3, 17-52:3, 26-51:3, 26-52:3, 17-53:4, 49-51:4, 49-52:4, 26-53:5, 49-53:6, 53-54:6, 9-51:8, 9-52:8, 16-51:8, 16-52:8, 51-54:8, 52-54:8, 26-49:10, 9-53:11, 9-16:12, 16-53:12] subclusters=[[9], [16], [17, 49], [18], [20], [26], [51, 52, 53], [54]] projected_after=[415, 500, 113600, 315, 33, 303, 67200, 11]
HIST_RELAX scan=255 cluster=2 track_ids=[17, 49] relaxed_keys=2 relaxed_sample=[(246, 3), (248, 2)] feasible_before=0 feasible_after=39 status=enabled
TRACK_LIFECYCLE mode=map_leaf miss_threshold=7 terminated=[50]

Cluster rebuilds scan=255 t=2025-12-10 17:40:39.686000+00:00:
cluster=0 tracks=[9] split_from=0 globals=20 comb_eval=21 comb_feas=20 disagree=1
  logW=1402.604 tids=[9]
  logW=1400.193 tids=[9]
  logW=1397.737 tids=[9]
  logW=1396.380 tids=[9]
  logW=1395.564 tids=[9]
cluster=1 tracks=[16] split_from=0 globals=20 comb_eval=21 comb_feas=20 disagree=7
  logW=1172.696 tids=[16]
  logW=1171.726 tids=[16]
  logW=1171.034 tids=[16]
  logW=1170.129 tids=[16]
  logW=1169.883 tids=[16]
cluster=2 tracks=[17, 49] split_from=0 globals=20 comb_eval=141768 comb_feas=39 disagree=0
  logW=1269.973 tids=[17, 49]
  logW=1269.282 tids=[17, 49]
  logW=1267.850 tids=[17, 49]
  logW=1267.159 tids=[17, 49]
  logW=1267.115 tids=[17, 49]
cluster=3 tracks=[18] split_from=0 globals=20 comb_eval=21 comb_feas=20 disagree=2
  logW=1114.994 tids=[18]
  logW=1114.368 tids=[18]
  logW=1110.483 tids=[18]
  logW=1109.277 tids=[18]
  logW=1104.791 tids=[18]
cluster=4 tracks=[20] split_from=0 globals=20 comb_eval=21 comb_feas=20 disagree=6
  logW=722.747 tids=[20]
  logW=711.322 tids=[20]
  logW=711.074 tids=[20]
  logW=710.757 tids=[20]
  logW=710.687 tids=[20]
cluster=5 tracks=[26] split_from=0 globals=20 comb_eval=21 comb_feas=20 disagree=2
  logW=875.493 tids=[26]
  logW=875.061 tids=[26]
  logW=873.468 tids=[26]
  logW=873.127 tids=[26]
  logW=864.856 tids=[26]
cluster=6 tracks=[51, 52, 53] split_from=0 globals=20 comb_eval=1518 comb_feas=55 disagree=0
  logW=-7.402 tids=[51, 52, 53]
  logW=-7.736 tids=[51, 52, 53]
  logW=-7.998 tids=[51, 52, 53]
  logW=-8.333 tids=[51, 52, 53]
  logW=-13.253 tids=[51, 52, 53]
cluster=7 tracks=[54] split_from=0 globals=11 comb_eval=11 comb_feas=11 disagree=0
  logW=-13.818 tids=[54]
  logW=-14.103 tids=[54]
  logW=-17.202 tids=[54]
  logW=-19.879 tids=[54]
  logW=-20.270 tids=[54]
cluster=8 tracks=[40] globals=20 comb_eval=21 comb_feas=20 disagree=4
  logW=419.464 tids=[40]
  logW=408.450 tids=[40]
  logW=408.169 tids=[40]
  logW=407.442 tids=[40]
  logW=407.357 tids=[40]
cluster=9 tracks=[50] globals=1 comb_eval=1 comb_feas=1 disagree=0
  logW=-22.025 tids=[50]
SCAN scan=255 t=2025-12-10 17:40:39.686000+00:00 det=7 trees=12 leaves=1319 clusters=10 comb_eval=143424 comb_feas=226 rebuilt_globals=172 split_clusters=1 split_ops=29 hist_relax_attempts=1 hist_relax_ok=1 hist_relax_keys=2 nscan boundary=249 in_scope=13 committed_now=13 committed_total=55 disagree=22 births cand=1 tracks_created=0 tracks_kept=0 MAP tracks=12 used=6 unused=1 hit_rate=0.67
SCAN_NSCAN_COMMITTED scan=255 t=2025-12-10 17:40:39.686000+00:00 boundary=249 9->node50951@s249, 16->node50977@s249, 17->node51080@s249, 18->node51124@s249, 20->node51140@s249, 26->node51148@s249, 40->node51164@s249, 49->node51272@s249, 50->node51332@s249, 51->node51334@s249, 52->node51335@s249, 53->node51336@s249, 54->node51337@s249

INTERNAL_BIRTH_GUARDRAIL t=2025-12-10 17:40:39.886000+00:00 reason=active leaf count above cap (2662>200) residual=2
OVERLOAD_SPLIT scan=256 cluster=0 track_ids=[9, 16, 17, 18, 20, 26, 49, 51, 52, 53, 54] projected_before=501345287971799040000000 threshold=500000 split_ops=32 stop=all_components_under_threshold removed_edges=[18-20:1, 18-49:1, 18-51:1, 18-52:1, 20-49:1, 17-54:3, 18-53:3, 17-26:4, 17-51:4, 17-52:4, 26-54:4, 49-54:4, 17-53:5, 26-51:5, 26-52:5, 9-54:6, 16-54:6, 49-51:6, 49-52:6, 26-53:7, 49-53:8, 9-51:11, 9-52:11, 16-51:11, 16-52:11, 17-49:11, 53-54:12, 9-16:14, 9-53:14, 16-53:14, 51-54:14, 52-54:14] subclusters=[[9], [16], [17], [18], [20], [26, 49], [51, 52, 53], [54]] projected_after=[500, 500, 288, 318, 32, 144639, 236544, 20]

Cluster rebuilds scan=256 t=2025-12-10 17:40:39.886000+00:00:
cluster=0 tracks=[9] split_from=0 globals=20 comb_eval=21 comb_feas=20 disagree=1
  logW=1412.105 tids=[9]
  logW=1409.666 tids=[9]
  logW=1406.849 tids=[9]
  logW=1405.347 tids=[9]
  logW=1405.336 tids=[9]
cluster=1 tracks=[16] split_from=0 globals=20 comb_eval=21 comb_feas=20 disagree=1
  logW=1182.399 tids=[16]
  logW=1181.271 tids=[16]
  logW=1181.210 tids=[16]
  logW=1179.807 tids=[16]
  logW=1179.672 tids=[16]
cluster=2 tracks=[17] split_from=0 globals=20 comb_eval=21 comb_feas=20 disagree=10
  logW=1221.064 tids=[17]
  logW=1220.428 tids=[17]
  logW=1217.502 tids=[17]
  logW=1216.375 tids=[17]
  logW=1209.919 tids=[17]
cluster=3 tracks=[18] split_from=0 globals=20 comb_eval=21 comb_feas=20 disagree=11
  logW=1124.347 tids=[18]
  logW=1123.772 tids=[18]
  logW=1119.550 tids=[18]
  logW=1118.905 tids=[18]
  logW=1113.748 tids=[18]
cluster=4 tracks=[20] split_from=0 globals=20 comb_eval=21 comb_feas=20 disagree=7
  logW=732.228 tids=[20]
  logW=720.599 tids=[20]
  logW=720.555 tids=[20]
  logW=720.445 tids=[20]
  logW=720.152 tids=[20]
cluster=5 tracks=[26, 49] split_from=0 globals=20 comb_eval=3219 comb_feas=39 disagree=14
  logW=954.778 tids=[26, 49]
  logW=954.434 tids=[26, 49]
  logW=953.493 tids=[26, 49]
  logW=953.150 tids=[26, 49]
  logW=952.912 tids=[26, 49]
cluster=6 tracks=[51, 52, 53] split_from=0 globals=20 comb_eval=1772 comb_feas=55 disagree=5
  logW=-5.354 tids=[51, 52, 53]
  logW=-5.391 tids=[51, 52, 53]
  logW=-5.688 tids=[51, 52, 53]
  logW=-5.725 tids=[51, 52, 53]
  logW=-6.905 tids=[51, 52, 53]
cluster=7 tracks=[54] split_from=0 globals=20 comb_eval=20 comb_feas=20 disagree=2
  logW=-7.419 tids=[54]
  logW=-14.650 tids=[54]
  logW=-15.745 tids=[54]
  logW=-16.049 tids=[54]
  logW=-16.121 tids=[54]
cluster=8 tracks=[40] globals=16 comb_eval=16 comb_feas=16 disagree=6
  logW=417.161 tids=[40]
  logW=406.148 tids=[40]
  logW=405.867 tids=[40]
  logW=405.054 tids=[40]
  logW=404.864 tids=[40]
SCAN scan=256 t=2025-12-10 17:40:39.886000+00:00 det=10 trees=12 leaves=1186 clusters=9 comb_eval=5132 comb_feas=230 rebuilt_globals=176 split_clusters=1 split_ops=32 hist_relax_attempts=0 hist_relax_ok=0 hist_relax_keys=0 nscan boundary=250 in_scope=12 committed_now=12 committed_total=55 disagree=57 births cand=2 tracks_created=0 tracks_kept=0 MAP tracks=12 used=6 unused=4 hit_rate=0.68
SCAN_NSCAN_COMMITTED scan=256 t=2025-12-10 17:40:39.886000+00:00 boundary=250 9->node51419@s250, 16->node51481@s250, 17->node51653@s250, 18->node51784@s250, 20->node51832@s250, 26->node51840@s250, 40->node51888@s250, 49->node52120@s250, 51->node52273@s250, 52->node52276@s250, 53->node52277@s250, 54->node52280@s250

INTERNAL_BIRTH_GUARDRAIL t=2025-12-10 17:40:40.086000+00:00 reason=active leaf count above cap (2218>200) residual=1
OVERLOAD_SPLIT scan=257 cluster=0 track_ids=[9, 16, 17, 18, 20, 26, 40, 49, 51, 52, 53, 54] projected_before=7482711799096934400000000 threshold=500000 split_ops=38 stop=all_components_under_threshold removed_edges=[17-26:1, 18-49:1, 18-54:1, 20-54:1, 40-51:1, 40-52:1, 40-53:1, 18-20:2, 18-51:2, 18-52:2, 26-54:2, 26-51:3, 26-52:3, 26-53:4, 17-54:5, 18-53:5, 26-49:5, 17-51:6, 17-52:6, 49-54:6, 17-53:7, 9-54:8, 16-54:8, 49-51:8, 49-52:8, 49-53:11, 9-51:13, 9-52:13, 16-51:13, 16-52:13, 9-16:15, 16-53:15, 9-53:16, 51-54:18, 52-54:18, 53-54:18, 51-52:28, 51-53:28] subclusters=[[9], [16], [17, 49], [18], [20], [26], [40], [51], [52, 53], [54]] projected_after=[500, 500, 46706, 201, 32, 192, 20, 72, 10920, 33]
HIST_RELAX scan=257 cluster=2 track_ids=[17, 49] relaxed_keys=3 relaxed_sample=[(246, 3), (248, 2), (250, 6)] feasible_before=0 feasible_after=35 status=enabled

Cluster rebuilds scan=257 t=2025-12-10 17:40:40.086000+00:00:
cluster=0 tracks=[9] split_from=0 globals=20 comb_eval=21 comb_feas=20 disagree=12
  logW=1421.936 tids=[9]
  logW=1419.483 tids=[9]
  logW=1416.508 tids=[9]
  logW=1415.082 tids=[9]
  logW=1414.956 tids=[9]
cluster=1 tracks=[16] split_from=0 globals=20 comb_eval=21 comb_feas=20 disagree=8
  logW=1192.046 tids=[16]
  logW=1190.855 tids=[16]
  logW=1190.854 tids=[16]
  logW=1189.466 tids=[16]
  logW=1189.241 tids=[16]
cluster=2 tracks=[17, 49] split_from=0 globals=20 comb_eval=72744 comb_feas=35 disagree=1
  logW=1284.520 tids=[17, 49]
  logW=1281.165 tids=[17, 49]
  logW=1273.913 tids=[17, 49]
  logW=1273.612 tids=[17, 49]
  logW=1272.945 tids=[17, 49]
cluster=3 tracks=[18] split_from=0 globals=20 comb_eval=21 comb_feas=20 disagree=8
  logW=1134.015 tids=[18]
  logW=1129.222 tids=[18]
  logW=1123.056 tids=[18]
  logW=1122.888 tids=[18]
  logW=1122.280 tids=[18]
cluster=4 tracks=[20] split_from=0 globals=20 comb_eval=21 comb_feas=20 disagree=0
  logW=741.883 tids=[20]
  logW=730.128 tids=[20]
  logW=729.926 tids=[20]
  logW=729.788 tids=[20]
  logW=729.707 tids=[20]
cluster=5 tracks=[26] split_from=0 globals=20 comb_eval=21 comb_feas=20 disagree=3
  logW=894.810 tids=[26]
  logW=892.904 tids=[26]
  logW=883.182 tids=[26]
  logW=882.808 tids=[26]
  logW=882.688 tids=[26]
cluster=6 tracks=[40] split_from=0 globals=20 comb_eval=20 comb_feas=20 disagree=4
  logW=426.512 tids=[40]
  logW=415.329 tids=[40]
  logW=414.859 tids=[40]
  logW=414.254 tids=[40]
  logW=414.130 tids=[40]
cluster=7 tracks=[51] split_from=0 globals=20 comb_eval=21 comb_feas=20 disagree=0
  logW=-2.724 tids=[51]
  logW=-3.762 tids=[51]
  logW=-4.968 tids=[51]
  logW=-11.358 tids=[51]
  logW=-12.119 tids=[51]
cluster=8 tracks=[52, 53] split_from=0 globals=20 comb_eval=401 comb_feas=26 disagree=14
  logW=10.664 tids=[52, 53]
  logW=8.547 tids=[52, 53]
  logW=6.303 tids=[52, 53]
  logW=5.280 tids=[52, 53]
  logW=4.833 tids=[52, 53]
cluster=9 tracks=[54] split_from=0 globals=20 comb_eval=21 comb_feas=20 disagree=0
  logW=0.078 tids=[54]
  logW=-8.828 tids=[54]
  logW=-9.061 tids=[54]
  logW=-9.722 tids=[54]
  logW=-14.979 tids=[54]
SCAN scan=257 t=2025-12-10 17:40:40.086000+00:00 det=11 trees=12 leaves=893 clusters=10 comb_eval=73312 comb_feas=221 rebuilt_globals=200 split_clusters=1 split_ops=38 hist_relax_attempts=1 hist_relax_ok=1 hist_relax_keys=3 nscan boundary=251 in_scope=12 committed_now=12 committed_total=55 disagree=50 births cand=1 tracks_created=0 tracks_kept=0 MAP tracks=12 used=7 unused=4 hit_rate=0.68
SCAN_NSCAN_COMMITTED scan=257 t=2025-12-10 17:40:40.086000+00:00 boundary=251 9->node52298@s251, 16->node52496@s251, 17->node52793@s251, 18->node52983@s251, 20->node53046@s251, 26->node53056@s251, 40->node53152@s251, 49->node53396@s251, 51->node53667@s251, 52->node53670@s251, 53->node53672@s251, 54->node53677@s251

INTERNAL_BIRTH_GUARDRAIL t=2025-12-10 17:40:40.286000+00:00 reason=active leaf count above cap (1739>200) residual=1
OVERLOAD_SPLIT scan=258 cluster=0 track_ids=[9, 16, 17, 18, 20, 26, 40, 49, 51, 52, 53, 54] projected_before=3503003216653792051200000 threshold=500000 split_ops=33 stop=all_components_under_threshold removed_edges=[16-53:1, 17-26:1, 18-54:1, 20-49:1, 9-53:2, 18-49:2, 20-54:2, 40-51:2, 40-52:2, 26-54:3, 18-51:4, 18-52:4, 26-51:4, 26-52:4, 18-53:5, 51-53:5, 52-53:5, 17-54:6, 26-49:6, 17-51:7, 17-52:7, 9-54:10, 16-54:10, 49-54:10, 49-51:11, 49-52:11, 9-16:12, 9-51:13, 9-52:13, 16-51:13, 16-52:13, 51-54:23, 52-54:23] subclusters=[[9], [16], [17, 49], [18], [20], [26], [40], [51, 52], [53], [54]] projected_after=[230, 305, 55484, 131, 64, 192, 32, 12480, 25, 56]
HIST_RELAX scan=258 cluster=2 track_ids=[17, 49] relaxed_keys=3 relaxed_sample=[(246, 3), (248, 2), (250, 6)] feasible_before=0 feasible_after=35 status=enabled

Cluster rebuilds scan=258 t=2025-12-10 17:40:40.286000+00:00:
cluster=0 tracks=[9] split_from=0 globals=20 comb_eval=21 comb_feas=20 disagree=6
  logW=1431.749 tids=[9]
  logW=1426.317 tids=[9]
  logW=1420.235 tids=[9]
  logW=1419.671 tids=[9]
  logW=1419.633 tids=[9]
cluster=1 tracks=[16] split_from=0 globals=20 comb_eval=21 comb_feas=20 disagree=3
  logW=1201.794 tids=[16]
  logW=1200.627 tids=[16]
  logW=1200.424 tids=[16]
  logW=1199.096 tids=[16]
  logW=1189.743 tids=[16]
cluster=2 tracks=[17, 49] split_from=0 globals=20 comb_eval=70458 comb_feas=35 disagree=1
  logW=1301.849 tids=[17, 49]
  logW=1298.581 tids=[17, 49]
  logW=1291.758 tids=[17, 49]
  logW=1291.742 tids=[17, 49]
  logW=1290.899 tids=[17, 49]
cluster=3 tracks=[18] split_from=0 globals=20 comb_eval=21 comb_feas=20 disagree=3
  logW=1143.617 tids=[18]
  logW=1132.612 tids=[18]
  logW=1132.462 tids=[18]
  logW=1131.878 tids=[18]
  logW=1131.760 tids=[18]
cluster=4 tracks=[20] split_from=0 globals=20 comb_eval=21 comb_feas=20 disagree=6
  logW=751.641 tids=[20]
  logW=739.874 tids=[20]
  logW=739.580 tids=[20]
  logW=739.530 tids=[20]
  logW=739.458 tids=[20]
cluster=5 tracks=[26] split_from=0 globals=20 comb_eval=21 comb_feas=20 disagree=2
  logW=904.531 tids=[26]
  logW=902.567 tids=[26]
  logW=892.861 tids=[26]
  logW=892.508 tids=[26]
  logW=892.440 tids=[26]
cluster=6 tracks=[40] split_from=0 globals=20 comb_eval=21 comb_feas=20 disagree=4
  logW=436.086 tids=[40]
  logW=424.552 tids=[40]
  logW=424.322 tids=[40]
  logW=424.210 tids=[40]
  logW=423.854 tids=[40]
cluster=7 tracks=[51, 52] split_from=0 globals=20 comb_eval=1544 comb_feas=40 disagree=0
  logW=-1.042 tids=[51, 52]
  logW=-2.021 tids=[51, 52]
  logW=-2.403 tids=[51, 52]
  logW=-2.727 tids=[51, 52]
  logW=-2.849 tids=[51, 52]
cluster=8 tracks=[53] split_from=0 globals=20 comb_eval=21 comb_feas=20 disagree=10
  logW=15.811 tids=[53]
  logW=7.357 tids=[53]
  logW=6.921 tids=[53]
  logW=4.049 tids=[53]
  logW=1.526 tids=[53]
cluster=9 tracks=[54] split_from=0 globals=20 comb_eval=21 comb_feas=20 disagree=0
  logW=-2.225 tids=[54]
  logW=-8.626 tids=[54]
  logW=-9.049 tids=[54]
  logW=-9.332 tids=[54]
  logW=-10.329 tids=[54]
SCAN scan=258 t=2025-12-10 17:40:40.286000+00:00 det=9 trees=12 leaves=1049 clusters=10 comb_eval=72170 comb_feas=235 rebuilt_globals=200 split_clusters=1 split_ops=33 hist_relax_attempts=1 hist_relax_ok=1 hist_relax_keys=3 nscan boundary=252 in_scope=12 committed_now=12 committed_total=55 disagree=35 births cand=1 tracks_created=0 tracks_kept=0 MAP tracks=12 used=7 unused=2 hit_rate=0.68
SCAN_NSCAN_COMMITTED scan=258 t=2025-12-10 17:40:40.286000+00:00 boundary=252 9->node53722@s252, 16->node54021@s252, 17->node54485@s252, 18->node54721@s252, 20->node54879@s252, 26->node54900@s252, 40->node55092@s252, 49->node55238@s252, 51->node55747@s252, 52->node55751@s252, 53->node55756@s252, 54->node55765@s252

INTERNAL_BIRTH_GUARDRAIL t=2025-12-10 17:40:40.486000+00:00 reason=active leaf count above cap (2082>200) residual=1
OVERLOAD_SPLIT scan=259 cluster=0 track_ids=[9, 16, 17, 18, 20, 26, 40, 49, 51, 52, 53, 54] projected_before=4637734156544190311301120 threshold=500000 split_ops=40 stop=all_components_under_threshold removed_edges=[9-53:1, 16-53:1, 18-20:1, 18-49:1, 18-54:1, 20-51:1, 20-52:1, 20-53:1, 49-53:1, 53-54:1, 17-26:2, 20-49:2, 40-51:2, 40-52:2, 20-54:3, 18-51:4, 18-52:4, 18-53:4, 26-54:4, 26-51:5, 26-52:5, 51-53:5, 52-53:5, 26-49:7, 17-54:8, 17-51:9, 17-52:9, 9-54:12, 16-54:13, 17-49:13, 49-54:13, 9-16:14, 49-51:14, 49-52:14, 9-51:15, 9-52:15, 16-51:15, 16-52:15, 51-54:32, 52-54:32] subclusters=[[9], [16], [17], [18], [20], [26], [40], [49], [51, 52], [53], [54]] projected_after=[256, 488, 195, 128, 33, 192, 24, 352, 24568, 13, 87]

Cluster rebuilds scan=259 t=2025-12-10 17:40:40.486000+00:00:
cluster=0 tracks=[9] split_from=0 globals=20 comb_eval=21 comb_feas=20 disagree=11
  logW=1441.560 tids=[9]
  logW=1436.088 tids=[9]
  logW=1429.447 tids=[9]
  logW=1429.417 tids=[9]
  logW=1429.296 tids=[9]
cluster=1 tracks=[16] split_from=0 globals=20 comb_eval=21 comb_feas=20 disagree=7
  logW=1211.519 tids=[16]
  logW=1210.538 tids=[16]
  logW=1210.332 tids=[16]
  logW=1210.226 tids=[16]
  logW=1209.434 tids=[16]
cluster=2 tracks=[17] split_from=0 globals=20 comb_eval=21 comb_feas=20 disagree=9
  logW=1249.901 tids=[17]
  logW=1246.651 tids=[17]
  logW=1238.105 tids=[17]
  logW=1237.929 tids=[17]
  logW=1237.872 tids=[17]
cluster=3 tracks=[18] split_from=0 globals=20 comb_eval=21 comb_feas=20 disagree=3
  logW=1153.283 tids=[18]
  logW=1142.326 tids=[18]
  logW=1141.978 tids=[18]
  logW=1141.514 tids=[18]
  logW=1141.314 tids=[18]
cluster=4 tracks=[20] split_from=0 globals=20 comb_eval=21 comb_feas=20 disagree=7
  logW=749.338 tids=[20]
  logW=737.278 tids=[20]
  logW=737.227 tids=[20]
  logW=737.155 tids=[20]
  logW=737.071 tids=[20]
cluster=5 tracks=[26] split_from=0 globals=20 comb_eval=21 comb_feas=20 disagree=13
  logW=914.341 tids=[26]
  logW=912.370 tids=[26]
  logW=902.680 tids=[26]
  logW=902.229 tids=[26]
  logW=902.225 tids=[26]
cluster=6 tracks=[40] split_from=0 globals=20 comb_eval=21 comb_feas=20 disagree=7
  logW=433.783 tids=[40]
  logW=422.250 tids=[40]
  logW=422.019 tids=[40]
  logW=421.907 tids=[40]
  logW=421.551 tids=[40]
cluster=7 tracks=[49] split_from=0 globals=20 comb_eval=21 comb_feas=20 disagree=13
  logW=74.338 tids=[49]
  logW=72.303 tids=[49]
  logW=70.598 tids=[49]
  logW=62.691 tids=[49]
  logW=62.473 tids=[49]
cluster=8 tracks=[51, 52] split_from=0 globals=20 comb_eval=1642 comb_feas=38 disagree=13
  logW=6.158 tids=[51, 52]
  logW=4.623 tids=[51, 52]
  logW=3.905 tids=[51, 52]
  logW=3.846 tids=[51, 52]
  logW=3.194 tids=[51, 52]
cluster=9 tracks=[53] split_from=0 globals=13 comb_eval=13 comb_feas=13 disagree=3
  logW=13.509 tids=[53]
  logW=5.054 tids=[53]
  logW=4.618 tids=[53]
  logW=2.879 tids=[53]
  logW=1.746 tids=[53]
cluster=10 tracks=[54] split_from=0 globals=20 comb_eval=21 comb_feas=20 disagree=0
  logW=-0.520 tids=[54]
  logW=-2.331 tids=[54]
  logW=-3.727 tids=[54]
  logW=-3.929 tids=[54]
  logW=-4.528 tids=[54]
SCAN scan=259 t=2025-12-10 17:40:40.486000+00:00 det=10 trees=12 leaves=737 clusters=11 comb_eval=1844 comb_feas=231 rebuilt_globals=213 split_clusters=1 split_ops=40 hist_relax_attempts=0 hist_relax_ok=0 hist_relax_keys=0 nscan boundary=253 in_scope=12 committed_now=12 committed_total=55 disagree=86 births cand=1 tracks_created=0 tracks_kept=0 MAP tracks=12 used=5 unused=5 hit_rate=0.68
SCAN_NSCAN_COMMITTED scan=259 t=2025-12-10 17:40:40.486000+00:00 boundary=253 9->node55919@s253, 16->node56332@s253, 17->node57056@s253, 18->node57330@s253, 20->node57644@s253, 26->node57687@s253, 40->node57994@s253, 49->node58173@s253, 51->node58739@s253, 52->node58749@s253, 53->node58756@s253, 54->node58775@s253
OVERLOAD_SPLIT scan=260 cluster=0 track_ids=[9, 16, 17, 18, 20, 26, 40, 49, 51, 52, 53, 54] projected_before=126074497259489659453440 threshold=500000 split_ops=28 stop=all_components_under_threshold removed_edges=[9-53:1, 16-53:1, 18-20:1, 26-49:1, 40-54:1, 17-51:2, 26-51:2, 49-51:2, 53-54:2, 18-54:3, 20-54:3, 40-51:3, 40-52:3, 51-54:3, 18-52:5, 26-54:5, 52-53:5, 9-16:6, 26-52:6, 51-52:6, 17-52:7, 17-54:7, 9-54:8, 49-52:8, 49-54:8, 9-52:9, 16-52:12, 16-54:12] subclusters=[[9], [16], [17, 49], [18, 53], [20], [26], [40], [51], [52, 54]] projected_after=[148, 302, 16512, 2751, 32, 128, 32, 20, 23688]
HIST_RELAX scan=260 cluster=2 track_ids=[17, 49] relaxed_keys=4 relaxed_sample=[(246, 3), (248, 2), (250, 6), (253, 3)] feasible_before=0 feasible_after=50 status=enabled

Cluster rebuilds scan=260 t=2025-12-10 17:40:40.686000+00:00:
cluster=0 tracks=[9] split_from=0 globals=20 comb_eval=21 comb_feas=20 disagree=3
  logW=1451.202 tids=[9]
  logW=1439.257 tids=[9]
  logW=1439.095 tids=[9]
  logW=1438.992 tids=[9]
  logW=1438.905 tids=[9]
cluster=1 tracks=[16] split_from=0 globals=20 comb_eval=21 comb_feas=20 disagree=2
  logW=1220.901 tids=[16]
  logW=1220.044 tids=[16]
  logW=1219.455 tids=[16]
  logW=1218.277 tids=[16]
  logW=1209.217 tids=[16]
cluster=2 tracks=[17, 49] split_from=0 globals=20 comb_eval=33280 comb_feas=50 disagree=8
  logW=1268.014 tids=[17, 49]
  logW=1261.175 tids=[17, 49]
  logW=1260.168 tids=[17, 49]
  logW=1260.088 tids=[17, 49]
  logW=1260.036 tids=[17, 49]
cluster=3 tracks=[18, 53] split_from=0 globals=20 comb_eval=2772 comb_feas=72 disagree=3
  logW=1154.467 tids=[18, 53]
  logW=1153.921 tids=[18, 53]
  logW=1153.622 tids=[18, 53]
  logW=1152.683 tids=[18, 53]
  logW=1151.795 tids=[18, 53]
cluster=4 tracks=[20] split_from=0 globals=20 comb_eval=21 comb_feas=20 disagree=7
  logW=758.800 tids=[20]
  logW=747.036 tids=[20]
  logW=746.720 tids=[20]
  logW=746.534 tids=[20]
  logW=746.463 tids=[20]
cluster=5 tracks=[26] split_from=0 globals=20 comb_eval=21 comb_feas=20 disagree=4
  logW=924.130 tids=[26]
  logW=912.038 tids=[26]
  logW=911.986 tids=[26]
  logW=911.918 tids=[26]
  logW=911.912 tids=[26]
cluster=6 tracks=[40] split_from=0 globals=20 comb_eval=21 comb_feas=20 disagree=5
  logW=443.335 tids=[40]
  logW=431.814 tids=[40]
  logW=431.481 tids=[40]
  logW=431.325 tids=[40]
  logW=431.288 tids=[40]
cluster=7 tracks=[51] split_from=0 globals=20 comb_eval=20 comb_feas=20 disagree=11
  logW=-2.724 tids=[51]
  logW=-8.811 tids=[51]
  logW=-9.539 tids=[51]
  logW=-10.534 tids=[51]
  logW=-11.876 tids=[51]
cluster=8 tracks=[52, 54] split_from=0 globals=20 comb_eval=3322 comb_feas=44 disagree=12
  logW=10.850 tids=[52, 54]
  logW=9.236 tids=[52, 54]
  logW=6.849 tids=[52, 54]
  logW=5.850 tids=[52, 54]
  logW=4.272 tids=[52, 54]
SCAN scan=260 t=2025-12-10 17:40:40.686000+00:00 det=11 trees=12 leaves=663 clusters=9 comb_eval=39499 comb_feas=286 rebuilt_globals=180 split_clusters=1 split_ops=28 hist_relax_attempts=1 hist_relax_ok=1 hist_relax_keys=4 nscan boundary=254 in_scope=12 committed_now=12 committed_total=55 disagree=55 births cand=0 tracks_created=0 tracks_kept=0 MAP tracks=12 used=8 unused=3 hit_rate=0.64
SCAN_NSCAN_COMMITTED scan=260 t=2025-12-10 17:40:40.686000+00:00 boundary=254 9->node59145@s254, 16->node59368@s254, 17->node59976@s254, 18->node60236@s254, 20->node60556@s254, 26->node60641@s254, 40->node60948@s254, 49->node61178@s254, 51->node61519@s254, 52->node61542@s254, 53->node61552@s254, 54->node61594@s254

INTERNAL_BIRTH_GUARDRAIL t=2025-12-10 17:40:40.886000+00:00 reason=active leaf count above cap (1456>200) residual=2
OVERLOAD_SPLIT scan=261 cluster=0 track_ids=[9, 16, 17, 18, 20, 26, 40, 49, 51, 52, 53, 54] projected_before=33713790215742302453760 threshold=500000 split_ops=25 stop=all_components_under_threshold removed_edges=[9-53:1, 16-53:1, 18-20:1, 20-53:1, 40-54:1, 49-51:1, 49-52:1, 51-54:1, 17-51:2, 17-52:2, 20-54:2, 26-49:2, 26-51:2, 40-52:2, 26-52:3, 40-51:3, 53-54:3, 18-54:4, 51-52:4, 52-54:4, 26-54:5, 9-16:7, 17-54:7, 49-54:9, 9-54:11] subclusters=[[9], [16, 54], [17, 49], [18, 53], [20], [26], [40], [51], [52]] projected_after=[174, 71806, 16768, 3611, 32, 128, 32, 10, 34]
HIST_RELAX scan=261 cluster=2 track_ids=[17, 49] relaxed_keys=4 relaxed_sample=[(246, 3), (248, 2), (250, 6), (253, 3)] feasible_before=0 feasible_after=42 status=enabled

Cluster rebuilds scan=261 t=2025-12-10 17:40:40.886000+00:00:
cluster=0 tracks=[9] split_from=0 globals=20 comb_eval=21 comb_feas=20 disagree=4
  logW=1460.958 tids=[9]
  logW=1448.905 tids=[9]
  logW=1448.900 tids=[9]
  logW=1448.832 tids=[9]
  logW=1448.668 tids=[9]
cluster=1 tracks=[16, 54] split_from=0 globals=20 comb_eval=2391 comb_feas=38 disagree=0
  logW=1243.078 tids=[16, 54]
  logW=1242.752 tids=[16, 54]
  logW=1241.904 tids=[16, 54]
  logW=1241.856 tids=[16, 54]
  logW=1241.669 tids=[16, 54]
cluster=2 tracks=[17, 49] split_from=0 globals=20 comb_eval=33792 comb_feas=42 disagree=5
  logW=1286.988 tids=[17, 49]
  logW=1275.947 tids=[17, 49]
  logW=1275.478 tids=[17, 49]
  logW=1275.118 tids=[17, 49]
  logW=1274.919 tids=[17, 49]
cluster=3 tracks=[18, 53] split_from=0 globals=20 comb_eval=3634 comb_feas=70 disagree=2
  logW=1159.951 tids=[18, 53]
  logW=1159.456 tids=[18, 53]
  logW=1159.158 tids=[18, 53]
  logW=1158.274 tids=[18, 53]
  logW=1157.120 tids=[18, 53]
cluster=4 tracks=[20] split_from=0 globals=20 comb_eval=21 comb_feas=20 disagree=0
  logW=765.109 tids=[20]
  logW=756.497 tids=[20]
  logW=753.169 tids=[20]
  logW=753.085 tids=[20]
  logW=752.831 tids=[20]
cluster=5 tracks=[26] split_from=0 globals=20 comb_eval=21 comb_feas=20 disagree=4
  logW=933.438 tids=[26]
  logW=921.827 tids=[26]
  logW=921.351 tids=[26]
  logW=921.255 tids=[26]
  logW=921.210 tids=[26]
cluster=6 tracks=[40] split_from=0 globals=20 comb_eval=21 comb_feas=20 disagree=8
  logW=452.942 tids=[40]
  logW=441.356 tids=[40]
  logW=441.032 tids=[40]
  logW=440.970 tids=[40]
  logW=440.870 tids=[40]
cluster=7 tracks=[51] split_from=0 globals=10 comb_eval=10 comb_feas=10 disagree=6
  logW=-5.026 tids=[51]
  logW=-11.113 tids=[51]
  logW=-12.837 tids=[51]
  logW=-14.178 tids=[51]
  logW=-17.464 tids=[51]
cluster=8 tracks=[52] split_from=0 globals=20 comb_eval=21 comb_feas=20 disagree=8
  logW=13.184 tids=[52]
  logW=3.760 tids=[52]
  logW=3.658 tids=[52]
  logW=2.914 tids=[52]
  logW=2.670 tids=[52]
SCAN scan=261 t=2025-12-10 17:40:40.886000+00:00 det=12 trees=12 leaves=824 clusters=9 comb_eval=39932 comb_feas=260 rebuilt_globals=170 split_clusters=1 split_ops=25 hist_relax_attempts=1 hist_relax_ok=1 hist_relax_keys=4 nscan boundary=255 in_scope=12 committed_now=12 committed_total=55 disagree=37 births cand=2 tracks_created=0 tracks_kept=0 MAP tracks=12 used=7 unused=5 hit_rate=0.64
SCAN_NSCAN_COMMITTED scan=261 t=2025-12-10 17:40:40.886000+00:00 boundary=255 9->node61595@s255, 16->node62010@s255, 17->node62770@s255, 18->node63006@s255, 20->node63321@s255, 26->node63354@s255, 40->node63657@s255, 49->node63992@s255, 51->node64198@s255, 52->node64237@s255, 53->node64255@s255, 54->node64334@s255
OVERLOAD_SPLIT scan=262 cluster=0 track_ids=[9, 16, 17, 18, 20, 26, 40, 49, 51, 52, 53, 54] projected_before=9697162327002552729600 threshold=500000 split_ops=22 stop=all_components_under_threshold removed_edges=[9-53:1, 16-53:1, 20-53:1, 40-51:1, 49-51:1, 52-54:1, 17-51:2, 17-52:2, 18-20:2, 26-51:2, 40-52:2, 51-52:2, 26-49:3, 26-52:3, 53-54:3, 20-54:4, 18-54:5, 26-54:5, 17-54:7, 9-16:9, 49-54:10, 9-54:12] subclusters=[[9], [16, 54], [17, 49], [18, 53], [20], [26], [40], [51], [52]] projected_after=[189, 83142, 17280, 3726, 65, 128, 16, 4, 18]
HIST_RELAX scan=262 cluster=2 track_ids=[17, 49] relaxed_keys=4 relaxed_sample=[(246, 3), (248, 2), (250, 6), (253, 3)] feasible_before=0 feasible_after=34 status=enabled

Cluster rebuilds scan=262 t=2025-12-10 17:40:41.086000+00:00:
cluster=0 tracks=[9] split_from=0 globals=20 comb_eval=21 comb_feas=20 disagree=4
  logW=1470.481 tids=[9]
  logW=1458.656 tids=[9]
  logW=1458.487 tids=[9]
  logW=1458.342 tids=[9]
  logW=1458.181 tids=[9]
cluster=1 tracks=[16, 54] split_from=0 globals=20 comb_eval=2421 comb_feas=38 disagree=8
  logW=1250.182 tids=[16, 54]
  logW=1249.981 tids=[16, 54]
  logW=1249.315 tids=[16, 54]
  logW=1248.919 tids=[16, 54]
  logW=1248.644 tids=[16, 54]
cluster=2 tracks=[17, 49] split_from=0 globals=20 comb_eval=34681 comb_feas=34 disagree=3
  logW=1305.494 tids=[17, 49]
  logW=1294.343 tids=[17, 49]
  logW=1294.259 tids=[17, 49]
  logW=1293.864 tids=[17, 49]
  logW=1293.604 tids=[17, 49]
cluster=3 tracks=[18, 53] split_from=0 globals=20 comb_eval=3749 comb_feas=69 disagree=4
  logW=1166.333 tids=[18, 53]
  logW=1165.804 tids=[18, 53]
  logW=1165.511 tids=[18, 53]
  logW=1164.575 tids=[18, 53]
  logW=1163.542 tids=[18, 53]
cluster=4 tracks=[20] split_from=0 globals=20 comb_eval=21 comb_feas=20 disagree=4
  logW=771.052 tids=[20]
  logW=765.174 tids=[20]
  logW=762.806 tids=[20]
  logW=758.734 tids=[20]
  logW=758.728 tids=[20]
cluster=5 tracks=[26] split_from=0 globals=20 comb_eval=21 comb_feas=20 disagree=4
  logW=942.579 tids=[26]
  logW=931.162 tids=[26]
  logW=931.135 tids=[26]
  logW=930.459 tids=[26]
  logW=930.366 tids=[26]
cluster=6 tracks=[40] split_from=0 globals=16 comb_eval=16 comb_feas=16 disagree=0
  logW=450.640 tids=[40]
  logW=438.730 tids=[40]
  logW=438.667 tids=[40]
  logW=438.567 tids=[40]
  logW=438.418 tids=[40]
cluster=7 tracks=[51] split_from=0 globals=4 comb_eval=4 comb_feas=4 disagree=2
  logW=-7.329 tids=[51]
  logW=-13.416 tids=[51]
  logW=-16.481 tids=[51]
  logW=-24.482 tids=[51]
cluster=8 tracks=[52] split_from=0 globals=18 comb_eval=18 comb_feas=18 disagree=10
  logW=10.881 tids=[52]
  logW=1.355 tids=[52]
  logW=0.611 tids=[52]
  logW=0.367 tids=[52]
  logW=-0.750 tids=[52]
SCAN scan=262 t=2025-12-10 17:40:41.086000+00:00 det=7 trees=12 leaves=621 clusters=9 comb_eval=40952 comb_feas=239 rebuilt_globals=158 split_clusters=1 split_ops=22 hist_relax_attempts=1 hist_relax_ok=1 hist_relax_keys=4 nscan boundary=256 in_scope=12 committed_now=12 committed_total=55 disagree=39 births cand=0 tracks_created=0 tracks_kept=0 MAP tracks=12 used=6 unused=1 hit_rate=0.64
SCAN_NSCAN_COMMITTED scan=262 t=2025-12-10 17:40:41.086000+00:00 boundary=256 9->node64335@s256, 16->node64988@s256, 17->node65609@s256, 18->node65801@s256, 20->node66119@s256, 26->node66151@s256, 40->node66448@s256, 49->node66565@s256, 51->node66966@s256, 52->node67025@s256, 53->node67057@s256, 54->node67170@s256

INTERNAL_BIRTH_GUARDRAIL t=2025-12-10 17:40:41.286000+00:00 reason=active leaf count above cap (1161>200) residual=1
OVERLOAD_SPLIT scan=263 cluster=0 track_ids=[9, 16, 17, 18, 20, 26, 40, 49, 51, 52, 53, 54] projected_before=155271618493415424000 threshold=500000 split_ops=16 stop=all_components_under_threshold removed_edges=[9-53:1, 16-53:1, 40-51:1, 49-51:1, 53-54:1, 17-51:2, 17-52:2, 20-53:2, 26-51:2, 26-52:2, 17-54:3, 18-20:3, 20-54:3, 26-49:4, 26-54:4, 49-54:4] subclusters=[[9, 16], [17, 49], [18, 53], [20], [26], [40, 51, 52], [54]] projected_after=[54810, 18304, 3200, 36, 128, 256, 41]
HIST_RELAX scan=263 cluster=0 track_ids=[9, 16] relaxed_keys=1 relaxed_sample=[(229, 2)] feasible_before=0 feasible_after=30 status=enabled
HIST_RELAX scan=263 cluster=1 track_ids=[17, 49] relaxed_keys=4 relaxed_sample=[(246, 3), (248, 2), (250, 6), (253, 3)] feasible_before=0 feasible_after=34 status=enabled
HIST_RELAX scan=263 cluster=5 track_ids=[40, 51, 52] relaxed_keys=2 relaxed_sample=[(254, 4), (256, 7)] feasible_before=0 feasible_after=48 status=enabled
TRACK_LIFECYCLE mode=map_leaf miss_threshold=7 terminated=[51]

Cluster rebuilds scan=263 t=2025-12-10 17:40:41.286000+00:00:
cluster=0 tracks=[9, 16] split_from=0 globals=20 comb_eval=57218 comb_feas=30 disagree=1
  logW=2730.069 tids=[9, 16]
  logW=2729.692 tids=[9, 16]
  logW=2729.209 tids=[9, 16]
  logW=2728.680 tids=[9, 16]
  logW=2718.108 tids=[9, 16]
cluster=1 tracks=[17, 49] split_from=0 globals=20 comb_eval=35720 comb_feas=34 disagree=1
  logW=1324.168 tids=[17, 49]
  logW=1313.310 tids=[17, 49]
  logW=1313.017 tids=[17, 49]
  logW=1312.755 tids=[17, 49]
  logW=1312.298 tids=[17, 49]
cluster=2 tracks=[18, 53] split_from=0 globals=20 comb_eval=3060 comb_feas=50 disagree=3
  logW=1179.824 tids=[18, 53]
  logW=1177.484 tids=[18, 53]
  logW=1173.868 tids=[18, 53]
  logW=1173.329 tids=[18, 53]
  logW=1173.044 tids=[18, 53]
cluster=3 tracks=[20] split_from=0 globals=20 comb_eval=21 comb_feas=20 disagree=6
  logW=768.750 tids=[20]
  logW=762.871 tids=[20]
  logW=760.504 tids=[20]
  logW=756.432 tids=[20]
  logW=756.425 tids=[20]
cluster=4 tracks=[26] split_from=0 globals=20 comb_eval=21 comb_feas=20 disagree=2
  logW=952.148 tids=[26]
  logW=940.863 tids=[26]
  logW=940.277 tids=[26]
  logW=940.224 tids=[26]
  logW=939.924 tids=[26]
cluster=5 tracks=[40, 51, 52] split_from=0 globals=20 comb_eval=292 comb_feas=48 disagree=6
  logW=416.742 tids=[40, 51, 52]
  logW=415.789 tids=[40, 51, 52]
  logW=415.708 tids=[40, 51, 52]
  logW=414.368 tids=[40, 51, 52]
  logW=413.673 tids=[40, 51, 52]
cluster=6 tracks=[54] split_from=0 globals=20 comb_eval=21 comb_feas=20 disagree=6
  logW=7.925 tids=[54]
  logW=-0.265 tids=[54]
  logW=-1.274 tids=[54]
  logW=-1.653 tids=[54]
  logW=-3.395 tids=[54]
SCAN scan=263 t=2025-12-10 17:40:41.286000+00:00 det=7 trees=11 leaves=576 clusters=7 comb_eval=96353 comb_feas=222 rebuilt_globals=140 split_clusters=1 split_ops=16 hist_relax_attempts=3 hist_relax_ok=3 hist_relax_keys=7 nscan boundary=257 in_scope=12 committed_now=12 committed_total=55 disagree=25 births cand=1 tracks_created=0 tracks_kept=0 MAP tracks=11 used=6 unused=1 hit_rate=0.66
SCAN_NSCAN_COMMITTED scan=263 t=2025-12-10 17:40:41.286000+00:00 boundary=257 9->node67175@s257, 16->node67739@s257, 17->node68294@s257, 18->node68487@s257, 20->node68688@s257, 26->node68720@s257, 40->node68912@s257, 49->node69141@s257, 51->node69191@s257, 52->node69274@s257, 53->node69329@s257, 54->node69498@s257

INTERNAL_BIRTH_GUARDRAIL t=2025-12-10 17:40:41.486000+00:00 reason=active leaf count above cap (1145>200) residual=1
OVERLOAD_SPLIT scan=264 cluster=0 track_ids=[9, 16, 17, 18, 20, 26, 40, 49, 52, 53, 54] projected_before=18581375767837409280 threshold=500000 split_ops=12 stop=all_components_under_threshold removed_edges=[9-53:1, 16-53:1, 18-54:1, 20-53:1, 40-54:1, 17-52:2, 20-54:2, 26-52:2, 17-54:3, 49-54:3, 26-54:4, 26-49:5] subclusters=[[9, 16], [17, 49], [18, 20, 53], [26], [40, 52], [54]] projected_after=[29376, 20352, 145920, 128, 64, 26]
HIST_RELAX scan=264 cluster=0 track_ids=[9, 16] relaxed_keys=1 relaxed_sample=[(229, 2)] feasible_before=0 feasible_after=30 status=enabled
HIST_RELAX scan=264 cluster=1 track_ids=[17, 49] relaxed_keys=4 relaxed_sample=[(246, 3), (248, 2), (250, 6), (253, 3)] feasible_before=0 feasible_after=31 status=enabled
TRACK_LIFECYCLE mode=map_leaf miss_threshold=7 terminated=[52]

Cluster rebuilds scan=264 t=2025-12-10 17:40:41.486000+00:00:
cluster=0 tracks=[9, 16] split_from=0 globals=20 comb_eval=31596 comb_feas=30 disagree=2
  logW=2737.529 tids=[9, 16]
  logW=2737.211 tids=[9, 16]
  logW=2736.669 tids=[9, 16]
  logW=2736.216 tids=[9, 16]
  logW=2725.568 tids=[9, 16]
cluster=1 tracks=[17, 49] split_from=0 globals=20 comb_eval=36349 comb_feas=31 disagree=1
  logW=1342.731 tids=[17, 49]
  logW=1331.714 tids=[17, 49]
  logW=1331.574 tids=[17, 49]
  logW=1331.511 tids=[17, 49]
  logW=1331.212 tids=[17, 49]
cluster=2 tracks=[18, 20, 53] split_from=0 globals=20 comb_eval=41626 comb_feas=73 disagree=8
  logW=1959.162 tids=[18, 20, 53]
  logW=1959.008 tids=[18, 20, 53]
  logW=1958.794 tids=[18, 20, 53]
  logW=1958.714 tids=[18, 20, 53]
  logW=1958.482 tids=[18, 20, 53]
cluster=3 tracks=[26] split_from=0 globals=20 comb_eval=21 comb_feas=20 disagree=5
  logW=961.538 tids=[26]
  logW=949.922 tids=[26]
  logW=949.845 tids=[26]
  logW=949.772 tids=[26]
  logW=949.731 tids=[26]
cluster=4 tracks=[40, 52] split_from=0 globals=20 comb_eval=68 comb_feas=29 disagree=6
  logW=442.677 tids=[40, 52]
  logW=441.576 tids=[40, 52]
  logW=441.357 tids=[40, 52]
  logW=439.675 tids=[40, 52]
  logW=430.921 tids=[40, 52]
cluster=5 tracks=[54] split_from=0 globals=20 comb_eval=21 comb_feas=20 disagree=8
  logW=5.622 tids=[54]
  logW=4.481 tids=[54]
  logW=-2.568 tids=[54]
  logW=-3.307 tids=[54]
  logW=-3.576 tids=[54]
SCAN scan=264 t=2025-12-10 17:40:41.486000+00:00 det=8 trees=10 leaves=581 clusters=6 comb_eval=109681 comb_feas=203 rebuilt_globals=120 split_clusters=1 split_ops=12 hist_relax_attempts=2 hist_relax_ok=2 hist_relax_keys=5 nscan boundary=258 in_scope=11 committed_now=11 committed_total=55 disagree=30 births cand=1 tracks_created=0 tracks_kept=0 MAP tracks=10 used=6 unused=2 hit_rate=0.69
SCAN_NSCAN_COMMITTED scan=264 t=2025-12-10 17:40:41.486000+00:00 boundary=258 9->node69512@s258, 16->node69742@s258, 17->node70047@s258, 18->node70241@s258, 20->node70372@s258, 26->node70436@s258, 40->node70628@s258, 49->node70878@s258, 52->node71105@s258, 53->node71183@s258, 54->node71220@s258

INTERNAL_BIRTH_GUARDRAIL t=2025-12-10 17:40:41.686000+00:00 reason=active leaf count above cap (997>200) residual=4
OVERLOAD_SPLIT scan=265 cluster=0 track_ids=[9, 16, 17, 18, 20, 26, 40, 49, 53, 54] projected_before=277998993357668352 threshold=500000 split_ops=11 stop=all_components_under_threshold removed_edges=[9-53:1, 16-53:1, 20-53:1, 40-54:1, 18-54:2, 49-54:2, 17-54:3, 18-53:3, 20-54:3, 26-54:3, 26-49:5] subclusters=[[9, 16], [17, 49], [18, 20], [26], [40], [53], [54]] projected_after=[19008, 20352, 9114, 64, 8, 11, 14]
HIST_RELAX scan=265 cluster=0 track_ids=[9, 16] relaxed_keys=1 relaxed_sample=[(229, 2)] feasible_before=0 feasible_after=29 status=enabled
HIST_RELAX scan=265 cluster=1 track_ids=[17, 49] relaxed_keys=4 relaxed_sample=[(246, 3), (248, 2), (250, 6), (253, 3)] feasible_before=0 feasible_after=31 status=enabled

Cluster rebuilds scan=265 t=2025-12-10 17:40:41.686000+00:00:
cluster=0 tracks=[9, 16] split_from=0 globals=20 comb_eval=20868 comb_feas=29 disagree=4
  logW=2745.040 tids=[9, 16]
  logW=2744.638 tids=[9, 16]
  logW=2744.188 tids=[9, 16]
  logW=2743.657 tids=[9, 16]
  logW=2733.079 tids=[9, 16]
cluster=1 tracks=[17, 49] split_from=0 globals=20 comb_eval=36349 comb_feas=31 disagree=1
  logW=1350.033 tids=[17, 49]
  logW=1339.016 tids=[17, 49]
  logW=1338.876 tids=[17, 49]
  logW=1338.813 tids=[17, 49]
  logW=1338.515 tids=[17, 49]
cluster=2 tracks=[18, 20] split_from=0 globals=20 comb_eval=1995 comb_feas=35 disagree=1
  logW=1992.270 tids=[18, 20]
  logW=1986.804 tids=[18, 20]
  logW=1983.620 tids=[18, 20]
  logW=1983.603 tids=[18, 20]
  logW=1983.309 tids=[18, 20]
cluster=3 tracks=[26] split_from=0 globals=20 comb_eval=21 comb_feas=20 disagree=4
  logW=959.235 tids=[26]
  logW=947.619 tids=[26]
  logW=947.542 tids=[26]
  logW=947.470 tids=[26]
  logW=947.429 tids=[26]
cluster=4 tracks=[40] split_from=0 globals=8 comb_eval=8 comb_feas=8 disagree=0
  logW=455.488 tids=[40]
  logW=443.732 tids=[40]
  logW=443.292 tids=[40]
  logW=443.268 tids=[40]
  logW=431.822 tids=[40]
cluster=5 tracks=[53] split_from=0 globals=11 comb_eval=11 comb_feas=11 disagree=2
  logW=8.066 tids=[53]
  logW=-1.978 tids=[53]
  logW=-2.546 tids=[53]
  logW=-3.774 tids=[53]
  logW=-12.348 tids=[53]
cluster=6 tracks=[54] split_from=0 globals=14 comb_eval=14 comb_feas=14 disagree=8
  logW=3.320 tids=[54]
  logW=2.179 tids=[54]
  logW=-4.871 tids=[54]
  logW=-5.879 tids=[54]
  logW=-7.403 tids=[54]
SCAN scan=265 t=2025-12-10 17:40:41.686000+00:00 det=8 trees=10 leaves=482 clusters=7 comb_eval=59266 comb_feas=148 rebuilt_globals=113 split_clusters=1 split_ops=11 hist_relax_attempts=2 hist_relax_ok=2 hist_relax_keys=5 nscan boundary=259 in_scope=10 committed_now=10 committed_total=55 disagree=20 births cand=4 tracks_created=0 tracks_kept=0 MAP tracks=10 used=4 unused=4 hit_rate=0.69
SCAN_NSCAN_COMMITTED scan=265 t=2025-12-10 17:40:41.686000+00:00 boundary=259 9->node71251@s259, 16->node71507@s259, 17->node71995@s259, 18->node72190@s259, 20->node72318@s259, 26->node72351@s259, 40->node72543@s259, 49->node72784@s259, 53->node73241@s259, 54->node73274@s259

INTERNAL_BIRTH_GUARDRAIL t=2025-12-10 17:40:41.886000+00:00 reason=active leaf count above cap (834>200) residual=1
OVERLOAD_SPLIT scan=266 cluster=0 track_ids=[9, 16, 17, 18, 20, 26, 40, 49, 53, 54] projected_before=52531540304855040 threshold=500000 split_ops=12 stop=all_components_under_threshold removed_edges=[9-53:1, 16-53:1, 17-26:1, 20-53:1, 20-54:1, 40-54:1, 18-49:2, 20-49:2, 49-54:2, 17-54:3, 26-54:3, 26-49:7] subclusters=[[9, 16], [17, 49], [18, 20, 53], [26], [40], [54]] projected_after=[2112, 24704, 161352, 65, 16, 6]
HIST_RELAX scan=266 cluster=0 track_ids=[9, 16] relaxed_keys=1 relaxed_sample=[(229, 2)] feasible_before=0 feasible_after=30 status=enabled
HIST_RELAX scan=266 cluster=1 track_ids=[17, 49] relaxed_keys=4 relaxed_sample=[(246, 3), (248, 2), (250, 6), (253, 3)] feasible_before=0 feasible_after=28 status=enabled
HIST_RELAX scan=266 cluster=2 track_ids=[18, 20, 53] relaxed_keys=1 relaxed_sample=[(259, 7)] feasible_before=0 feasible_after=48 status=enabled

Cluster rebuilds scan=266 t=2025-12-10 17:40:41.886000+00:00:
cluster=0 tracks=[9, 16] split_from=0 globals=20 comb_eval=2636 comb_feas=30 disagree=4
  logW=2740.435 tids=[9, 16]
  logW=2740.033 tids=[9, 16]
  logW=2728.473 tids=[9, 16]
  logW=2728.345 tids=[9, 16]
  logW=2728.324 tids=[9, 16]
cluster=1 tracks=[17, 49] split_from=0 globals=20 comb_eval=37312 comb_feas=28 disagree=5
  logW=1368.415 tids=[17, 49]
  logW=1357.536 tids=[17, 49]
  logW=1357.452 tids=[17, 49]
  logW=1357.278 tids=[17, 49]
  logW=1356.936 tids=[17, 49]
cluster=2 tracks=[18, 20, 53] split_from=0 globals=20 comb_eval=131677 comb_feas=48 disagree=7
  logW=2000.244 tids=[18, 20, 53]
  logW=1997.849 tids=[18, 20, 53]
  logW=1994.964 tids=[18, 20, 53]
  logW=1993.300 tids=[18, 20, 53]
  logW=1992.848 tids=[18, 20, 53]
cluster=3 tracks=[26] split_from=0 globals=20 comb_eval=21 comb_feas=20 disagree=4
  logW=968.911 tids=[26]
  logW=957.255 tids=[26]
  logW=957.059 tids=[26]
  logW=957.035 tids=[26]
  logW=956.933 tids=[26]
cluster=4 tracks=[40] split_from=0 globals=16 comb_eval=16 comb_feas=16 disagree=8
  logW=464.605 tids=[40]
  logW=453.186 tids=[40]
  logW=452.518 tids=[40]
  logW=452.460 tids=[40]
  logW=452.321 tids=[40]
cluster=5 tracks=[54] split_from=0 globals=6 comb_eval=6 comb_feas=6 disagree=3
  logW=1.017 tids=[54]
  logW=-0.124 tids=[54]
  logW=-8.182 tids=[54]
  logW=-10.303 tids=[54]
  logW=-10.985 tids=[54]
SCAN scan=266 t=2025-12-10 17:40:41.886000+00:00 det=6 trees=10 leaves=324 clusters=6 comb_eval=171668 comb_feas=148 rebuilt_globals=102 split_clusters=1 split_ops=12 hist_relax_attempts=3 hist_relax_ok=3 hist_relax_keys=6 nscan boundary=260 in_scope=10 committed_now=10 committed_total=55 disagree=31 births cand=1 tracks_created=0 tracks_kept=0 MAP tracks=10 used=5 unused=1 hit_rate=0.69
SCAN_NSCAN_COMMITTED scan=266 t=2025-12-10 17:40:41.886000+00:00 boundary=260 9->node73333@s260, 16->node73481@s260, 17->node73783@s260, 18->node73911@s260, 20->node74042@s260, 26->node74074@s260, 40->node74202@s260, 49->node74361@s260, 53->node74589@s260, 54->node74626@s260

INTERNAL_BIRTH_GUARDRAIL t=2025-12-10 17:40:42.086000+00:00 reason=active leaf count above cap (611>200) residual=2
OVERLOAD_SPLIT scan=267 cluster=0 track_ids=[9, 16, 18, 20, 53] projected_before=56899584 threshold=500000 split_ops=2 stop=all_components_under_threshold removed_edges=[9-53:1, 16-53:1] subclusters=[[9, 16], [18, 20, 53]] projected_after=[1728, 32928]
OVERLOAD_SPLIT scan=267 cluster=1 track_ids=[17, 26, 40, 49, 54] projected_before=25559040 threshold=500000 split_ops=6 stop=all_components_under_threshold removed_edges=[17-26:1, 40-54:1, 49-54:2, 17-54:3, 26-54:3, 17-49:4] subclusters=[[17], [26, 49], [40], [54]] projected_after=[128, 4160, 16, 3]
HIST_RELAX scan=267 cluster=0 track_ids=[9, 16] relaxed_keys=1 relaxed_sample=[(229, 2)] feasible_before=0 feasible_after=31 status=enabled
HIST_RELAX scan=267 cluster=1 track_ids=[18, 20, 53] relaxed_keys=1 relaxed_sample=[(259, 7)] feasible_before=0 feasible_after=33 status=enabled
HIST_RELAX scan=267 cluster=3 track_ids=[26, 49] relaxed_keys=1 relaxed_sample=[(260, 7)] feasible_before=0 feasible_after=65 status=enabled

Cluster rebuilds scan=267 t=2025-12-10 17:40:42.086000+00:00:
cluster=0 tracks=[9, 16] split_from=0 globals=20 comb_eval=2724 comb_feas=31 disagree=11
  logW=2747.766 tids=[9, 16]
  logW=2747.371 tids=[9, 16]
  logW=2735.830 tids=[9, 16]
  logW=2735.805 tids=[9, 16]
  logW=2735.655 tids=[9, 16]
cluster=1 tracks=[18, 20, 53] split_from=0 globals=20 comb_eval=25383 comb_feas=33 disagree=7
  logW=2005.316 tids=[18, 20, 53]
  logW=2000.036 tids=[18, 20, 53]
  logW=1996.529 tids=[18, 20, 53]
  logW=1996.337 tids=[18, 20, 53]
  logW=1996.319 tids=[18, 20, 53]
cluster=2 tracks=[17] split_from=1 globals=20 comb_eval=21 comb_feas=20 disagree=3
  logW=1327.549 tids=[17]
  logW=1315.702 tids=[17]
  logW=1315.577 tids=[17]
  logW=1315.354 tids=[17]
  logW=1315.284 tids=[17]
cluster=3 tracks=[26, 49] split_from=1 globals=20 comb_eval=8448 comb_feas=65 disagree=13
  logW=975.090 tids=[26, 49]
  logW=970.661 tids=[26, 49]
  logW=970.471 tids=[26, 49]
  logW=970.243 tids=[26, 49]
  logW=970.122 tids=[26, 49]
cluster=4 tracks=[40] split_from=1 globals=16 comb_eval=16 comb_feas=16 disagree=8
  logW=474.232 tids=[40]
  logW=462.431 tids=[40]
  logW=462.303 tids=[40]
  logW=462.049 tids=[40]
  logW=461.988 tids=[40]
cluster=5 tracks=[54] split_from=1 globals=3 comb_eval=3 comb_feas=3 disagree=2
  logW=-1.286 tids=[54]
  logW=-2.427 tids=[54]
  logW=-10.484 tids=[54]
SCAN scan=267 t=2025-12-10 17:40:42.086000+00:00 det=7 trees=10 leaves=282 clusters=6 comb_eval=36595 comb_feas=168 rebuilt_globals=99 split_clusters=2 split_ops=8 hist_relax_attempts=3 hist_relax_ok=3 hist_relax_keys=3 nscan boundary=261 in_scope=10 committed_now=10 committed_total=55 disagree=44 births cand=2 tracks_created=0 tracks_kept=0 MAP tracks=10 used=5 unused=2 hit_rate=0.68
SCAN_NSCAN_COMMITTED scan=267 t=2025-12-10 17:40:42.086000+00:00 boundary=261 9->node74718@s261, 16->node74893@s261, 17->node75338@s261, 18->node75466@s261, 20->node75624@s261, 26->node75656@s261, 40->node75783@s261, 49->node75941@s261, 53->node76009@s261, 54->node76030@s261

INTERNAL_BIRTH_GUARDRAIL t=2025-12-10 17:40:42.286000+00:00 reason=active leaf count above cap (388>200) residual=1
OVERLOAD_SPLIT scan=268 cluster=0 track_ids=[9, 16, 18, 20, 53] projected_before=3655680 threshold=500000 split_ops=2 stop=all_components_under_threshold removed_edges=[9-53:1, 16-53:1] subclusters=[[9, 16], [18, 20, 53]] projected_after=[1088, 3360]
HIST_RELAX scan=268 cluster=0 track_ids=[9, 16] relaxed_keys=1 relaxed_sample=[(229, 2)] feasible_before=0 feasible_after=56 status=enabled
HIST_RELAX scan=268 cluster=1 track_ids=[18, 20, 53] relaxed_keys=1 relaxed_sample=[(259, 7)] feasible_before=0 feasible_after=30 status=enabled
HIST_RELAX scan=268 cluster=2 track_ids=[17, 26, 49, 54] relaxed_keys=10 relaxed_sample=[(246, 3), (248, 2), (250, 6), (253, 3), (256, 4), (257, 7)]...(+4) feasible_before=0 feasible_after=105 status=enabled
TRACK_LIFECYCLE mode=map_leaf miss_threshold=7 terminated=[49, 54]

Cluster rebuilds scan=268 t=2025-12-10 17:40:42.286000+00:00:
cluster=0 tracks=[9, 16] split_from=0 globals=20 comb_eval=2210 comb_feas=56 disagree=8
  logW=2755.126 tids=[9, 16]
  logW=2743.165 tids=[9, 16]
  logW=2743.161 tids=[9, 16]
  logW=2743.015 tids=[9, 16]
  logW=2742.982 tids=[9, 16]
cluster=1 tracks=[18, 20, 53] split_from=0 globals=20 comb_eval=4008 comb_feas=30 disagree=3
  logW=1998.408 tids=[18, 20, 53]
  logW=1989.622 tids=[18, 20, 53]
  logW=1989.411 tids=[18, 20, 53]
  logW=1987.753 tids=[18, 20, 53]
  logW=1986.706 tids=[18, 20, 53]
cluster=2 tracks=[17, 26, 49, 54] globals=20 comb_eval=9634 comb_feas=105 disagree=7
  logW=2299.379 tids=[17, 26, 49, 54]
  logW=2298.573 tids=[17, 26, 49, 54]
  logW=2298.077 tids=[17, 26, 49, 54]
  logW=2297.929 tids=[17, 26, 49, 54]
  logW=2297.851 tids=[17, 26, 49, 54]
cluster=3 tracks=[40] globals=8 comb_eval=8 comb_feas=8 disagree=0
  logW=471.929 tids=[40]
  logW=460.128 tids=[40]
  logW=460.000 tids=[40]
  logW=459.686 tids=[40]
  logW=448.581 tids=[40]
SCAN scan=268 t=2025-12-10 17:40:42.286000+00:00 det=3 trees=8 leaves=109 clusters=4 comb_eval=15860 comb_feas=199 rebuilt_globals=68 split_clusters=1 split_ops=2 hist_relax_attempts=3 hist_relax_ok=3 hist_relax_keys=12 nscan boundary=262 in_scope=10 committed_now=10 committed_total=55 disagree=18 births cand=1 tracks_created=0 tracks_kept=0 MAP tracks=8 used=2 unused=1 hit_rate=0.74
SCAN_NSCAN_COMMITTED scan=268 t=2025-12-10 17:40:42.286000+00:00 boundary=262 9->node76174@s262, 16->node76365@s262, 17->node76810@s262, 18->node76938@s262, 20->node77102@s262, 26->node77167@s262, 40->node77293@s262, 49->node77434@s262, 53->node77485@s262, 54->node77490@s262

Internal births at 2025-12-10 17:40:42.486000+00:00: kept=2
  birth_state=(x=27.7, vx=0.00, y=20.7, vy=0.00)
  birth_state=(x=28.3, vx=0.00, y=-22.5, vy=0.00)
HIST_RELAX scan=269 cluster=0 track_ids=[9, 16, 18, 53] relaxed_keys=4 relaxed_sample=[(229, 2), (252, 0), (253, 2), (259, 7)] feasible_before=0 feasible_after=60 status=enabled

Cluster rebuilds scan=269 t=2025-12-10 17:40:42.486000+00:00:
cluster=0 tracks=[9, 16, 18, 53] globals=20 comb_eval=872 comb_feas=60 disagree=7
  logW=3957.812 tids=[9, 16, 18, 53]
  logW=3949.026 tids=[9, 16, 18, 53]
  logW=3948.816 tids=[9, 16, 18, 53]
  logW=3947.157 tids=[9, 16, 18, 53]
  logW=3946.075 tids=[9, 16, 18, 53]
cluster=1 tracks=[17] globals=2 comb_eval=2 comb_feas=2 disagree=0
  logW=1346.876 tids=[17]
  logW=1334.799 tids=[17]
cluster=2 tracks=[20] globals=8 comb_eval=8 comb_feas=8 disagree=0
  logW=784.209 tids=[20]
  logW=772.507 tids=[20]
  logW=772.268 tids=[20]
  logW=772.167 tids=[20]
  logW=760.741 tids=[20]
cluster=3 tracks=[26] globals=20 comb_eval=21 comb_feas=20 disagree=6
  logW=974.048 tids=[26]
  logW=962.180 tids=[26]
  logW=962.090 tids=[26]
  logW=961.977 tids=[26]
  logW=961.860 tids=[26]
cluster=4 tracks=[40] globals=8 comb_eval=8 comb_feas=8 disagree=0
  logW=469.626 tids=[40]
  logW=457.826 tids=[40]
  logW=457.698 tids=[40]
  logW=457.383 tids=[40]
  logW=446.278 tids=[40]
cluster=5 tracks=[55] globals=1 comb_eval=1 comb_feas=1 disagree=0
  logW=-8.000 tids=[55]
cluster=6 tracks=[56] globals=1 comb_eval=1 comb_feas=1 disagree=0
  logW=-8.000 tids=[56]
SCAN scan=269 t=2025-12-10 17:40:42.486000+00:00 det=5 trees=10 leaves=51 clusters=7 comb_eval=913 comb_feas=100 rebuilt_globals=60 split_clusters=0 split_ops=0 hist_relax_attempts=1 hist_relax_ok=1 hist_relax_keys=4 nscan boundary=263 in_scope=8 committed_now=8 committed_total=55 disagree=13 births cand=3 tracks_created=3 tracks_kept=2 MAP tracks=10 used=4 unused=1 hit_rate=0.79
SCAN_NSCAN_COMMITTED scan=269 t=2025-12-10 17:40:42.486000+00:00 boundary=263 9->node77675@s263, 16->node77868@s263, 17->node78154@s263, 18->node78282@s263, 20->node78444@s263, 26->node78482@s263, 40->node78606@s263, 53->node78789@s263

Internal births at 2025-12-10 17:40:42.686000+00:00: kept=2
  birth_state=(x=13.6, vx=0.00, y=-26.6, vy=0.00)
  birth_state=(x=26.9, vx=0.00, y=-13.8, vy=0.00)
HIST_RELAX scan=270 cluster=0 track_ids=[9, 16, 18, 53] relaxed_keys=4 relaxed_sample=[(229, 2), (252, 0), (253, 2), (259, 7)] feasible_before=0 feasible_after=46 status=enabled
TRACK_LIFECYCLE mode=map_leaf miss_threshold=7 terminated=[9, 53]

Cluster rebuilds scan=270 t=2025-12-10 17:40:42.686000+00:00:
cluster=0 tracks=[9, 16, 18, 53] globals=20 comb_eval=204 comb_feas=46 disagree=5
  logW=3960.413 tids=[9, 16, 18, 53]
  logW=3956.108 tids=[9, 16, 18, 53]
  logW=3951.626 tids=[9, 16, 18, 53]
  logW=3951.416 tids=[9, 16, 18, 53]
  logW=3949.758 tids=[9, 16, 18, 53]
cluster=1 tracks=[17] globals=4 comb_eval=4 comb_feas=4 disagree=0
  logW=1356.390 tids=[17]
  logW=1344.573 tids=[17]
  logW=1344.089 tids=[17]
  logW=1332.496 tids=[17]
cluster=2 tracks=[20] globals=16 comb_eval=16 comb_feas=16 disagree=8
  logW=793.327 tids=[20]
  logW=781.906 tids=[20]
  logW=781.502 tids=[20]
  logW=781.189 tids=[20]
  logW=781.135 tids=[20]
cluster=3 tracks=[26] globals=14 comb_eval=14 comb_feas=14 disagree=6
  logW=971.746 tids=[26]
  logW=959.877 tids=[26]
  logW=959.675 tids=[26]
  logW=959.558 tids=[26]
  logW=959.438 tids=[26]
cluster=4 tracks=[40] globals=16 comb_eval=16 comb_feas=16 disagree=8
  logW=479.006 tids=[40]
  logW=467.324 tids=[40]
  logW=467.012 tids=[40]
  logW=466.755 tids=[40]
  logW=466.749 tids=[40]
cluster=5 tracks=[55] globals=1 comb_eval=1 comb_feas=1 disagree=0
  logW=-10.303 tids=[55]
cluster=6 tracks=[56] globals=1 comb_eval=1 comb_feas=1 disagree=0
  logW=-10.303 tids=[56]
cluster=7 tracks=[57] globals=1 comb_eval=1 comb_feas=1 disagree=0
  logW=-8.000 tids=[57]
cluster=8 tracks=[58] globals=1 comb_eval=1 comb_feas=1 disagree=0
  logW=-8.000 tids=[58]
SCAN scan=270 t=2025-12-10 17:40:42.686000+00:00 det=8 trees=10 leaves=44 clusters=9 comb_eval=258 comb_feas=100 rebuilt_globals=74 split_clusters=0 split_ops=0 hist_relax_attempts=1 hist_relax_ok=1 hist_relax_keys=4 nscan boundary=264 in_scope=8 committed_now=8 committed_total=55 disagree=27 births cand=4 tracks_created=4 tracks_kept=2 MAP tracks=10 used=6 unused=2 hit_rate=0.78
SCAN_NSCAN_COMMITTED scan=270 t=2025-12-10 17:40:42.686000+00:00 boundary=264 9->node78836@s264, 16->node78946@s264, 17->node79226@s264, 18->node79355@s264, 20->node79598@s264, 26->node79640@s264, 40->node79760@s264, 53->node79949@s264

Cluster rebuilds scan=271 t=2025-12-10 17:40:42.886000+00:00:
cluster=0 tracks=[16] globals=8 comb_eval=8 comb_feas=8 disagree=2
  logW=1291.252 tids=[16]
  logW=1279.442 tids=[16]
  logW=1279.064 tids=[16]
  logW=1278.964 tids=[16]
  logW=1278.889 tids=[16]
cluster=1 tracks=[17, 26] globals=20 comb_eval=71 comb_feas=29 disagree=0
  logW=2335.398 tids=[17, 26]
  logW=2323.542 tids=[17, 26]
  logW=2323.530 tids=[17, 26]
  logW=2323.529 tids=[17, 26]
  logW=2323.209 tids=[17, 26]
cluster=2 tracks=[18] globals=4 comb_eval=4 comb_feas=4 disagree=1
  logW=1213.874 tids=[18]
  logW=1205.088 tids=[18]
  logW=1203.219 tids=[18]
  logW=1201.894 tids=[18]
cluster=3 tracks=[20] globals=8 comb_eval=8 comb_feas=8 disagree=4
  logW=791.024 tids=[20]
  logW=779.604 tids=[20]
  logW=779.199 tids=[20]
  logW=778.832 tids=[20]
  logW=767.902 tids=[20]
cluster=4 tracks=[40] globals=8 comb_eval=8 comb_feas=8 disagree=0
  logW=476.704 tids=[40]
  logW=465.021 tids=[40]
  logW=464.709 tids=[40]
  logW=464.453 tids=[40]
  logW=453.220 tids=[40]
cluster=5 tracks=[55] globals=1 comb_eval=1 comb_feas=1 disagree=0
  logW=-12.605 tids=[55]
cluster=6 tracks=[56] globals=1 comb_eval=1 comb_feas=1 disagree=0
  logW=-12.605 tids=[56]
cluster=7 tracks=[57] globals=1 comb_eval=1 comb_feas=1 disagree=0
  logW=-10.303 tids=[57]
cluster=8 tracks=[58] globals=1 comb_eval=1 comb_feas=1 disagree=0
  logW=-10.303 tids=[58]
SCAN scan=271 t=2025-12-10 17:40:42.886000+00:00 det=1 trees=10 leaves=39 clusters=9 comb_eval=103 comb_feas=61 rebuilt_globals=52 split_clusters=0 split_ops=0 hist_relax_attempts=0 hist_relax_ok=0 hist_relax_keys=0 nscan boundary=265 in_scope=6 committed_now=6 committed_total=55 disagree=7 births cand=0 tracks_created=0 tracks_kept=0 MAP tracks=10 used=1 unused=0 hit_rate=0.64
SCAN_NSCAN_COMMITTED scan=271 t=2025-12-10 17:40:42.886000+00:00 boundary=265 16->node80063@s265, 17->node80335@s265, 18->node80464@s265, 20->node80691@s265, 26->node80730@s265, 40->node80786@s265

Cluster rebuilds scan=272 t=2025-12-10 17:40:43.086000+00:00:
cluster=0 tracks=[16] globals=6 comb_eval=6 comb_feas=6 disagree=0
  logW=1288.950 tids=[16]
  logW=1277.139 tids=[16]
  logW=1276.761 tids=[16]
  logW=1276.661 tids=[16]
  logW=1265.174 tids=[16]
cluster=1 tracks=[17] globals=14 comb_eval=14 comb_feas=14 disagree=0
  logW=1375.646 tids=[17]
  logW=1363.819 tids=[17]
  logW=1363.652 tids=[17]
  logW=1363.466 tids=[17]
  logW=1363.289 tids=[17]
cluster=2 tracks=[18] globals=3 comb_eval=3 comb_feas=3 disagree=1
  logW=1211.572 tids=[18]
  logW=1200.917 tids=[18]
  logW=1199.592 tids=[18]
cluster=3 tracks=[20] globals=4 comb_eval=4 comb_feas=4 disagree=2
  logW=788.722 tids=[20]
  logW=777.301 tids=[20]
  logW=776.897 tids=[20]
  logW=765.599 tids=[20]
cluster=4 tracks=[26] globals=7 comb_eval=7 comb_feas=7 disagree=3
  logW=967.141 tids=[26]
  logW=955.272 tids=[26]
  logW=954.952 tids=[26]
  logW=954.833 tids=[26]
  logW=943.440 tids=[26]
cluster=5 tracks=[40] globals=8 comb_eval=8 comb_feas=8 disagree=4
  logW=474.401 tids=[40]
  logW=462.719 tids=[40]
  logW=462.407 tids=[40]
  logW=462.150 tids=[40]
  logW=450.918 tids=[40]
cluster=6 tracks=[55] globals=1 comb_eval=1 comb_feas=1 disagree=0
  logW=-14.908 tids=[55]
cluster=7 tracks=[56] globals=1 comb_eval=1 comb_feas=1 disagree=0
  logW=-14.908 tids=[56]
cluster=8 tracks=[57] globals=1 comb_eval=1 comb_feas=1 disagree=0
  logW=-12.605 tids=[57]
cluster=9 tracks=[58] globals=1 comb_eval=1 comb_feas=1 disagree=0
  logW=-12.605 tids=[58]
SCAN scan=272 t=2025-12-10 17:40:43.086000+00:00 det=1 trees=10 leaves=36 clusters=10 comb_eval=46 comb_feas=46 rebuilt_globals=46 split_clusters=0 split_ops=0 hist_relax_attempts=0 hist_relax_ok=0 hist_relax_keys=0 nscan boundary=266 in_scope=6 committed_now=6 committed_total=55 disagree=10 births cand=0 tracks_created=0 tracks_kept=0 MAP tracks=10 used=1 unused=0 hit_rate=0.59
SCAN_NSCAN_COMMITTED scan=272 t=2025-12-10 17:40:43.086000+00:00 boundary=266 16->node81016@s266, 17->node81096@s266, 18->node81226@s266, 20->node81461@s266, 26->node81539@s266, 40->node81588@s266

Cluster rebuilds scan=273 t=2025-12-10 17:40:43.286000+00:00:
cluster=0 tracks=[16] globals=6 comb_eval=6 comb_feas=6 disagree=2
  logW=1286.647 tids=[16]
  logW=1274.837 tids=[16]
  logW=1274.459 tids=[16]
  logW=1274.358 tids=[16]
  logW=1262.871 tids=[16]
cluster=1 tracks=[17, 26, 58] globals=20 comb_eval=264 comb_feas=47 disagree=3
  logW=2335.397 tids=[17, 26, 58]
  logW=2328.409 tids=[17, 26, 58]
  logW=2323.528 tids=[17, 26, 58]
  logW=2323.474 tids=[17, 26, 58]
  logW=2323.274 tids=[17, 26, 58]
cluster=2 tracks=[18] globals=2 comb_eval=2 comb_feas=2 disagree=1
  logW=1209.269 tids=[18]
  logW=1197.289 tids=[18]
cluster=3 tracks=[20] globals=2 comb_eval=2 comb_feas=2 disagree=0
  logW=786.419 tids=[20]
  logW=774.998 tids=[20]
cluster=4 tracks=[40] globals=4 comb_eval=4 comb_feas=4 disagree=2
  logW=472.099 tids=[40]
  logW=460.416 tids=[40]
  logW=459.848 tids=[40]
  logW=448.487 tids=[40]
cluster=5 tracks=[55] globals=1 comb_eval=1 comb_feas=1 disagree=0
  logW=-17.210 tids=[55]
cluster=6 tracks=[56] globals=1 comb_eval=1 comb_feas=1 disagree=0
  logW=-17.210 tids=[56]
cluster=7 tracks=[57] globals=1 comb_eval=1 comb_feas=1 disagree=0
  logW=-14.908 tids=[57]
SCAN scan=273 t=2025-12-10 17:40:43.286000+00:00 det=1 trees=10 leaves=26 clusters=8 comb_eval=281 comb_feas=64 rebuilt_globals=37 split_clusters=0 split_ops=0 hist_relax_attempts=0 hist_relax_ok=0 hist_relax_keys=0 nscan boundary=267 in_scope=6 committed_now=6 committed_total=55 disagree=8 births cand=0 tracks_created=0 tracks_kept=0 MAP tracks=10 used=1 unused=0 hit_rate=0.56
SCAN_NSCAN_COMMITTED scan=273 t=2025-12-10 17:40:43.286000+00:00 boundary=267 16->node81862@s267, 17->node81926@s267, 18->node82058@s267, 20->node82250@s267, 26->node82303@s267, 40->node82336@s267
TRACK_LIFECYCLE mode=map_leaf miss_threshold=7 terminated=[18]

Cluster rebuilds scan=274 t=2025-12-10 17:40:43.486000+00:00:
cluster=0 tracks=[16] globals=4 comb_eval=4 comb_feas=4 disagree=2
  logW=1284.345 tids=[16]
  logW=1272.534 tids=[16]
  logW=1272.156 tids=[16]
  logW=1260.569 tids=[16]
cluster=1 tracks=[17, 26, 58] globals=20 comb_eval=215 comb_feas=32 disagree=0
  logW=2340.357 tids=[17, 26, 58]
  logW=2335.003 tids=[17, 26, 58]
  logW=2333.276 tids=[17, 26, 58]
  logW=2330.546 tids=[17, 26, 58]
  logW=2328.498 tids=[17, 26, 58]
cluster=2 tracks=[18] globals=1 comb_eval=1 comb_feas=1 disagree=0
  logW=1206.967 tids=[18]
cluster=3 tracks=[20] globals=2 comb_eval=2 comb_feas=2 disagree=0
  logW=784.116 tids=[20]
  logW=772.696 tids=[20]
cluster=4 tracks=[40] globals=2 comb_eval=2 comb_feas=2 disagree=0
  logW=469.796 tids=[40]
  logW=458.113 tids=[40]
cluster=5 tracks=[55] globals=1 comb_eval=1 comb_feas=1 disagree=0
  logW=-19.513 tids=[55]
cluster=6 tracks=[56] globals=1 comb_eval=1 comb_feas=1 disagree=0
  logW=-19.513 tids=[56]
cluster=7 tracks=[57] globals=1 comb_eval=1 comb_feas=1 disagree=0
  logW=-17.210 tids=[57]
SCAN scan=274 t=2025-12-10 17:40:43.486000+00:00 det=1 trees=9 leaves=29 clusters=8 comb_eval=227 comb_feas=44 rebuilt_globals=32 split_clusters=0 split_ops=0 hist_relax_attempts=0 hist_relax_ok=0 hist_relax_keys=0 nscan boundary=268 in_scope=6 committed_now=6 committed_total=55 disagree=2 births cand=0 tracks_created=0 tracks_kept=0 MAP tracks=9 used=1 unused=0 hit_rate=0.51
SCAN_NSCAN_COMMITTED scan=274 t=2025-12-10 17:40:43.486000+00:00 boundary=268 16->node82440@s268, 17->node82504@s268, 18->node82636@s268, 20->node82712@s268, 26->node82733@s268, 40->node82768@s268

Cluster rebuilds scan=275 t=2025-12-10 17:40:43.686000+00:00:
cluster=0 tracks=[16] globals=2 comb_eval=2 comb_feas=2 disagree=0
  logW=1282.042 tids=[16]
  logW=1270.231 tids=[16]
cluster=1 tracks=[17, 26, 56, 58] globals=20 comb_eval=926 comb_feas=58 disagree=3
  logW=2323.681 tids=[17, 26, 56, 58]
  logW=2318.432 tids=[17, 26, 56, 58]
  logW=2318.153 tids=[17, 26, 56, 58]
  logW=2316.993 tids=[17, 26, 56, 58]
  logW=2316.498 tids=[17, 26, 56, 58]
cluster=2 tracks=[20] globals=2 comb_eval=2 comb_feas=2 disagree=0
  logW=781.814 tids=[20]
  logW=770.393 tids=[20]
cluster=3 tracks=[40] globals=4 comb_eval=4 comb_feas=4 disagree=0
  logW=478.614 tids=[40]
  logW=467.493 tids=[40]
  logW=466.412 tids=[40]
  logW=455.811 tids=[40]
cluster=4 tracks=[55] globals=1 comb_eval=1 comb_feas=1 disagree=0
  logW=-21.816 tids=[55]
cluster=5 tracks=[57] globals=1 comb_eval=1 comb_feas=1 disagree=0
  logW=-19.513 tids=[57]
SCAN scan=275 t=2025-12-10 17:40:43.686000+00:00 det=2 trees=9 leaves=32 clusters=6 comb_eval=936 comb_feas=68 rebuilt_globals=30 split_clusters=0 split_ops=0 hist_relax_attempts=0 hist_relax_ok=0 hist_relax_keys=0 nscan boundary=269 in_scope=5 committed_now=5 committed_total=55 disagree=3 births cand=0 tracks_created=0 tracks_kept=0 MAP tracks=9 used=2 unused=0 hit_rate=0.50
SCAN_NSCAN_COMMITTED scan=275 t=2025-12-10 17:40:43.686000+00:00 boundary=269 16->node82816@s269, 17->node82848@s269, 20->node82890@s269, 26->node82898@s269, 40->node82924@s269

Internal births at 2025-12-10 17:40:43.886000+00:00: kept=1
  birth_state=(x=82.3, vx=0.00, y=48.3, vy=0.00)
TRACK_LIFECYCLE mode=map_leaf miss_threshold=7 terminated=[26]

Cluster rebuilds scan=276 t=2025-12-10 17:40:43.886000+00:00:
cluster=0 tracks=[16, 17, 56, 57, 58] globals=20 comb_eval=11618 comb_feas=104 disagree=0
  logW=2654.678 tids=[16, 17, 56, 57, 58]
  logW=2654.508 tids=[16, 17, 56, 57, 58]
  logW=2651.495 tids=[16, 17, 56, 57, 58]
  logW=2651.182 tids=[16, 17, 56, 57, 58]
  logW=2650.514 tids=[16, 17, 56, 57, 58]
cluster=1 tracks=[20] globals=2 comb_eval=2 comb_feas=2 disagree=1
  logW=779.511 tids=[20]
  logW=768.091 tids=[20]
cluster=2 tracks=[26] globals=1 comb_eval=1 comb_feas=1 disagree=0
  logW=957.930 tids=[26]
cluster=3 tracks=[40] globals=8 comb_eval=8 comb_feas=8 disagree=4
  logW=488.154 tids=[40]
  logW=476.312 tids=[40]
  logW=476.177 tids=[40]
  logW=475.890 tids=[40]
  logW=465.191 tids=[40]
cluster=4 tracks=[55] globals=2 comb_eval=2 comb_feas=2 disagree=0
  logW=-18.068 tids=[55]
  logW=-24.118 tids=[55]
cluster=5 tracks=[59] globals=1 comb_eval=1 comb_feas=1 disagree=0
  logW=-8.000 tids=[59]
SCAN scan=276 t=2025-12-10 17:40:43.886000+00:00 det=8 trees=9 leaves=26 clusters=6 comb_eval=11632 comb_feas=118 rebuilt_globals=34 split_clusters=0 split_ops=0 hist_relax_attempts=0 hist_relax_ok=0 hist_relax_keys=0 nscan boundary=270 in_scope=7 committed_now=7 committed_total=57 disagree=5 births cand=1 tracks_created=1 tracks_kept=1 MAP tracks=9 used=8 unused=0 hit_rate=0.57
SCAN_NSCAN_COMMITTED scan=276 t=2025-12-10 17:40:43.886000+00:00 boundary=270 16->node82938@s270, 17->node82950@s270, 20->node82963@s270, 26->node82979@s270, 40->node82993@s270, 55->node83010@s270, 56->node83011@s270
TRACK_LIFECYCLE mode=map_leaf miss_threshold=7 terminated=[20]

Cluster rebuilds scan=277 t=2025-12-10 17:40:44.086000+00:00:
cluster=0 tracks=[16, 17, 56, 57, 58] globals=20 comb_eval=703 comb_feas=55 disagree=0
  logW=2655.089 tids=[16, 17, 56, 57, 58]
  logW=2654.918 tids=[16, 17, 56, 57, 58]
  logW=2651.906 tids=[16, 17, 56, 57, 58]
  logW=2651.593 tids=[16, 17, 56, 57, 58]
  logW=2650.925 tids=[16, 17, 56, 57, 58]
cluster=1 tracks=[20] globals=1 comb_eval=1 comb_feas=1 disagree=0
  logW=777.209 tids=[20]
cluster=2 tracks=[40] globals=4 comb_eval=4 comb_feas=4 disagree=0
  logW=485.852 tids=[40]
  logW=474.009 tids=[40]
  logW=473.874 tids=[40]
  logW=462.888 tids=[40]
cluster=3 tracks=[55] globals=2 comb_eval=2 comb_feas=2 disagree=0
  logW=-20.371 tids=[55]
  logW=-26.421 tids=[55]
cluster=4 tracks=[59] globals=1 comb_eval=1 comb_feas=1 disagree=0
  logW=-10.303 tids=[59]
SCAN scan=277 t=2025-12-10 17:40:44.086000+00:00 det=1 trees=8 leaves=26 clusters=5 comb_eval=711 comb_feas=63 rebuilt_globals=28 split_clusters=0 split_ops=0 hist_relax_attempts=0 hist_relax_ok=0 hist_relax_keys=0 nscan boundary=271 in_scope=8 committed_now=8 committed_total=59 disagree=0 births cand=0 tracks_created=0 tracks_kept=0 MAP tracks=8 used=1 unused=0 hit_rate=0.48
SCAN_NSCAN_COMMITTED scan=277 t=2025-12-10 17:40:44.086000+00:00 boundary=271 16->node83014@s271, 17->node83022@s271, 20->node83034@s271, 40->node83051@s271, 55->node83059@s271, 56->node83060@s271, 57->node83061@s271, 58->node83062@s271
OVERLOAD_SPLIT scan=278 cluster=0 track_ids=[16, 17, 40, 55, 56, 57, 58] projected_before=516096 threshold=500000 split_ops=5 stop=all_components_under_threshold removed_edges=[16-55:1, 16-56:1, 40-55:1, 40-56:1, 40-58:1] subclusters=[[16, 17, 55, 56, 57, 58], [40]] projected_after=[64512, 8]

Cluster rebuilds scan=278 t=2025-12-10 17:40:44.286000+00:00:
cluster=0 tracks=[16, 17, 55, 56, 57, 58] split_from=0 globals=20 comb_eval=4991 comb_feas=66 disagree=0
  logW=2647.327 tids=[16, 17, 55, 56, 57, 58]
  logW=2647.157 tids=[16, 17, 55, 56, 57, 58]
  logW=2646.966 tids=[16, 17, 55, 56, 57, 58]
  logW=2646.796 tids=[16, 17, 55, 56, 57, 58]
  logW=2646.296 tids=[16, 17, 55, 56, 57, 58]
cluster=1 tracks=[40] split_from=0 globals=8 comb_eval=8 comb_feas=8 disagree=0
  logW=495.389 tids=[40]
  logW=483.549 tids=[40]
  logW=483.239 tids=[40]
  logW=483.153 tids=[40]
  logW=471.706 tids=[40]
cluster=2 tracks=[59] globals=2 comb_eval=2 comb_feas=2 disagree=0
  logW=-3.035 tids=[59]
  logW=-12.605 tids=[59]
SCAN scan=278 t=2025-12-10 17:40:44.286000+00:00 det=7 trees=8 leaves=52 clusters=3 comb_eval=5001 comb_feas=76 rebuilt_globals=30 split_clusters=1 split_ops=5 hist_relax_attempts=0 hist_relax_ok=0 hist_relax_keys=0 nscan boundary=272 in_scope=7 committed_now=7 committed_total=59 disagree=0 births cand=0 tracks_created=0 tracks_kept=0 MAP tracks=8 used=6 unused=1 hit_rate=0.49
SCAN_NSCAN_COMMITTED scan=278 t=2025-12-10 17:40:44.286000+00:00 boundary=272 16->node83063@s272, 17->node83069@s272, 40->node83097@s272, 55->node83105@s272, 56->node83106@s272, 57->node83107@s272, 58->node83108@s272
OVERLOAD_SPLIT scan=279 cluster=0 track_ids=[16, 17, 40, 55, 56, 57, 58] projected_before=22118400 threshold=500000 split_ops=8 stop=all_components_under_threshold removed_edges=[16-55:1, 16-56:1, 17-55:1, 40-55:2, 40-56:2, 40-58:2, 56-57:2, 57-58:2] subclusters=[[16, 17, 55, 56, 58], [40], [57]] projected_after=[345600, 16, 4]

Cluster rebuilds scan=279 t=2025-12-10 17:40:44.486000+00:00:
cluster=0 tracks=[16, 17, 55, 56, 58] split_from=0 globals=20 comb_eval=18034 comb_feas=70 disagree=0
  logW=2685.508 tids=[16, 17, 55, 56, 58]
  logW=2685.338 tids=[16, 17, 55, 56, 58]
  logW=2684.477 tids=[16, 17, 55, 56, 58]
  logW=2684.329 tids=[16, 17, 55, 56, 58]
  logW=2684.160 tids=[16, 17, 55, 56, 58]
cluster=1 tracks=[40] split_from=0 globals=16 comb_eval=16 comb_feas=16 disagree=0
  logW=505.002 tids=[40]
  logW=493.087 tids=[40]
  logW=492.909 tids=[40]
  logW=492.737 tids=[40]
  logW=492.713 tids=[40]
cluster=2 tracks=[57] split_from=0 globals=4 comb_eval=4 comb_feas=4 disagree=0
  logW=-22.159 tids=[57]
  logW=-23.058 tids=[57]
  logW=-24.893 tids=[57]
  logW=-28.723 tids=[57]
cluster=3 tracks=[59] globals=4 comb_eval=4 comb_feas=4 disagree=0
  logW=4.839 tids=[59]
  logW=-5.338 tids=[59]
  logW=-5.446 tids=[59]
  logW=-14.908 tids=[59]
SCAN scan=279 t=2025-12-10 17:40:44.486000+00:00 det=6 trees=8 leaves=99 clusters=4 comb_eval=18058 comb_feas=94 rebuilt_globals=44 split_clusters=1 split_ops=8 hist_relax_attempts=0 hist_relax_ok=0 hist_relax_keys=0 nscan boundary=273 in_scope=7 committed_now=7 committed_total=59 disagree=0 births cand=0 tracks_created=0 tracks_kept=0 MAP tracks=8 used=5 unused=1 hit_rate=0.52
SCAN_NSCAN_COMMITTED scan=279 t=2025-12-10 17:40:44.486000+00:00 boundary=273 16->node83109@s273, 17->node83115@s273, 40->node83152@s273, 55->node83156@s273, 56->node83157@s273, 57->node83158@s273, 58->node83160@s273
OVERLOAD_SPLIT scan=280 cluster=0 track_ids=[16, 17, 40, 55, 56, 57, 58] projected_before=94617600 threshold=500000 split_ops=11 stop=all_components_under_threshold removed_edges=[16-55:1, 16-56:1, 17-57:1, 55-57:1, 17-55:2, 40-55:2, 40-56:2, 40-58:2, 16-58:3, 56-57:3, 57-58:3] subclusters=[[16], [17, 55, 56, 58], [40], [57]] projected_after=[4, 295680, 16, 5]

Cluster rebuilds scan=280 t=2025-12-10 17:40:44.686000+00:00:
cluster=0 tracks=[16] split_from=0 globals=4 comb_eval=4 comb_feas=4 disagree=0
  logW=1293.052 tids=[16]
  logW=1290.541 tids=[16]
  logW=1281.517 tids=[16]
  logW=1281.203 tids=[16]
cluster=1 tracks=[17, 55, 56, 58] split_from=0 globals=20 comb_eval=45910 comb_feas=119 disagree=0
  logW=1392.698 tids=[17, 55, 56, 58]
  logW=1392.528 tids=[17, 55, 56, 58]
  logW=1391.667 tids=[17, 55, 56, 58]
  logW=1391.519 tids=[17, 55, 56, 58]
  logW=1391.350 tids=[17, 55, 56, 58]
cluster=2 tracks=[40] split_from=0 globals=16 comb_eval=16 comb_feas=16 disagree=0
  logW=502.699 tids=[40]
  logW=490.784 tids=[40]
  logW=490.606 tids=[40]
  logW=490.434 tids=[40]
  logW=490.410 tids=[40]
cluster=3 tracks=[57] split_from=0 globals=5 comb_eval=5 comb_feas=5 disagree=0
  logW=-24.461 tids=[57]
  logW=-25.360 tids=[57]
  logW=-27.196 tids=[57]
  logW=-27.337 tids=[57]
  logW=-31.026 tids=[57]
cluster=4 tracks=[59] globals=8 comb_eval=8 comb_feas=8 disagree=0
  logW=12.027 tids=[59]
  logW=3.245 tids=[59]
  logW=2.536 tids=[59]
  logW=0.301 tids=[59]
  logW=-7.641 tids=[59]
SCAN scan=280 t=2025-12-10 17:40:44.686000+00:00 det=2 trees=8 leaves=132 clusters=5 comb_eval=45943 comb_feas=152 rebuilt_globals=53 split_clusters=1 split_ops=11 hist_relax_attempts=0 hist_relax_ok=0 hist_relax_keys=0 nscan boundary=274 in_scope=7 committed_now=7 committed_total=59 disagree=0 births cand=0 tracks_created=0 tracks_kept=0 MAP tracks=8 used=2 unused=0 hit_rate=0.51
SCAN_NSCAN_COMMITTED scan=280 t=2025-12-10 17:40:44.686000+00:00 boundary=274 16->node83161@s274, 17->node83165@s274, 40->node83191@s274, 55->node83193@s274, 56->node83194@s274, 57->node83195@s274, 58->node83199@s274
OVERLOAD_SPLIT scan=281 cluster=0 track_ids=[16, 17, 40, 55, 56, 57, 58] projected_before=4421910528 threshold=500000 split_ops=14 stop=all_components_under_threshold removed_edges=[16-57:1, 16-55:2, 16-56:2, 17-57:2, 17-55:3, 40-55:3, 40-56:3, 40-58:3, 16-58:4, 55-57:4, 17-56:5, 56-57:6, 57-58:6, 17-58:7] subclusters=[[16], [17], [40], [55, 56, 58], [57]] projected_after=[8, 64, 32, 29988, 9]

Cluster rebuilds scan=281 t=2025-12-10 17:40:44.886000+00:00:
cluster=0 tracks=[16] split_from=0 globals=8 comb_eval=8 comb_feas=8 disagree=0
  logW=1302.157 tids=[16]
  logW=1299.187 tids=[16]
  logW=1290.750 tids=[16]
  logW=1290.271 tids=[16]
  logW=1288.238 tids=[16]
cluster=1 tracks=[17] split_from=0 globals=20 comb_eval=21 comb_feas=20 disagree=4
  logW=1462.287 tids=[17]
  logW=1450.414 tids=[17]
  logW=1450.405 tids=[17]
  logW=1450.289 tids=[17]
  logW=1450.255 tids=[17]
cluster=2 tracks=[40] split_from=0 globals=20 comb_eval=21 comb_feas=20 disagree=7
  logW=511.875 tids=[40]
  logW=500.396 tids=[40]
  logW=499.959 tids=[40]
  logW=499.608 tids=[40]
  logW=499.576 tids=[40]
cluster=3 tracks=[55, 56, 58] split_from=0 globals=20 comb_eval=11166 comb_feas=89 disagree=0
  logW=-30.180 tids=[55, 56, 58]
  logW=-34.277 tids=[55, 56, 58]
  logW=-34.447 tids=[55, 56, 58]
  logW=-35.032 tids=[55, 56, 58]
  logW=-35.217 tids=[55, 56, 58]
cluster=4 tracks=[57] split_from=0 globals=9 comb_eval=9 comb_feas=9 disagree=0
  logW=-21.132 tids=[57]
  logW=-26.764 tids=[57]
  logW=-27.663 tids=[57]
  logW=-27.748 tids=[57]
  logW=-29.208 tids=[57]
cluster=5 tracks=[59] globals=8 comb_eval=8 comb_feas=8 disagree=0
  logW=9.724 tids=[59]
  logW=0.943 tids=[59]
  logW=0.234 tids=[59]
  logW=-2.002 tids=[59]
  logW=-9.943 tids=[59]
SCAN scan=281 t=2025-12-10 17:40:44.886000+00:00 det=5 trees=8 leaves=185 clusters=6 comb_eval=11233 comb_feas=154 rebuilt_globals=85 split_clusters=1 split_ops=14 hist_relax_attempts=0 hist_relax_ok=0 hist_relax_keys=0 nscan boundary=275 in_scope=7 committed_now=7 committed_total=59 disagree=11 births cand=0 tracks_created=0 tracks_kept=0 MAP tracks=8 used=3 unused=2 hit_rate=0.54
SCAN_NSCAN_COMMITTED scan=281 t=2025-12-10 17:40:44.886000+00:00 boundary=275 16->node83200@s275, 17->node83202@s275, 40->node83235@s275, 55->node83239@s275, 56->node83241@s275, 57->node83242@s275, 58->node83249@s275
OVERLOAD_SPLIT scan=282 cluster=0 track_ids=[16, 17, 40, 55, 56, 57, 58] projected_before=8042496000 threshold=500000 split_ops=14 stop=all_components_under_threshold removed_edges=[16-57:1, 16-55:2, 16-56:2, 17-57:3, 40-55:3, 40-56:3, 40-58:3, 16-58:4, 17-55:4, 55-57:5, 17-56:6, 17-58:7, 56-57:7, 57-58:7] subclusters=[[16], [17], [40], [55, 56, 58], [57]] projected_after=[8, 96, 16, 59500, 11]

Cluster rebuilds scan=282 t=2025-12-10 17:40:45.086000+00:00:
cluster=0 tracks=[16] split_from=0 globals=8 comb_eval=8 comb_feas=8 disagree=4
  logW=1299.854 tids=[16]
  logW=1296.885 tids=[16]
  logW=1288.447 tids=[16]
  logW=1287.969 tids=[16]
  logW=1285.936 tids=[16]
cluster=1 tracks=[17] split_from=0 globals=20 comb_eval=21 comb_feas=20 disagree=2
  logW=1471.901 tids=[17]
  logW=1460.063 tids=[17]
  logW=1460.035 tids=[17]
  logW=1459.985 tids=[17]
  logW=1459.756 tids=[17]
cluster=2 tracks=[40] split_from=0 globals=16 comb_eval=16 comb_feas=16 disagree=8
  logW=509.573 tids=[40]
  logW=498.094 tids=[40]
  logW=497.656 tids=[40]
  logW=497.306 tids=[40]
  logW=497.244 tids=[40]
cluster=3 tracks=[55, 56, 58] split_from=0 globals=20 comb_eval=26635 comb_feas=108 disagree=5
  logW=-26.465 tids=[55, 56, 58]
  logW=-30.562 tids=[55, 56, 58]
  logW=-30.731 tids=[55, 56, 58]
  logW=-31.502 tids=[55, 56, 58]
  logW=-31.592 tids=[55, 56, 58]
cluster=4 tracks=[57] split_from=0 globals=11 comb_eval=11 comb_feas=11 disagree=2
  logW=-21.185 tids=[57]
  logW=-23.435 tids=[57]
  logW=-29.066 tids=[57]
  logW=-29.965 tids=[57]
  logW=-30.051 tids=[57]
cluster=5 tracks=[59] globals=12 comb_eval=12 comb_feas=12 disagree=0
  logW=8.145 tids=[59]
  logW=7.421 tids=[59]
  logW=-1.360 tids=[59]
  logW=-1.674 tids=[59]
  logW=-2.069 tids=[59]
SCAN scan=282 t=2025-12-10 17:40:45.086000+00:00 det=2 trees=8 leaves=214 clusters=6 comb_eval=26703 comb_feas=175 rebuilt_globals=87 split_clusters=1 split_ops=14 hist_relax_attempts=0 hist_relax_ok=0 hist_relax_keys=0 nscan boundary=276 in_scope=7 committed_now=7 committed_total=59 disagree=21 births cand=0 tracks_created=0 tracks_kept=0 MAP tracks=8 used=2 unused=0 hit_rate=0.52
SCAN_NSCAN_COMMITTED scan=282 t=2025-12-10 17:40:45.086000+00:00 boundary=276 16->node83250@s276, 17->node83256@s276, 40->node83283@s276, 55->node83292@s276, 56->node83297@s276, 57->node83300@s276, 58->node83314@s276

INTERNAL_BIRTH_GUARDRAIL t=2025-12-10 17:40:45.286000+00:00 reason=active leaf count above cap (328>200) residual=1
OVERLOAD_SPLIT scan=283 cluster=0 track_ids=[16, 17, 40, 55, 56, 57, 58] projected_before=4095410176 threshold=500000 split_ops=14 stop=all_components_under_threshold removed_edges=[16-57:1, 16-55:2, 16-56:2, 16-58:2, 40-55:3, 40-56:3, 40-58:3, 17-57:4, 17-55:5, 55-57:6, 17-56:7, 17-58:7, 56-57:7, 57-58:7] subclusters=[[16], [17], [40], [55, 56, 58], [57]] projected_after=[4, 128, 8, 90896, 11]

Cluster rebuilds scan=283 t=2025-12-10 17:40:45.286000+00:00:
cluster=0 tracks=[16] split_from=0 globals=4 comb_eval=4 comb_feas=4 disagree=0
  logW=1297.552 tids=[16]
  logW=1286.144 tids=[16]
  logW=1285.666 tids=[16]
  logW=1274.609 tids=[16]
cluster=1 tracks=[17] split_from=0 globals=20 comb_eval=21 comb_feas=20 disagree=3
  logW=1481.741 tids=[17]
  logW=1469.865 tids=[17]
  logW=1469.846 tids=[17]
  logW=1469.626 tids=[17]
  logW=1469.599 tids=[17]
cluster=2 tracks=[40] split_from=0 globals=8 comb_eval=8 comb_feas=8 disagree=0
  logW=507.270 tids=[40]
  logW=495.791 tids=[40]
  logW=495.354 tids=[40]
  logW=494.941 tids=[40]
  logW=483.876 tids=[40]
cluster=3 tracks=[55, 56, 58] split_from=0 globals=20 comb_eval=43641 comb_feas=130 disagree=1
  logW=-23.559 tids=[55, 56, 58]
  logW=-27.656 tids=[55, 56, 58]
  logW=-27.826 tids=[55, 56, 58]
  logW=-28.597 tids=[55, 56, 58]
  logW=-29.120 tids=[55, 56, 58]
cluster=4 tracks=[57] split_from=0 globals=11 comb_eval=11 comb_feas=11 disagree=0
  logW=-23.487 tids=[57]
  logW=-24.674 tids=[57]
  logW=-25.737 tids=[57]
  logW=-31.369 tids=[57]
  logW=-32.353 tids=[57]
cluster=5 tracks=[59] globals=12 comb_eval=12 comb_feas=12 disagree=0
  logW=5.843 tids=[59]
  logW=5.119 tids=[59]
  logW=-3.663 tids=[59]
  logW=-3.976 tids=[59]
  logW=-4.371 tids=[59]
SCAN scan=283 t=2025-12-10 17:40:45.286000+00:00 det=2 trees=8 leaves=188 clusters=6 comb_eval=43697 comb_feas=185 rebuilt_globals=75 split_clusters=1 split_ops=14 hist_relax_attempts=0 hist_relax_ok=0 hist_relax_keys=0 nscan boundary=277 in_scope=8 committed_now=8 committed_total=60 disagree=4 births cand=1 tracks_created=0 tracks_kept=0 MAP tracks=8 used=1 unused=1 hit_rate=0.51
SCAN_NSCAN_COMMITTED scan=283 t=2025-12-10 17:40:45.286000+00:00 boundary=277 16->node83316@s277, 17->node83318@s277, 40->node83327@s277, 55->node83332@s277, 56->node83335@s277, 57->node83338@s277, 58->node83346@s277, 59->node83348@s277
OVERLOAD_SPLIT scan=284 cluster=0 track_ids=[16, 17, 40, 55, 56, 57, 58] projected_before=3045785600 threshold=500000 split_ops=12 stop=all_components_under_threshold removed_edges=[16-57:1, 16-55:2, 16-56:2, 40-55:3, 40-56:3, 17-57:5, 57-58:5, 17-55:6, 55-58:6, 17-56:7, 55-57:7, 56-58:7] subclusters=[[16], [17, 58], [40], [55, 56, 57]] projected_after=[4, 7040, 8, 13520]
HIST_RELAX scan=284 cluster=1 track_ids=[17, 58] relaxed_keys=1 relaxed_sample=[(277, 0)] feasible_before=0 feasible_after=66 status=enabled
TRACK_LIFECYCLE mode=map_leaf miss_threshold=7 terminated=[58]

Cluster rebuilds scan=284 t=2025-12-10 17:40:45.486000+00:00:
cluster=0 tracks=[16] split_from=0 globals=4 comb_eval=4 comb_feas=4 disagree=2
  logW=1295.249 tids=[16]
  logW=1283.842 tids=[16]
  logW=1283.363 tids=[16]
  logW=1272.307 tids=[16]
cluster=1 tracks=[17, 58] split_from=0 globals=20 comb_eval=14190 comb_feas=66 disagree=9
  logW=1458.483 tids=[17, 58]
  logW=1457.178 tids=[17, 58]
  logW=1456.763 tids=[17, 58]
  logW=1456.582 tids=[17, 58]
  logW=1453.415 tids=[17, 58]
cluster=2 tracks=[40] split_from=0 globals=8 comb_eval=8 comb_feas=8 disagree=4
  logW=504.967 tids=[40]
  logW=493.489 tids=[40]
  logW=493.051 tids=[40]
  logW=492.639 tids=[40]
  logW=481.574 tids=[40]
cluster=3 tracks=[55, 56, 57] split_from=0 globals=20 comb_eval=5311 comb_feas=96 disagree=13
  logW=-68.381 tids=[55, 56, 57]
  logW=-69.187 tids=[55, 56, 57]
  logW=-70.172 tids=[55, 56, 57]
  logW=-71.714 tids=[55, 56, 57]
  logW=-71.768 tids=[55, 56, 57]
cluster=4 tracks=[59] globals=13 comb_eval=13 comb_feas=13 disagree=7
  logW=3.540 tids=[59]
  logW=2.816 tids=[59]
  logW=-5.965 tids=[59]
  logW=-6.279 tids=[59]
  logW=-6.674 tids=[59]
SCAN scan=284 t=2025-12-10 17:40:45.486000+00:00 det=2 trees=7 leaves=124 clusters=5 comb_eval=19526 comb_feas=187 rebuilt_globals=65 split_clusters=1 split_ops=12 hist_relax_attempts=1 hist_relax_ok=1 hist_relax_keys=1 nscan boundary=278 in_scope=8 committed_now=8 committed_total=60 disagree=35 births cand=0 tracks_created=0 tracks_kept=0 MAP tracks=7 used=1 unused=1 hit_rate=0.51
SCAN_NSCAN_COMMITTED scan=284 t=2025-12-10 17:40:45.486000+00:00 boundary=278 16->node83349@s278, 17->node83353@s278, 40->node83361@s278, 55->node83374@s278, 56->node83383@s278, 57->node83386@s278, 58->node83393@s278, 59->node83399@s278
OVERLOAD_SPLIT scan=285 cluster=0 track_ids=[16, 17, 40, 55, 56, 57] projected_before=1409024 threshold=500000 split_ops=4 stop=all_components_under_threshold removed_edges=[16-56:1, 16-57:1, 55-56:1, 40-55:2] subclusters=[[16], [17, 40, 56, 57], [55]] projected_after=[2, 352256, 2]

Cluster rebuilds scan=285 t=2025-12-10 17:40:45.686000+00:00:
cluster=0 tracks=[16] split_from=0 globals=2 comb_eval=2 comb_feas=2 disagree=0
  logW=1292.947 tids=[16]
  logW=1281.539 tids=[16]
cluster=1 tracks=[17, 40, 56, 57] split_from=0 globals=20 comb_eval=152836 comb_feas=149 disagree=16
  logW=1929.735 tids=[17, 40, 56, 57]
  logW=1929.302 tids=[17, 40, 56, 57]
  logW=1927.902 tids=[17, 40, 56, 57]
  logW=1927.887 tids=[17, 40, 56, 57]
  logW=1927.706 tids=[17, 40, 56, 57]
cluster=2 tracks=[55] split_from=0 globals=2 comb_eval=2 comb_feas=2 disagree=1
  logW=-33.664 tids=[55]
  logW=-41.499 tids=[55]
cluster=3 tracks=[59] globals=6 comb_eval=6 comb_feas=6 disagree=3
  logW=1.237 tids=[59]
  logW=0.514 tids=[59]
  logW=-8.268 tids=[59]
  logW=-8.977 tids=[59]
  logW=-11.007 tids=[59]
SCAN scan=285 t=2025-12-10 17:40:45.686000+00:00 det=1 trees=7 leaves=108 clusters=4 comb_eval=152846 comb_feas=159 rebuilt_globals=30 split_clusters=1 split_ops=4 hist_relax_attempts=0 hist_relax_ok=0 hist_relax_keys=0 nscan boundary=279 in_scope=7 committed_now=7 committed_total=60 disagree=20 births cand=0 tracks_created=0 tracks_kept=0 MAP tracks=7 used=1 unused=0 hit_rate=0.46
SCAN_NSCAN_COMMITTED scan=285 t=2025-12-10 17:40:45.686000+00:00 boundary=279 16->node83401@s279, 17->node83405@s279, 40->node83421@s279, 55->node83442@s279, 56->node83466@s279, 57->node83469@s279, 59->node83496@s279
HIST_RELAX scan=286 cluster=0 track_ids=[16, 17, 40, 55, 56] relaxed_keys=2 relaxed_sample=[(278, 5), (279, 4)] feasible_before=0 feasible_after=88 status=enabled
TRACK_LIFECYCLE mode=map_leaf miss_threshold=7 terminated=[55, 57]

Cluster rebuilds scan=286 t=2025-12-10 17:40:45.886000+00:00:
cluster=0 tracks=[16, 17, 40, 55, 56] globals=20 comb_eval=17838 comb_feas=88 disagree=2
  logW=3225.325 tids=[16, 17, 40, 55, 56]
  logW=3222.808 tids=[16, 17, 40, 55, 56]
  logW=3218.716 tids=[16, 17, 40, 55, 56]
  logW=3213.918 tids=[16, 17, 40, 55, 56]
  logW=3213.846 tids=[16, 17, 40, 55, 56]
cluster=1 tracks=[57] globals=1 comb_eval=1 comb_feas=1 disagree=0
  logW=-38.277 tids=[57]
cluster=2 tracks=[59] globals=5 comb_eval=5 comb_feas=5 disagree=3
  logW=6.203 tids=[59]
  logW=-1.065 tids=[59]
  logW=-1.789 tids=[59]
  logW=-2.749 tids=[59]
  logW=-11.279 tids=[59]
SCAN scan=286 t=2025-12-10 17:40:45.886000+00:00 det=2 trees=5 leaves=23 clusters=3 comb_eval=17844 comb_feas=94 rebuilt_globals=26 split_clusters=0 split_ops=0 hist_relax_attempts=1 hist_relax_ok=1 hist_relax_keys=2 nscan boundary=280 in_scope=7 committed_now=7 committed_total=60 disagree=5 births cand=0 tracks_created=0 tracks_kept=0 MAP tracks=5 used=2 unused=0 hit_rate=0.59
SCAN_NSCAN_COMMITTED scan=286 t=2025-12-10 17:40:45.886000+00:00 boundary=280 16->node83500@s280, 17->node83504@s280, 40->node83536@s280, 55->node83557@s280, 56->node83585@s280, 57->node83588@s280, 59->node83624@s280

Cluster rebuilds scan=287 t=2025-12-10 17:40:46.086000+00:00:
cluster=0 tracks=[16, 17, 56] globals=20 comb_eval=380 comb_feas=32 disagree=13
  logW=2766.147 tids=[16, 17, 56]
  logW=2763.630 tids=[16, 17, 56]
  logW=2759.538 tids=[16, 17, 56]
  logW=2754.740 tids=[16, 17, 56]
  logW=2754.145 tids=[16, 17, 56]
cluster=1 tracks=[40] globals=2 comb_eval=2 comb_feas=2 disagree=1
  logW=498.060 tids=[40]
  logW=486.581 tids=[40]
cluster=2 tracks=[59] globals=2 comb_eval=2 comb_feas=2 disagree=0
  logW=3.901 tids=[59]
  logW=-4.092 tids=[59]
SCAN scan=287 t=2025-12-10 17:40:46.086000+00:00 det=1 trees=5 leaves=13 clusters=3 comb_eval=384 comb_feas=36 rebuilt_globals=24 split_clusters=0 split_ops=0 hist_relax_attempts=0 hist_relax_ok=0 hist_relax_keys=0 nscan boundary=281 in_scope=5 committed_now=5 committed_total=60 disagree=14 births cand=0 tracks_created=0 tracks_kept=0 MAP tracks=5 used=1 unused=0 hit_rate=0.58
SCAN_NSCAN_COMMITTED scan=287 t=2025-12-10 17:40:46.086000+00:00 boundary=281 16->node83632@s281, 17->node83640@s281, 40->node83704@s281, 56->node83779@s281, 59->node83845@s281
TRACK_LIFECYCLE mode=map_leaf miss_threshold=7 terminated=[16, 40, 56]

Cluster rebuilds scan=288 t=2025-12-10 17:40:46.286000+00:00:
cluster=0 tracks=[16] globals=1 comb_eval=1 comb_feas=1 disagree=0
  logW=1286.039 tids=[16]
cluster=1 tracks=[17, 56] globals=20 comb_eval=34 comb_feas=21 disagree=3
  logW=1485.265 tids=[17, 56]
  logW=1479.856 tids=[17, 56]
  logW=1473.201 tids=[17, 56]
  logW=1473.190 tids=[17, 56]
  logW=1472.989 tids=[17, 56]
cluster=2 tracks=[40] globals=1 comb_eval=1 comb_feas=1 disagree=0
  logW=495.757 tids=[40]
cluster=3 tracks=[59] globals=2 comb_eval=2 comb_feas=2 disagree=0
  logW=1.598 tids=[59]
  logW=-6.394 tids=[59]
SCAN scan=288 t=2025-12-10 17:40:46.286000+00:00 det=1 trees=2 leaves=15 clusters=4 comb_eval=38 comb_feas=25 rebuilt_globals=24 split_clusters=0 split_ops=0 hist_relax_attempts=0 hist_relax_ok=0 hist_relax_keys=0 nscan boundary=282 in_scope=5 committed_now=5 committed_total=60 disagree=3 births cand=0 tracks_created=0 tracks_kept=0 MAP tracks=2 used=1 unused=0 hit_rate=0.64
SCAN_NSCAN_COMMITTED scan=288 t=2025-12-10 17:40:46.286000+00:00 boundary=282 16->node83853@s282, 17->node83861@s282, 40->node83957@s282, 56->node84024@s282, 59->node84113@s282

Cluster rebuilds scan=289 t=2025-12-10 17:40:46.486000+00:00:
cluster=0 tracks=[17] globals=20 comb_eval=21 comb_feas=20 disagree=3
  logW=1540.156 tids=[17]
  logW=1528.102 tids=[17]
  logW=1527.970 tids=[17]
  logW=1527.955 tids=[17]
  logW=1527.880 tids=[17]
cluster=1 tracks=[59] globals=2 comb_eval=2 comb_feas=2 disagree=0
  logW=-0.704 tids=[59]
  logW=-8.697 tids=[59]
SCAN scan=289 t=2025-12-10 17:40:46.486000+00:00 det=1 trees=2 leaves=19 clusters=2 comb_eval=23 comb_feas=22 rebuilt_globals=22 split_clusters=0 split_ops=0 hist_relax_attempts=0 hist_relax_ok=0 hist_relax_keys=0 nscan boundary=283 in_scope=2 committed_now=2 committed_total=60 disagree=3 births cand=0 tracks_created=0 tracks_kept=0 MAP tracks=2 used=1 unused=0 hit_rate=0.63
SCAN_NSCAN_COMMITTED scan=289 t=2025-12-10 17:40:46.486000+00:00 boundary=283 17->node84129@s283, 59->node84441@s283

Cluster rebuilds scan=290 t=2025-12-10 17:40:46.686000+00:00:
cluster=0 tracks=[17] globals=20 comb_eval=21 comb_feas=20 disagree=2
  logW=1549.933 tids=[17]
  logW=1537.854 tids=[17]
  logW=1537.757 tids=[17]
  logW=1537.750 tids=[17]
  logW=1537.646 tids=[17]
cluster=1 tracks=[59] globals=2 comb_eval=2 comb_feas=2 disagree=0
  logW=-3.007 tids=[59]
  logW=-10.999 tids=[59]
SCAN scan=290 t=2025-12-10 17:40:46.686000+00:00 det=1 trees=2 leaves=20 clusters=2 comb_eval=23 comb_feas=22 rebuilt_globals=22 split_clusters=0 split_ops=0 hist_relax_attempts=0 hist_relax_ok=0 hist_relax_keys=0 nscan boundary=284 in_scope=2 committed_now=2 committed_total=60 disagree=2 births cand=0 tracks_created=0 tracks_kept=0 MAP tracks=2 used=1 unused=0 hit_rate=0.62
SCAN_NSCAN_COMMITTED scan=290 t=2025-12-10 17:40:46.686000+00:00 boundary=284 17->node84457@s284, 59->node84727@s284

Cluster rebuilds scan=291 t=2025-12-10 17:40:46.886000+00:00:
cluster=0 tracks=[17] globals=20 comb_eval=21 comb_feas=20 disagree=3
  logW=1559.457 tids=[17]
  logW=1547.630 tids=[17]
  logW=1547.311 tids=[17]
  logW=1547.311 tids=[17]
  logW=1547.194 tids=[17]
cluster=1 tracks=[59] globals=2 comb_eval=2 comb_feas=2 disagree=0
  logW=-5.309 tids=[59]
  logW=-13.302 tids=[59]
SCAN scan=291 t=2025-12-10 17:40:46.886000+00:00 det=1 trees=2 leaves=19 clusters=2 comb_eval=23 comb_feas=22 rebuilt_globals=22 split_clusters=0 split_ops=0 hist_relax_attempts=0 hist_relax_ok=0 hist_relax_keys=0 nscan boundary=285 in_scope=2 committed_now=2 committed_total=60 disagree=3 births cand=0 tracks_created=0 tracks_kept=0 MAP tracks=2 used=1 unused=0 hit_rate=0.61
SCAN_NSCAN_COMMITTED scan=291 t=2025-12-10 17:40:46.886000+00:00 boundary=285 17->node84742@s285, 59->node84935@s285

Internal births at 2025-12-10 17:40:47.086000+00:00: kept=2
  birth_state=(x=74.1, vx=0.00, y=-31.2, vy=0.00)
  birth_state=(x=74.8, vx=0.00, y=-40.7, vy=0.00)

Cluster rebuilds scan=292 t=2025-12-10 17:40:47.086000+00:00:
cluster=0 tracks=[17] globals=20 comb_eval=21 comb_feas=20 disagree=4
  logW=1569.221 tids=[17]
  logW=1557.304 tids=[17]
  logW=1557.154 tids=[17]
  logW=1557.063 tids=[17]
  logW=1556.987 tids=[17]
cluster=1 tracks=[59] globals=2 comb_eval=2 comb_feas=2 disagree=1
  logW=-7.612 tids=[59]
  logW=-15.604 tids=[59]
cluster=2 tracks=[60] globals=1 comb_eval=1 comb_feas=1 disagree=0
  logW=-8.000 tids=[60]
cluster=3 tracks=[61] globals=1 comb_eval=1 comb_feas=1 disagree=0
  logW=-8.000 tids=[61]
SCAN scan=292 t=2025-12-10 17:40:47.086000+00:00 det=3 trees=4 leaves=19 clusters=4 comb_eval=25 comb_feas=24 rebuilt_globals=24 split_clusters=0 split_ops=0 hist_relax_attempts=0 hist_relax_ok=0 hist_relax_keys=0 nscan boundary=286 in_scope=2 committed_now=2 committed_total=60 disagree=5 births cand=2 tracks_created=2 tracks_kept=2 MAP tracks=4 used=3 unused=0 hit_rate=0.80
SCAN_NSCAN_COMMITTED scan=292 t=2025-12-10 17:40:47.086000+00:00 boundary=286 17->node84943@s286, 59->node85116@s286

Internal births at 2025-12-10 17:40:47.286000+00:00: kept=1
  birth_state=(x=83.8, vx=0.00, y=43.2, vy=0.00)
TRACK_LIFECYCLE mode=map_leaf miss_threshold=7 terminated=[59]

Cluster rebuilds scan=293 t=2025-12-10 17:40:47.286000+00:00:
cluster=0 tracks=[17] globals=20 comb_eval=21 comb_feas=20 disagree=3
  logW=1579.019 tids=[17]
  logW=1566.998 tids=[17]
  logW=1566.918 tids=[17]
  logW=1566.775 tids=[17]
  logW=1566.774 tids=[17]
cluster=1 tracks=[59] globals=1 comb_eval=1 comb_feas=1 disagree=0
  logW=-9.915 tids=[59]
cluster=2 tracks=[60] globals=1 comb_eval=1 comb_feas=1 disagree=0
  logW=-10.303 tids=[60]
cluster=3 tracks=[61] globals=2 comb_eval=2 comb_feas=2 disagree=0
  logW=0.610 tids=[61]
  logW=-10.303 tids=[61]
cluster=4 tracks=[62] globals=1 comb_eval=1 comb_feas=1 disagree=0
  logW=-8.000 tids=[62]
SCAN scan=293 t=2025-12-10 17:40:47.286000+00:00 det=3 trees=4 leaves=21 clusters=5 comb_eval=26 comb_feas=25 rebuilt_globals=25 split_clusters=0 split_ops=0 hist_relax_attempts=0 hist_relax_ok=0 hist_relax_keys=0 nscan boundary=287 in_scope=2 committed_now=2 committed_total=60 disagree=3 births cand=1 tracks_created=1 tracks_kept=1 MAP tracks=4 used=3 unused=0 hit_rate=0.85
SCAN_NSCAN_COMMITTED scan=293 t=2025-12-10 17:40:47.286000+00:00 boundary=287 17->node85123@s287, 59->node85153@s287

Cluster rebuilds scan=294 t=2025-12-10 17:40:47.486000+00:00:
cluster=0 tracks=[17] globals=20 comb_eval=21 comb_feas=20 disagree=3
  logW=1588.856 tids=[17]
  logW=1576.794 tids=[17]
  logW=1576.716 tids=[17]
  logW=1576.601 tids=[17]
  logW=1576.587 tids=[17]
cluster=1 tracks=[60] globals=1 comb_eval=1 comb_feas=1 disagree=0
  logW=-12.605 tids=[60]
cluster=2 tracks=[61] globals=4 comb_eval=4 comb_feas=4 disagree=0
  logW=9.512 tids=[61]
  logW=-1.693 tids=[61]
  logW=-2.610 tids=[61]
  logW=-12.605 tids=[61]
cluster=3 tracks=[62] globals=2 comb_eval=2 comb_feas=2 disagree=0
  logW=0.853 tids=[62]
  logW=-10.303 tids=[62]
SCAN scan=294 t=2025-12-10 17:40:47.486000+00:00 det=3 trees=4 leaves=24 clusters=4 comb_eval=28 comb_feas=27 rebuilt_globals=27 split_clusters=0 split_ops=0 hist_relax_attempts=0 hist_relax_ok=0 hist_relax_keys=0 nscan boundary=288 in_scope=1 committed_now=1 committed_total=60 disagree=3 births cand=0 tracks_created=0 tracks_kept=0 MAP tracks=4 used=3 unused=0 hit_rate=0.81
SCAN_NSCAN_COMMITTED scan=294 t=2025-12-10 17:40:47.486000+00:00 boundary=288 17->node85156@s288

Cluster rebuilds scan=295 t=2025-12-10 17:40:47.686000+00:00:
cluster=0 tracks=[17] globals=20 comb_eval=21 comb_feas=20 disagree=4
  logW=1598.563 tids=[17]
  logW=1586.554 tids=[17]
  logW=1586.531 tids=[17]
  logW=1586.300 tids=[17]
  logW=1586.270 tids=[17]
cluster=1 tracks=[60, 61] globals=20 comb_eval=27 comb_feas=20 disagree=0
  logW=12.453 tids=[60, 61]
  logW=2.902 tids=[60, 61]
  logW=1.852 tids=[60, 61]
  logW=0.965 tids=[60, 61]
  logW=0.394 tids=[60, 61]
cluster=2 tracks=[62] globals=4 comb_eval=4 comb_feas=4 disagree=0
  logW=9.459 tids=[62]
  logW=-1.450 tids=[62]
  logW=-2.568 tids=[62]
  logW=-12.605 tids=[62]
SCAN scan=295 t=2025-12-10 17:40:47.686000+00:00 det=4 trees=4 leaves=31 clusters=3 comb_eval=52 comb_feas=44 rebuilt_globals=44 split_clusters=0 split_ops=0 hist_relax_attempts=0 hist_relax_ok=0 hist_relax_keys=0 nscan boundary=289 in_scope=1 committed_now=1 committed_total=60 disagree=4 births cand=0 tracks_created=0 tracks_kept=0 MAP tracks=4 used=4 unused=0 hit_rate=0.85
SCAN_NSCAN_COMMITTED scan=295 t=2025-12-10 17:40:47.686000+00:00 boundary=289 17->node85177@s289

Cluster rebuilds scan=296 t=2025-12-10 17:40:47.886000+00:00:
cluster=0 tracks=[17] globals=20 comb_eval=21 comb_feas=20 disagree=2
  logW=1608.395 tids=[17]
  logW=1596.347 tids=[17]
  logW=1596.261 tids=[17]
  logW=1596.218 tids=[17]
  logW=1596.018 tids=[17]
cluster=1 tracks=[60, 61] globals=20 comb_eval=108 comb_feas=30 disagree=0
  logW=29.104 tids=[60, 61]
  logW=18.954 tids=[60, 61]
  logW=18.332 tids=[60, 61]
  logW=18.234 tids=[60, 61]
  logW=17.997 tids=[60, 61]
cluster=2 tracks=[62] globals=8 comb_eval=8 comb_feas=8 disagree=0
  logW=18.606 tids=[62]
  logW=7.156 tids=[62]
  logW=6.610 tids=[62]
  logW=6.499 tids=[62]
  logW=-3.752 tids=[62]
SCAN scan=296 t=2025-12-10 17:40:47.886000+00:00 det=4 trees=4 leaves=39 clusters=3 comb_eval=137 comb_feas=58 rebuilt_globals=48 split_clusters=0 split_ops=0 hist_relax_attempts=0 hist_relax_ok=0 hist_relax_keys=0 nscan boundary=290 in_scope=1 committed_now=1 committed_total=60 disagree=2 births cand=0 tracks_created=0 tracks_kept=0 MAP tracks=4 used=4 unused=0 hit_rate=0.88
SCAN_NSCAN_COMMITTED scan=296 t=2025-12-10 17:40:47.886000+00:00 boundary=290 17->node85205@s290

Internal births at 2025-12-10 17:40:48.086000+00:00: kept=1
  birth_state=(x=98.7, vx=0.00, y=-26.3, vy=0.00)

Cluster rebuilds scan=297 t=2025-12-10 17:40:48.086000+00:00:
cluster=0 tracks=[17] globals=20 comb_eval=21 comb_feas=20 disagree=7
  logW=1618.196 tids=[17]
  logW=1606.136 tids=[17]
  logW=1606.092 tids=[17]
  logW=1605.964 tids=[17]
  logW=1605.895 tids=[17]
cluster=1 tracks=[60, 61] globals=20 comb_eval=95 comb_feas=31 disagree=0
  logW=36.319 tids=[60, 61]
  logW=26.169 tids=[60, 61]
  logW=25.449 tids=[60, 61]
  logW=25.120 tids=[60, 61]
  logW=24.523 tids=[60, 61]
cluster=2 tracks=[62] globals=8 comb_eval=8 comb_feas=8 disagree=0
  logW=16.304 tids=[62]
  logW=4.854 tids=[62]
  logW=4.307 tids=[62]
  logW=4.197 tids=[62]
  logW=-6.055 tids=[62]
cluster=3 tracks=[63] globals=1 comb_eval=1 comb_feas=1 disagree=0
  logW=-8.000 tids=[63]
SCAN scan=297 t=2025-12-10 17:40:48.086000+00:00 det=3 trees=5 leaves=34 clusters=4 comb_eval=125 comb_feas=60 rebuilt_globals=49 split_clusters=0 split_ops=0 hist_relax_attempts=0 hist_relax_ok=0 hist_relax_keys=0 nscan boundary=291 in_scope=1 committed_now=1 committed_total=60 disagree=7 births cand=1 tracks_created=1 tracks_kept=1 MAP tracks=5 used=3 unused=0 hit_rate=0.84
SCAN_NSCAN_COMMITTED scan=297 t=2025-12-10 17:40:48.086000+00:00 boundary=291 17->node85241@s291

Internal births at 2025-12-10 17:40:48.286000+00:00: kept=1
  birth_state=(x=16.1, vx=0.00, y=-23.1, vy=0.00)

Cluster rebuilds scan=298 t=2025-12-10 17:40:48.286000+00:00:
cluster=0 tracks=[17] globals=20 comb_eval=21 comb_feas=20 disagree=3
  logW=1627.811 tids=[17]
  logW=1615.893 tids=[17]
  logW=1615.640 tids=[17]
  logW=1615.483 tids=[17]
  logW=1615.447 tids=[17]
cluster=1 tracks=[60, 61] globals=20 comb_eval=73 comb_feas=28 disagree=0
  logW=51.091 tids=[60, 61]
  logW=42.631 tids=[60, 61]
  logW=40.757 tids=[60, 61]
  logW=40.387 tids=[60, 61]
  logW=40.174 tids=[60, 61]
cluster=2 tracks=[62] globals=16 comb_eval=16 comb_feas=16 disagree=0
  logW=25.152 tids=[62]
  logW=14.001 tids=[62]
  logW=13.031 tids=[62]
  logW=12.989 tids=[62]
  logW=12.938 tids=[62]
cluster=3 tracks=[63] globals=2 comb_eval=2 comb_feas=2 disagree=0
  logW=0.298 tids=[63]
  logW=-10.303 tids=[63]
cluster=4 tracks=[64] globals=1 comb_eval=1 comb_feas=1 disagree=0
  logW=-8.000 tids=[64]
SCAN scan=298 t=2025-12-10 17:40:48.286000+00:00 det=6 trees=6 leaves=53 clusters=5 comb_eval=113 comb_feas=67 rebuilt_globals=59 split_clusters=0 split_ops=0 hist_relax_attempts=0 hist_relax_ok=0 hist_relax_keys=0 nscan boundary=292 in_scope=1 committed_now=1 committed_total=60 disagree=3 births cand=1 tracks_created=1 tracks_kept=1 MAP tracks=6 used=6 unused=0 hit_rate=0.88
SCAN_NSCAN_COMMITTED scan=298 t=2025-12-10 17:40:48.286000+00:00 boundary=292 17->node85279@s292

Cluster rebuilds scan=299 t=2025-12-10 17:40:48.486000+00:00:
cluster=0 tracks=[17] globals=20 comb_eval=21 comb_feas=20 disagree=3
  logW=1637.623 tids=[17]
  logW=1625.566 tids=[17]
  logW=1625.508 tids=[17]
  logW=1625.335 tids=[17]
  logW=1625.282 tids=[17]
cluster=1 tracks=[60] globals=4 comb_eval=4 comb_feas=4 disagree=0
  logW=6.500 tids=[60]
  logW=-3.835 tids=[60]
  logW=-4.418 tids=[60]
  logW=-5.268 tids=[60]
cluster=2 tracks=[61] globals=13 comb_eval=13 comb_feas=13 disagree=2
  logW=39.986 tids=[61]
  logW=31.526 tids=[61]
  logW=29.282 tids=[61]
  logW=28.727 tids=[61]
  logW=28.054 tids=[61]
cluster=3 tracks=[62] globals=20 comb_eval=21 comb_feas=20 disagree=0
  logW=22.849 tids=[62]
  logW=20.866 tids=[62]
  logW=11.699 tids=[62]
  logW=10.729 tids=[62]
  logW=10.686 tids=[62]
cluster=4 tracks=[63] globals=2 comb_eval=2 comb_feas=2 disagree=0
  logW=-2.005 tids=[63]
  logW=-12.605 tids=[63]
cluster=5 tracks=[64] globals=1 comb_eval=1 comb_feas=1 disagree=0
  logW=-10.303 tids=[64]
SCAN scan=299 t=2025-12-10 17:40:48.486000+00:00 det=2 trees=6 leaves=55 clusters=6 comb_eval=62 comb_feas=60 rebuilt_globals=60 split_clusters=0 split_ops=0 hist_relax_attempts=0 hist_relax_ok=0 hist_relax_keys=0 nscan boundary=293 in_scope=3 committed_now=3 committed_total=62 disagree=5 births cand=0 tracks_created=0 tracks_kept=0 MAP tracks=6 used=1 unused=1 hit_rate=0.69
SCAN_NSCAN_COMMITTED scan=299 t=2025-12-10 17:40:48.486000+00:00 boundary=293 17->node85317@s293, 60->node85350@s293, 61->node85351@s293

Cluster rebuilds scan=300 t=2025-12-10 17:40:48.686000+00:00:
cluster=0 tracks=[17] globals=20 comb_eval=21 comb_feas=20 disagree=3
  logW=1647.325 tids=[17]
  logW=1635.321 tids=[17]
  logW=1635.234 tids=[17]
  logW=1635.057 tids=[17]
  logW=1634.996 tids=[17]
cluster=1 tracks=[60] globals=4 comb_eval=4 comb_feas=4 disagree=0
  logW=4.197 tids=[60]
  logW=-6.137 tids=[60]
  logW=-6.720 tids=[60]
  logW=-7.570 tids=[60]
cluster=2 tracks=[61] globals=11 comb_eval=11 comb_feas=11 disagree=2
  logW=37.684 tids=[61]
  logW=29.223 tids=[61]
  logW=26.979 tids=[61]
  logW=26.424 tids=[61]
  logW=25.751 tids=[61]
cluster=3 tracks=[62] globals=20 comb_eval=20 comb_feas=20 disagree=8
  logW=20.546 tids=[62]
  logW=18.564 tids=[62]
  logW=9.396 tids=[62]
  logW=8.426 tids=[62]
  logW=8.384 tids=[62]
cluster=4 tracks=[63] globals=2 comb_eval=2 comb_feas=2 disagree=0
  logW=-4.308 tids=[63]
  logW=-14.908 tids=[63]
cluster=5 tracks=[64] globals=1 comb_eval=1 comb_feas=1 disagree=0
  logW=-12.605 tids=[64]
SCAN scan=300 t=2025-12-10 17:40:48.686000+00:00 det=1 trees=6 leaves=45 clusters=6 comb_eval=59 comb_feas=58 rebuilt_globals=58 split_clusters=0 split_ops=0 hist_relax_attempts=0 hist_relax_ok=0 hist_relax_keys=0 nscan boundary=294 in_scope=4 committed_now=4 committed_total=63 disagree=13 births cand=0 tracks_created=0 tracks_kept=0 MAP tracks=6 used=1 unused=0 hit_rate=0.60
SCAN_NSCAN_COMMITTED scan=300 t=2025-12-10 17:40:48.686000+00:00 boundary=294 17->node85354@s294, 60->node85388@s294, 61->node85389@s294, 62->node85393@s294

Cluster rebuilds scan=301 t=2025-12-10 17:40:48.886000+00:00:
cluster=0 tracks=[17] globals=20 comb_eval=21 comb_feas=20 disagree=4
  logW=1657.074 tids=[17]
  logW=1645.023 tids=[17]
  logW=1644.950 tids=[17]
  logW=1644.873 tids=[17]
  logW=1644.737 tids=[17]
cluster=1 tracks=[60] globals=4 comb_eval=4 comb_feas=4 disagree=1
  logW=1.895 tids=[60]
  logW=-8.440 tids=[60]
  logW=-9.023 tids=[60]
  logW=-9.873 tids=[60]
cluster=2 tracks=[61] globals=9 comb_eval=9 comb_feas=9 disagree=2
  logW=35.381 tids=[61]
  logW=26.921 tids=[61]
  logW=24.677 tids=[61]
  logW=24.121 tids=[61]
  logW=23.448 tids=[61]
cluster=3 tracks=[62] globals=20 comb_eval=20 comb_feas=20 disagree=10
  logW=29.488 tids=[62]
  logW=18.244 tids=[62]
  logW=17.367 tids=[62]
  logW=17.275 tids=[62]
  logW=17.207 tids=[62]
cluster=4 tracks=[63] globals=2 comb_eval=2 comb_feas=2 disagree=0
  logW=-6.610 tids=[63]
  logW=-17.210 tids=[63]
cluster=5 tracks=[64] globals=1 comb_eval=1 comb_feas=1 disagree=0
  logW=-14.908 tids=[64]
SCAN scan=301 t=2025-12-10 17:40:48.886000+00:00 det=2 trees=6 leaves=39 clusters=6 comb_eval=57 comb_feas=56 rebuilt_globals=56 split_clusters=0 split_ops=0 hist_relax_attempts=0 hist_relax_ok=0 hist_relax_keys=0 nscan boundary=295 in_scope=4 committed_now=4 committed_total=63 disagree=17 births cand=0 tracks_created=0 tracks_kept=0 MAP tracks=6 used=2 unused=0 hit_rate=0.55
SCAN_NSCAN_COMMITTED scan=301 t=2025-12-10 17:40:48.886000+00:00 boundary=295 17->node85395@s295, 60->node85429@s295, 61->node85432@s295, 62->node85440@s295

Complete: 1 succeeded, 0 failed
